date,shape,latitude,longitude
1906-11,,48.208174,16.373819
1910-01,disk,40.1947222,-92.5830556
1910-05,,44.9494444,-69.8588889
1916-04,cigar,46.227638,2.213749
1920-06,,40.1238889,-86.0133333
1929-07,disk,43.6425000,-118.6275000
1930-06,triangle,42.509167,-76.393804
1930-06,,40.0277778,-74.8694444
1933-04,light,40.759941,-73.849168
1934-09,disk,46.9233333,-98.0027778
1935-06,circle,40.625401,-121.047641
1936-09,rectangle,52.25,-81.616667
1936-10,cigar,61.4580556,-149.3622222
1937-06,cylinder,45.1825000,-122.8066667
1939-06,fireball,34.9180556,-88.0641667
1939-06,sphere,34.5227778,-82.4944444
1939-07,oval,40.3972222,-91.3847222
1943-04,,59.670367,-139.859082
1944-04,disk,48.459263,-123.376722
1945-07,sphere,32.7833333,-96.8000000
1946-06,fireball,47.8208333,-121.5538889
1946-09,flash,32.7552778,-114.3613889
1947-04,triangle,32.715738,-117.161084
1947-06,,47.2530556,-122.4430556
1947-06,,32.6152778,-93.2866667
1947-06,circle,35.9911111,-106.0800000
1947-07,circle,37.9358333,-122.3466667
1947-07,disk,36.1750000,-115.1363889
1947-07,disk,42.5963889,-114.1352778
1947-07,formation,47.5225000,-120.4686111
1947-07,chevron,37.3394444,-121.8938889
1947-08,cigar,35.9661111,-94.7772222
1947-08,,44.7955556,-88.2702778
1947-12,cigar,42.4394444,-83.7438889
1948-04,disk,38.9780556,-122.8383333
1948-06,rectangle,47.006174,-65.42088
1948-06,,38.657569,-81.835344
1948-06,oval,39.2902778,-76.6125000
1949-04,disk,47.6063889,-122.3308333
1949-06,disk,61.2180556,-149.9002778
1949-08,disk,47.1700000,-122.6013889
1949-09,disk,33.1908333,-101.3777778
1949-10,cylinder,29.8830556,-97.9411111
1949-10,light,29.38421,-98.581082
1950-04,disk,35.20105,-91.831833
1950-04,disk,38.068469,-78.889468
1950-06,disk,45.9697222,-89.8919444
1950-06,disk,39.0997222,-94.5783333
1950-06,disk,34.6580556,-88.5666667
1950-06,,34.1733333,-90.1375000
1950-06,oval,40.4405556,-79.9961111
1950-07,formation,34.597241,-119.510771
1950-08,disk,45.7805556,-119.2161111
1950-10,disk,37.4791667,-82.5188889
1951-01,cigar,33.8302778,-116.5444444
1951-03,cigar,46.25,-81.766667
1951-08,circle,34.259648,-118.308275
1951-10,disk,30.3319444,-81.6558333
1951-11,circle,32.8525,-106.106389
1951-12,cigar,53.1,-2.433333
1952-01,,40.7608333,-111.8902778
1952-05,disk,47.3858333,-122.8263889
1952-06,circle,41.8500000,-87.6500000
1952-06,disk,41.1400000,-104.8197222
1952-06,disk,39.6333333,-105.3166667
1952-06,disk,48.466667,-81.333333
1952-06,,42.7325000,-84.5555556
1952-06,light,25.7738889,-80.1938889
1952-06,fireball,36.884735,-76.299024
1952-07,disk,33.7800000,-118.2616667
1952-07,,38.907231,-77.036464
1952-07,,46.6300000,-95.0886111
1952-10,disk,39.0997222,-94.5783333
1953-01,cigar,33.660135,-97.715556
1953-04,chevron,42.7761111,-71.0777778
1953-06,disk,49.25,-123.133333
1953-06,oval,46.1469444,-122.9072222
1953-07,cylinder,36.1658333,-86.7844444
1953-07,light,38.907231,-77.036464
1953-07,cone,39.8122222,-85.2088889
1953-10,oval,29.9544444,-90.0750000
1953-11,disk,31.968599,-99.901813
1954-06,circle,38.738308,-93.573028
1954-06,disk,33.7488889,-84.3880556
1954-06,disk,29.7630556,-95.3630556
1954-06,disk,29.6007,-95.176952
1954-06,,44.916862,-68.845746
1954-06,light,37.9158333,-122.3105556
1954-06,fireball,52.355518,-1.17432
1954-07,changing,40.946146,-87.453363
1954-08,,47.916667,-74.616667
1954-08,triangle,41.4941667,-87.5216667
1954-09,disk,30.0858333,-94.1016667
1954-10,circle,44.2444444,-86.3241667
1954-10,circle,38.7230556,-80.6500000
1955-02,fireball,51.8,-.2
1955-05,egg,42.1550000,-71.0091667
1955-06,circle,39.4666667,-87.4138889
1955-06,light,37.964253,-91.831833
1955-07,disk,52.355518,-1.17432
1955-07,oval,38.9938889,-105.0563889
1955-08,cigar,28.7088889,-100.4991667
1955-08,light,37.3280556,-87.4988889
1955-10,light,41.9266667,-73.9130556
1956-06,,41.0813889,-81.5191667
1956-06,triangle,29.7630556,-95.3630556
1956-06,flash,36.1538889,-95.9925000
1956-07,disk,38.5816667,-121.4933333
1956-11,circle,45.4647222,-98.4861111
1956-11,rectangle,42.066885,-81.339941
1957-01,,32.7833333,-96.8000000
1957-03,oval,42.537222,-71.615556
1957-05,diamond,41.9266667,-73.9130556
1957-06,circle,40.7683333,-73.5255556
1957-06,disk,31.7586111,-106.4863889
1957-06,disk,40.4511111,-85.3700000
1957-06,disk,43.3094444,-73.6444444
1957-06,,51.514125,-.093689
1957-06,cylinder,42.5377778,-83.4811111
1957-06,sphere,35.2783333,-93.1336111
1957-06,teardrop,40.7141667,-74.0063889
1957-07,disk,40.7608333,-111.8902778
1957-07,light,39.0997222,-94.5783333
1957-07,light,34.1072222,-118.0569444
1957-07,sphere,37.6513889,-80.7544444
1957-08,cigar,42.1600000,-72.4763889
1957-08,light,39.7683333,-86.1580556
1957-08,fireball,36.778261,-119.417932
1957-09,disk,47.2530556,-122.4430556
1957-09,sphere,33.1069444,-98.5891667
1957-10,disk,34.5441667,-91.9688889
1957-10,,61.9919444,-146.7686111
1957-10,cigar,42.0216667,-91.3597222
1958-02,cigar,42.6072222,-83.9294444
1958-05,circle,34.1722222,-118.3780556
1958-05,sphere,34.1722222,-118.3780556
1958-05,sphere,38.9208333,-76.8719444
1958-06,,-33.861481,151.205475
1958-06,,36.9952778,-91.7036111
1958-06,light,37.4538889,-122.1811111
1958-06,fireball,29.7955556,-90.8227778
1958-07,,42.3600000,-97.5963889
1958-08,oval,33.7947222,-83.7133333
1958-09,circle,38.4783333,-82.6380556
1958-09,,47.1041667,-97.2177778
1958-10,,44.9444444,-93.0930556
1958-10,light,41.8350000,-87.8227778
1959-03,,40.7141667,-74.0063889
1959-06,circle,43.5977778,-88.2788889
1959-06,disk,33.4483333,-112.0733333
1959-06,,35.746512,-39.462891
1959-07,disk,36.1455556,-119.0597222
1959-07,disk,40.9008333,-80.8569444
1959-07,cigar,46.2752778,-122.9063889
1959-08,disk,32.7294444,-95.5627778
1959-08,,42.7283333,-73.6922222
1959-08,light,35.05247,-118.173965
1959-08,formation,19.432608,-99.133208
1959-09,disk,39.7588889,-84.1916667
1959-10,,48.0519444,-122.1758333
1960-02,cigar,36.0997222,-80.2444444
1960-04,,29.7630556,-95.3630556
1960-06,disk,37.1894444,-84.1177778
1960-06,disk,42.1866667,-86.2605556
1960-06,disk,35.117919,-116.23546
1960-06,,40.7733333,-73.6436111
1960-06,,49.1,-117.716667
1960-06,oval,44.4591667,-69.6780556
1960-06,changing,47.644539,-122.69487
1960-06,cylinder,39.865348,-75.568425
1960-07,circle,42.9763889,-88.1083333
1960-07,circle,34.1008333,-117.7669444
1960-07,diamond,35.2219444,-101.8308333
1960-07,formation,36.138221,-94.13965
1960-08,light,54.116667,-114.4
1960-08,circle,42.4647222,-71.0105556
1960-08,circle,46.8791667,-102.7891667
1960-08,circle,42.2230556,-78.0347222
1960-08,disk,41.5697222,-72.0477778
1960-09,circle,36.5483333,-82.5619444
1960-09,disk,47.6063889,-122.3308333
1960-09,,40.4163889,-120.6519444
1960-09,,54.116667,-114.4
1960-11,,39.1141667,-94.6272222
1961-05,,48.071891,-122.389218
1961-06,circle,38.5925000,-90.3572222
1961-06,disk,28.5380556,-81.3794444
1961-06,triangle,34.7302778,-86.5861111
1961-06,,32.9536111,-96.8900000
1961-06,cigar,36.0725000,-79.7922222
1961-07,egg,45.3002778,-122.9719444
1961-08,disk,37.9061111,-122.5438889
1961-08,,39.2561111,-84.4180556
1961-08,cigar,52.005152,0.201102
1961-09,light,41.6638889,-83.5552778
1961-09,egg,41.2113889,-96.6200000
1961-11,circle,35.3733333,-119.0177778
1962-03,sphere,39.6288889,-84.6486111
1962-03,,35.6505556,-78.4566667
1962-06,light,39.7294444,-104.8313889
1962-06,circle,43.2383333,-72.2111111
1962-06,disk,37.714145,-122.25
1962-06,disk,51.216667,-102.466667
1962-06,disk,40.8616667,-80.2866667
1962-06,triangle,40.7441667,-73.4825000
1962-07,light,36.1866667,-94.1286111
1962-07,oval,25.7738889,-80.1938889
1962-07,cylinder,38.1758333,-92.7841667
1962-07,cylinder,34.8347222,-97.6022222
1962-08,disk,32.0833333,-81.1000000
1962-08,oval,64.5638889,-149.0930556
1962-09,disk,18.220833,-66.590149
1962-10,,41.8500000,-87.6500000
1962-10,oval,38.738308,-93.573028
1962-11,sphere,28.8830556,-97.7127778
1962-12,cigar,40.7141667,-74.0063889
1963-02,,39.0825000,-74.8241667
1963-02,,29.760193,-95.36939
1963-04,disk,36.760693,-121.765735
1963-05,disk,42.4666667,-70.9500000
1963-05,,40.7141667,-74.0063889
1963-05,oval,39.4013889,-76.6022222
1963-06,circle,34.5438889,-85.3105556
1963-06,disk,45.012466,-92.991883
1963-06,rectangle,40.3266667,-78.9222222
1963-07,light,35.4675000,-97.5161111
1963-07,light,33.7455556,-117.8669444
1963-07,circle,36.8527778,-75.9783333
1963-07,disk,42.309189,-87.850071
1963-07,triangle,44.4477778,-69.6063889
1963-08,,42.2769444,-72.4013889
1963-08,,45.5872222,-122.3983333
1963-08,,36.7477778,-119.7713889
1963-10,circle,40.7141667,-74.0063889
1963-10,disk,37.2202778,-77.2883333
1963-10,oval,31.6938889,-89.1305556
1963-11,disk,48.4,-89.233333
1963-12,oval,34.2569444,-85.1647222
1964-01,fireball,37.9158333,-122.3105556
1964-03,sphere,33.888629,35.495479
1964-03,circle,33.9725000,-116.9763889
1964-03,cylinder,36.7161111,-80.9788889
1964-05,light,38.6786111,-121.2247222
1964-05,,36.7619444,-83.6950000
1964-05,cigar,34.099398,-117.906066
1964-06,circle,42.25125,-71.23141
1964-06,disk,38.8047222,-77.0472222
1964-06,disk,42.6911111,-82.6886111
1964-06,,46.9811111,-123.8880556
1964-06,,40.3930556,-90.1547222
1964-07,circle,42.8819444,-122.8983333
1964-07,disk,41.8500000,-87.6500000
1964-07,fireball,38.0988889,-78.9694444
1964-07,oval,46.2469444,-114.1594444
1964-08,diamond,41.1466667,-88.0577778
1964-09,disk,36.6002778,-121.8936111
1964-10,cigar,44.3530556,-121.1766667
1964-11,sphere,35.1494444,-90.0488889
1964-11,disk,37.6658333,-77.5066667
1965-02,oval,41.8500000,-87.6500000
1965-04,disk,27.9472222,-82.4586111
1965-04,disk,28.5380556,-81.3794444
1965-04,triangle,39.9866667,-75.4013889
1965-04,cigar,29.2105556,-81.0230556
1965-05,sphere,34.0141667,-86.0066667
1965-05,disk,40.6805556,-122.3697222
1965-06,light,36.7533333,-86.1905556
1965-06,light,43.3652778,-72.1738889
1965-06,sphere,39.90403,116.407526
1965-06,sphere,41.6638889,-83.5552778
1965-06,sphere,43.1547222,-77.6158333
1965-06,sphere,38.6272222,-90.1977778
1965-06,circle,33.6533333,-84.4494444
1965-06,disk,32.2686111,-107.7580556
1965-06,disk,44.9291667,-89.8402778
1965-06,,40.7811111,-73.2466667
1965-06,,33.9791667,-118.0319444
1965-06,,27.7705556,-82.6794444
1965-06,cigar,39.9522222,-75.1641667
1965-06,formation,35.7688889,-119.2461111
1965-06,flash,48.5466667,-117.9044444
1965-07,light,42.3916667,-71.5666667
1965-07,disk,38.317271,-88.90312
1965-07,disk,45.5236111,-122.6750000
1965-07,disk,41.1133333,-74.2458333
1965-07,fireball,42.2305556,-96.0972222
1965-07,oval,30.6941667,-97.1958333
1965-07,egg,40.7555556,-73.5880556
1965-08,sphere,39.5008333,-89.7677778
1965-08,disk,36.8527778,-75.9783333
1965-08,disk,40.4166667,-86.8752778
1965-08,disk,33.0738889,-106.0180556
1965-08,cigar,45.4872222,-122.8025000
1965-08,cigar,42.3694444,-71.9486111
1965-08,changing,44.9800000,-93.2636111
1965-09,light,44.3530556,-121.1766667
1965-09,triangle,41.6269444,-79.6738889
1965-10,sphere,40.9113889,-73.7827778
1965-10,disk,41.5241667,-76.4011111
1965-10,disk,41.1175000,-73.4083333
1965-10,,36.7069444,-97.0852778
1965-10,,32.8472222,-117.2733333
1965-10,,34.1486111,-118.3955556
1965-10,oval,40.8983333,-95.6711111
1965-11,disk,40.8261111,-73.5025000
1965-11,,36.7544444,-98.3563889
1965-12,light,40.2269444,-78.9366667
1965-12,circle,41.9761111,-72.5922222
1965-12,fireball,41.9761111,-72.5922222
1966-01,circle,35.385924,-94.398547
1966-01,triangle,47.5963889,-120.6602778
1966-02,disk,35.3733333,-119.0177778
1966-03,disk,41.4408333,-71.8816667
1966-03,disk,41.9200000,-84.6305556
1966-03,cylinder,32.745877,-97.386775
1966-03,chevron,42.3222222,-83.1763889
1966-04,light,27.8002778,-97.3961111
1966-04,disk,43.7269444,-101.9836111
1966-04,,41.0238889,-81.1636111
1966-05,triangle,40.6186111,-80.5775000
1966-05,egg,34.5794444,-85.5905556
1966-06,light,40.9113889,-73.7827778
1966-06,light,35.2325000,-97.2122222
1966-06,light,33.9488889,-118.4447222
1966-06,light,48.45307,2.75345
1966-06,light,53.55,-113.5
1966-06,sphere,42.9169444,-89.2177778
1966-06,circle,43.316667,-79.8
1966-06,circle,33.5386111,-112.1852778
1966-06,disk,41.1327778,-73.7930556
1966-06,disk,36.7536111,-120.3805556
1966-06,disk,48.7597222,-122.4869444
1966-06,disk,38.8575000,-76.8897222
1966-06,disk,39.1619444,-84.4569444
1966-06,disk,42.3369444,-83.2733333
1966-06,disk,36.6030556,-92.4280556
1966-06,triangle,41.6977778,-72.7241667
1966-06,,40.5041667,-98.2527778
1966-06,,43.2166667,-123.3405556
1966-06,,49.33729,-123.03818
1966-06,,38.8966667,-121.0758333
1966-06,,31.8455556,-102.3672222
1966-06,cigar,40.6936111,-89.5888889
1966-06,cigar,40.0438889,-75.3880556
1966-06,oval,31.6797222,-96.4819444
1966-07,sphere,42.4250000,-71.0666667
1966-07,,42.1013889,-72.5902778
1966-07,,11.893334,109.170167
1966-07,oval,39.9241667,-79.8358333
1966-08,sphere,42.983333,-79.25
1966-08,circle,39.9611111,-82.9988889
1966-08,disk,43.1547222,-77.6158333
1966-08,cigar,42.3255556,-83.3311111
1966-09,oval,36.8466667,-76.2855556
1966-10,light,42.8863889,-78.8786111
1966-10,disk,33.5861111,-86.2861111
1966-10,disk,26.2155556,-98.3250000
1966-10,disk,39.4277778,-86.4283333
1966-10,,37.5483333,-121.9875000
1966-10,oval,45.1341667,-118.9313889
1966-11,chevron,30.3319444,-81.6558333
1966-12,triangle,41.5833333,-87.5000000
1966-12,oval,40.1302778,-75.5152778
1967-02,disk,31.812438,-106.421321
1967-02,disk,36.3433333,-88.8502778
1967-03,circle,31.4636111,-100.4366667
1967-04,light,31.754336,-106.305807
1967-04,disk,36.1658333,-86.7844444
1967-05,light,32.5091667,-92.1191667
1967-06,light,35.0536111,-94.6233333
1967-06,light,43.6136111,-116.2025000
1967-06,light,42.8330556,-108.7300000
1967-06,light,33.5386111,-112.1852778
1967-06,circle,30.2750000,-89.7811111
1967-06,circle,42.0697222,-87.7877778
1967-06,triangle,39.0175000,-122.0566667
1967-06,,44.8011111,-68.7783333
1967-06,,40.6325000,-79.5900000
1967-06,,30.8363889,-83.9788889
1967-06,,37.964253,-91.831833
1967-06,cigar,34.2783333,-119.2922222
1967-06,oval,33.5602778,-81.7197222
1967-06,oval,42.0083333,-91.6438889
1967-07,sphere,51.083333,-114.083333
1967-07,disk,40.9377778,-79.8463889
1967-07,triangle,35.385924,-94.398547
1967-08,light,47.4705556,-122.3455556
1967-08,disk,51.045325,-114.058101
1967-08,,32.64881,-116.994491
1967-08,oval,33.9488889,-118.4447222
1967-08,changing,38.907231,-77.036464
1967-09,light,38.2600000,-96.8194444
1967-09,circle,38.4405556,-122.7133333
1967-09,disk,42.5777778,-121.8650000
1967-09,fireball,37.9963889,-105.6991667
1967-09,,39.2902778,-76.6125000
1967-09,cigar,37.9900000,-84.1797222
1967-09,cigar,33.8622222,-118.3986111
1967-10,light,31.9972222,-102.0775000
1967-10,circle,34.7744444,-96.6780556
1967-10,disk,40.8244444,-74.4175000
1967-10,fireball,34.1722222,-118.3780556
1967-10,,26.5863889,-80.0522222
1967-10,oval,33.5205556,-86.8025000
1967-11,light,16.054407,108.202167
1967-11,,48.9938889,-122.7458333
1967-11,teardrop,37.8736111,-122.4555556
1967-12,light,41.3138889,-81.6852778
1968-01,sphere,17.364697,102.815892
1968-01,sphere,34.3988889,-119.5175000
1968-01,disk,32.2216667,-110.9258333
1968-02,light,34.2719444,-98.2355556
1968-04,sphere,36.1750000,-115.1363889
1968-04,disk,42.3241667,-83.4002778
1968-04,cigar,34.2977778,-83.8241667
1968-05,sphere,38.7422222,-108.0683333
1968-05,sphere,44.5236111,-89.5744444
1968-05,disk,41.2586111,-95.9375000
1968-05,cone,41.5894444,-94.1958333
1968-06,light,29.9402778,-90.2030556
1968-06,sphere,33.9791667,-118.0319444
1968-06,circle,33.5844444,-92.8341667
1968-06,circle,32.354668,-89.398528
1968-06,circle,21.3069444,-157.8583333
1968-06,disk,32.7391667,-96.8108333
1968-06,disk,46.7833333,-92.1063889
1968-06,disk,48.2325000,-101.2958333
1968-06,disk,37.3636111,-118.3941667
1968-06,fireball,41.9202778,-79.6405556
1968-06,triangle,34.0005556,-81.0350000
1968-06,triangle,-27.47101,153.024292
1968-06,,38.3519444,-97.2041667
1968-06,,38.2541667,-85.7594444
1968-06,,41.0086111,-91.9625000
1968-06,cigar,36.8252778,-119.7019444
1968-06,oval,41.8500000,-87.6500000
1968-06,rectangle,42.2958333,-71.7133333
1968-07,light,40.375181,-119.75131
1968-07,light,41.5836111,-72.8927778
1968-07,light,33.4483333,-112.0733333
1968-07,circle,47.6063889,-122.3308333
1968-07,disk,44.8969444,-98.7280556
1968-07,disk,33.5172222,-82.0758333
1968-07,disk,35.2427778,-102.4277778
1968-07,triangle,33.4708333,-81.9750000
1968-07,,41.7000000,-70.7633333
1968-07,cigar,37.8044444,-122.2697222
1968-07,changing,37.2708333,-76.4558333
1968-08,light,38.761292,-120.586593
1968-08,sphere,40.1105556,-75.8500000
1968-08,circle,42.3508333,-73.8033333
1968-08,disk,36.0725000,-79.7922222
1968-08,disk,39.9347222,-75.0311111
1968-08,disk,41.3252778,-72.1936111
1968-08,cigar,39.5763889,-74.7172222
1968-09,disk,40.5186111,-74.4125000
1968-09,fireball,44.5922222,-102.4302778
1968-09,,37.7397222,-121.4241667
1968-09,diamond,51.85,-105.033333
1968-10,fireball,35.2333333,-82.7344444
1968-10,,46.94559,-67.892087
1968-10,cigar,42.2411111,-88.3161111
1968-10,cigar,42.3583333,-71.0602778
1968-10,oval,42.2813889,-83.3863889
1968-10,formation,53.916667,-3
1968-11,light,25.727789,-80.233899
1968-11,triangle,47.3811111,-122.2336111
1968-11,,32.7152778,-117.1563889
1968-12,disk,34.1780556,-82.3791667
1969-01,,32.7733333,-92.4055556
1969-01,,40.3013889,-79.5391667
1969-02,sphere,40.7450000,-84.9369444
1969-02,cigar,50.366667,9.916667
1969-03,disk,41.7108333,-87.7580556
1969-03,cross,48.9391667,-119.4344444
1969-06,light,42.3313889,-83.0458333
1969-06,light,27.3361111,-82.5308333
1969-06,disk,38.1719444,-75.9413889
1969-06,disk,43.2363889,-120.6358333
1969-06,disk,28.198096,-82.432994
1969-06,,41.5066667,-90.5150000
1969-06,oval,29.9888889,-97.8769444
1969-06,formation,34.020011,-117.949508
1969-07,sphere,35.9380556,-77.7908333
1969-07,disk,37.9872222,-122.5877778
1969-07,disk,34.2308333,-111.3244444
1969-07,disk,40.1163889,-88.2433333
1969-07,,48.4758333,-122.3241667
1969-07,,41.6716667,-72.9497222
1969-07,,41.4480556,-90.1541667
1969-07,cigar,43.145346,-75.871858
1969-08,circle,51,-97
1969-08,disk,40.9463889,-73.0697222
1969-08,disk,39.7588889,-84.1916667
1969-08,,40.417287,-82.907123
1969-08,cylinder,44.1580556,-72.4508333
1969-09,sphere,30.2669444,-97.7427778
1969-10,circle,39.7458333,-75.5469444
1969-10,cigar,43.3227778,-76.4175000
1969-11,light,37.3394444,-121.8938889
1969-11,sphere,49.25,-123.133333
1969-11,circle,36.778261,-119.417932
1969-11,disk,34.1205556,-84.0044444
1969-11,,33.5016667,-117.6616667
1969-11,formation,64.8377778,-147.7163889
1969-12,circle,37.692171,-84.259497
1969-12,,34.8255556,-87.2947222
1970-01,egg,42.9125000,-71.1250000
1970-03,light,49.316667,-117.666667
1970-03,cylinder,40.1483333,-79.8880556
1970-05,disk,43.35,-80.3
1970-06,disk,37.5841667,-122.3650000
1970-06,disk,29.7630556,-95.3630556
1970-06,cone,41.203322,-77.194525
1970-07,disk,40.7258333,-73.5147222
1970-07,,38.9341667,-77.1777778
1970-07,oval,41.8488889,-72.5722222
1970-07,light,42.7325000,-84.5555556
1970-07,sphere,33.9319444,-117.9452778
1970-07,fireball,37.9577778,-121.2897222
1970-08,disk,45.066667,-64.5
1970-08,,26.2375000,-80.1250000
1970-08,fireball,35.6919444,-84.8608333
1970-09,disk,42.263079,-88.003965
1970-09,light,31.4636111,-100.4366667
1970-09,sphere,40.7141667,-74.0063889
1970-10,disk,40.7141667,-74.0063889
1970-10,,36.3727778,-94.2086111
1970-10,sphere,44.233333,-76.483333
1970-11,sphere,35.9250000,-86.8688889
1970-12,,35.0844444,-106.6505556
1970-12,oval,27.9011111,-81.5861111
1971-01,triangle,45.070312,7.686856
1971-02,circle,32.6833333,-84.7383333
1971-02,circle,40.0791667,-75.3019444
1971-02,changing,28.9002778,-81.2638889
1971-03,,34.0522222,-118.2427778
1971-04,disk,41.0338889,-93.7652778
1971-05,disk,39.8466667,-75.7119444
1971-05,circle,49.75,6.633333
1971-05,sphere,33.898545,-117.581715
1971-06,disk,35.0080556,-90.7897222
1971-06,disk,25.1,-76.133333
1971-06,disk,34.75821,-120.516395
1971-06,disk,40.6577778,-84.9519444
1971-06,disk,37.3541667,-121.9541667
1971-06,,32.772602,-117.251356
1971-06,oval,41.0333333,-74.6388889
1971-06,circle,43.9,-78.866667
1971-06,light,35.9669444,-83.1877778
1971-07,disk,43.0494444,-88.0075000
1971-07,,34.4208333,-119.6972222
1971-07,circle,32.165622,-82.900075
1971-07,light,41.7758333,-72.5219444
1971-07,cigar,37.0430556,-100.9205556
1971-07,cigar,38.1219444,-82.4600000
1971-07,diamond,39.5811111,-87.4622222
1971-09,disk,45.9047222,-122.7427778
1971-09,disk,35.1211111,-81.5161111
1971-09,disk,35.93181,-116.227858
1971-09,,41.7561111,-124.2005556
1971-10,oval,35.8238889,-80.2536111
1971-10,chevron,42.6919444,-73.7250000
1972-01,,47.504722,-111.187222
1972-01,,34.7302778,-86.5861111
1972-03,,41.8500000,-87.6500000
1972-03,cigar,36.6777778,-121.6544444
1972-04,disk,39.7683333,-86.1580556
1972-05,,39.7458333,-75.5469444
1972-05,,39.5166667,-75.5769444
1972-05,,34.51994,-105.87009
1972-05,sphere,51.9,-1.15
1972-05,sphere,41.5066667,-90.5150000
1972-06,disk,42.8863889,-78.8786111
1972-06,disk,-33.090969,148.869965
1972-06,disk,41.9536111,-73.5111111
1972-06,disk,36.0725000,-79.7922222
1972-06,disk,42.0883333,-87.9805556
1972-06,,51.379444,-2.365556
1972-06,,37.2708333,-79.9416667
1972-06,oval,36.804169,-114.06882
1972-06,circle,40.4483333,-122.2966667
1972-06,light,28.1458333,-82.7569444
1972-06,light,36.0725000,-79.7922222
1972-06,light,37.5055556,-84.8133333
1972-06,light,41.715015,-75.560471
1972-06,cigar,38.1866667,-91.9469444
1972-06,cigar,44.8011111,-90.0791667
1972-06,egg,-32.783333,26.633333
1972-06,sphere,32.9263889,-96.8958333
1972-06,sphere,31.5544444,-110.3030556
1972-06,fireball,38.101496,-122.151897
1972-07,disk,38.720945,-75.076014
1972-07,light,42.3625000,-71.3619444
1972-07,light,29.7630556,-95.3630556
1972-07,cigar,39.7683333,-86.1580556
1972-07,fireball,41.2411111,-77.0013889
1972-08,disk,33.4483333,-112.0733333
1972-08,light,29.5666667,-94.3933333
1972-08,triangle,33.5861111,-85.9183333
1972-08,sphere,29.598975,-95.170642
1972-09,disk,38.7041667,-91.4372222
1972-09,,30.1586111,-85.6602778
1972-09,oval,18.2030556,-67.1400000
1972-10,circle,36.8430556,-83.3219444
1972-10,rectangle,47.8555556,-121.9697222
1972-10,chevron,35.002778,-82.652778
1972-10,sphere,40.598187,-124.157276
1972-11,circle,34.9491667,-83.7575000
1972-12,disk,38.8338889,-104.8208333
1972-12,triangle,51.433333,.366667
1973-02,,26.923519,-80.854385
1973-02,circle,29.4802778,-89.6938889
1973-03,,47.7627778,-120.6561111
1973-03,,35.6869444,-105.9372222
1973-03,circle,-41.124433,175.070783
1973-04,disk,31.3380556,-94.7288889
1973-04,circle,32.736259,-96.864586
1973-04,triangle,30.4111111,-88.8277778
1973-04,sphere,29.7666667,-92.9750000
1973-05,sphere,47.2530556,-122.4430556
1973-05,fireball,33.5377778,-92.4697222
1973-06,disk,34.9475000,-85.7144444
1973-06,disk,49.25,-123.133333
1973-06,disk,33.1027778,-86.7536111
1973-06,,35.8880556,-106.3063889
1973-06,oval,37.9736111,-122.5300000
1973-06,oval,18.3994444,-66.0502778
1973-06,oval,35.6144444,-88.8138889
1973-06,circle,42.8141667,-73.9400000
1973-06,circle,29.577407,-98.491241
1973-06,light,37.5597222,-90.2938889
1973-06,cigar,27.9472222,-82.4586111
1973-06,triangle,42.983333,-81.25
1973-06,sphere,30.2669444,-97.7427778
1973-06,sphere,49.883333,-97.166667
1973-06,sphere,38.7838889,-90.4811111
1973-07,disk,35.6008333,-82.5541667
1973-07,disk,36.0955556,-79.4380556
1973-07,disk,32.8405556,-83.6325000
1973-07,disk,39.4561111,-77.9641667
1973-07,,37.9358333,-122.3466667
1973-07,oval,41.4994444,-81.6955556
1973-07,oval,35.8238889,-80.2536111
1973-07,circle,45.266667,-66.066667
1973-07,circle,44.3875000,-68.2044444
1973-07,triangle,33.7747222,-84.2963889
1973-07,sphere,33.9550000,-96.8622222
1973-07,sphere,49.783333,-92.833333
1973-08,disk,42.5847222,-87.8211111
1973-08,,44.2619444,-88.4152778
1973-08,oval,39.6330556,-74.9663889
1973-08,light,36.2261111,-92.6847222
1973-08,cigar,37.440438,-77.309467
1973-08,triangle,33.5830556,-84.3394444
1973-08,cylinder,40.3697222,-80.6341667
1973-08,formation,43.0880556,-70.7366667
1973-09,disk,37.3058333,-89.5180556
1973-09,disk,41.3136111,-81.7247222
1973-09,,41.3144444,-81.8358333
1973-09,circle,32.640001,-83.591719
1973-09,chevron,29.7630556,-95.3630556
1973-10,disk,34.2575000,-88.7033333
1973-10,disk,41.3252778,-72.1936111
1973-10,disk,35.0419444,-89.6644444
1973-10,disk,38.6941667,-75.7725000
1973-10,circle,29.7630556,-95.3630556
1973-10,circle,39.6283333,-84.1594444
1973-11,disk,39.8494444,-75.3561111
1973-11,disk,36.2166667,-81.6747222
1973-11,disk,34.6608333,-87.6944444
1973-11,sphere,53.083333,-111.783333
1973-12,disk,35.564035,-97.290218
1973-12,light,34.4555556,-92.7294444
1974-01,disk,-37.813938,144.963425
1974-01,disk,39.4666667,-87.4138889
1974-01,,32.7152778,-117.1563889
1974-01,cigar,47.3811111,-122.2336111
1974-01,sphere,18.0130556,-66.6144444
1974-01,fireball,39.02001,1.482148
1974-02,disk,39.7683333,-86.1580556
1974-02,,41.5916667,-75.4855556
1974-03,disk,30.1125000,-85.2005556
1974-03,disk,-34.2,116.166667
1974-03,circle,41.3533333,-75.7386111
1974-04,sphere,33.7455556,-117.8669444
1974-05,,41.8277778,-73.9655556
1974-05,cigar,35.8305556,-96.3908333
1974-06,disk,37.8091667,-85.4669444
1974-06,disk,33.1027778,-86.7536111
1974-06,disk,35.1300000,-94.6583333
1974-06,,42.0866667,-71.4750000
1974-06,,44.2444444,-86.3241667
1974-06,oval,39.8302778,-75.2408333
1974-06,circle,40.7141667,-74.0063889
1974-06,circle,42.1291667,-80.0852778
1974-06,cigar,43.0255556,-74.9863889
1974-06,cigar,38.2972222,-122.2844444
1974-06,triangle,44.428607,5.049088
1974-06,triangle,32.7677778,-117.0222222
1974-06,triangle,33.6102778,-96.4105556
1974-06,sphere,32.7152778,-117.1563889
1974-06,fireball,25.890095,-80.186714
1974-07,disk,42.0411111,-87.6900000
1974-07,disk,41.2619444,-95.8608333
1974-07,,32.7325000,-89.5361111
1974-07,circle,41.6619444,-86.1586111
1974-07,circle,42.3583333,-71.0602778
1974-07,light,42.2416667,-70.8041667
1974-07,triangle,32.2986111,-90.1847222
1974-07,triangle,38.2855556,-85.8241667
1974-07,delta,47.5675000,-122.6313889
1974-08,disk,47.3486111,-122.3222222
1974-08,disk,41.1536111,-81.3580556
1974-08,disk,41.0241667,-80.6630556
1974-08,disk,37.9886111,-84.4777778
1974-08,,41.1538889,-80.7016667
1974-08,,32.8525,-106.106389
1974-08,oval,40.9113889,-73.7827778
1974-08,oval,40.9113889,-73.7827778
1974-08,circle,42.483642,-86.091419
1974-08,circle,42.4075000,-124.4205556
1974-08,light,41.2761111,-72.8688889
1974-09,disk,42.3313889,-83.0458333
1974-09,,39.0911111,-94.4152778
1974-09,triangle,31.3269444,-89.2902778
1974-10,,42.3916667,-71.5666667
1974-10,oval,41.1888889,-81.6363889
1974-10,light,37.7750000,-122.4183333
1974-11,disk,60.5427778,-145.7575000
1974-11,disk,52.154738,-0.701378
1974-11,,45.131485,-75.716133
1974-11,,43.4055556,-88.7050000
1974-11,light,29.028318,-81.303118
1974-11,triangle,43.161748,-70.648258
1974-12,,46.6811111,-68.0163889
1975-01,disk,33.4483333,-112.0733333
1975-01,sphere,32.6833333,-84.7383333
1975-01,sphere,42.0969444,-79.2355556
1975-03,diamond,-37.813938,144.963425
1975-04,disk,39.6894444,-84.1688889
1975-04,disk,41.4338889,-79.7066667
1975-04,,29.7630556,-95.3630556
1975-05,disk,29.4238889,-98.4933333
1975-05,,33.2147222,-97.1327778
1975-05,light,41.0333333,-82.0122222
1975-05,triangle,41.1694444,-75.8777778
1975-05,sphere,34.7538889,-77.4305556
1975-06,disk,15.916667,120.416667
1975-06,disk,42.1397222,-71.5166667
1975-06,disk,30.4505556,-91.1544444
1975-06,disk,42.9658333,-78.8702778
1975-06,disk,41.0336111,-73.5786111
1975-06,disk,32.5005556,-94.7402778
1975-06,disk,35.9983333,-76.9463889
1975-06,,38.7580556,-82.8913889
1975-06,,38.528517,-89.131694
1975-06,,46.033333,-73.433333
1975-06,oval,37.4636111,-122.4275000
1975-06,circle,41.0997222,-80.6497222
1975-06,circle,38.2541667,-85.7594444
1975-06,circle,34.5033333,-82.6502778
1975-06,circle,37.2152778,-93.2980556
1975-06,light,37.2455556,-88.3605556
1975-06,light,36.1658333,-86.7844444
1975-06,rectangle,-33.861481,151.205475
1975-06,triangle,42.3313889,-83.0458333
1975-06,triangle,44.9800000,-93.2636111
1975-06,sphere,43.0202778,-71.6008333
1975-07,disk,40.0525000,-80.6286111
1975-07,disk,37.1236111,-82.6013889
1975-07,,42.0294444,-85.0013889
1975-07,,40.8838889,-74.5625000
1975-07,oval,35.8655556,-101.9727778
1975-07,light,40.3772222,-105.5211111
1975-07,light,41.7797222,-71.4377778
1975-07,cigar,34.2575000,-88.7033333
1975-07,cigar,47.6105556,-122.1994444
1975-07,triangle,26.460468,127.915081
1975-07,triangle,53.5,-2.216667
1975-07,egg,47.7558333,-122.3402778
1975-07,teardrop,42.5791667,-84.4436111
1975-08,disk,33.7688889,-89.8083333
1975-08,disk,29.4233333,-82.2169444
1975-08,disk,42.5583333,-70.8805556
1975-08,oval,37.5536111,-77.4605556
1975-08,light,46.0647222,-118.3419444
1975-08,cone,36.1325000,-88.5186111
1975-09,oval,34.4436111,-118.6086111
1975-09,oval,44.4983333,-84.5919444
1975-09,light,38.32297,-122.574984
1975-09,cigar,-1.99804,-54.07285
1975-09,chevron,40.6019444,-74.6777778
1975-09,cylinder,35.696111,51.423056
1975-10,disk,48.1333333,-103.6333333
1975-10,disk,39.0838889,-77.1530556
1975-10,,42.3805556,-76.8736111
1975-10,,44.475883,-73.212072
1975-10,light,32.8544444,-79.9750000
1975-10,light,29.7352778,-94.9772222
1975-10,cigar,39.1616667,-84.7491667
1975-10,changing,33.0580556,-112.0469444
1975-11,disk,25.7738889,-80.1938889
1975-11,triangle,38.597626,-80.454903
1975-11,fireball,35.0241667,-110.6966667
1975-11,flash,33.317842,-117.320512
1975-11,teardrop,25.7738889,-80.1938889
1975-12,disk,34.0983333,-118.3258333
1975-12,disk,33.9472222,-90.3441667
1975-12,triangle,27.9472222,-82.4586111
1975-12,fireball,38.2541667,-85.7594444
1976-01,disk,51.083333,1.183333
1976-01,,64.837778,-147.716389
1976-01,,39.7588889,-84.1916667
1976-01,rectangle,-34.911079,137.799026
1976-02,rectangle,43.0125000,-83.6875000
1976-02,rectangle,-33.861481,151.205475
1976-03,disk,29.7630556,-95.3630556
1976-04,,50.183333,-98.316667
1976-04,circle,35.5938889,-89.2622222
1976-04,rectangle,32.0722222,-84.2327778
1976-05,disk,39.9863889,-76.3152778
1976-05,,41.2813889,-73.4986111
1976-05,triangle,39.7047222,-105.0808333
1976-06,disk,41.9463889,-86.3388889
1976-06,disk,37.5536111,-77.4605556
1976-06,disk,46.8772222,-96.7894444
1976-06,disk,33.4483333,-112.0733333
1976-06,disk,41.0997222,-80.6497222
1976-06,,32.427908,53.688046
1976-06,,43.1836111,-73.4272222
1976-06,,39.809987,-75.21179
1976-06,,47.165633,-122.197099
1976-06,,41.538154,-72.807043
1976-06,oval,35.4872222,-80.6219444
1976-06,oval,37.0597222,-86.6069444
1976-06,oval,36.7533333,-86.1905556
1976-06,oval,41.0127778,-81.6052778
1976-06,circle,29.7272222,-90.5988889
1976-06,light,40.083171,-74.068193
1976-06,light,37.431573,-78.656894
1976-06,light,39.9611111,-82.9988889
1976-06,light,31.9972222,-102.0775000
1976-06,light,40.7036111,-89.4072222
1976-06,light,34.2694444,-118.7805556
1976-06,cigar,36.1455556,-119.0597222
1976-06,cigar,38.5502778,-82.7780556
1976-06,cigar,51.791944,-3.989167
1976-06,sphere,34.7463889,-92.2894444
1976-06,changing,45.4983333,-122.4302778
1976-07,disk,42.4775000,-83.0277778
1976-07,disk,28.5380556,-81.3794444
1976-07,disk,33.4483333,-112.0733333
1976-07,,34.0194444,-118.4902778
1976-07,light,41.2563889,-74.3602778
1976-07,light,18.220833,-66.590149
1976-07,light,35.1494444,-90.0488889
1976-07,cigar,41.6611111,-91.5300000
1976-07,cylinder,38.6272222,-90.1977778
1976-07,cylinder,27.8002778,-97.3961111
1976-08,disk,44.081018,3.64152
1976-08,disk,33.5205556,-86.8025000
1976-08,circle,42.2505556,-83.1786111
1976-08,light,43.6852778,-71.1172222
1976-08,cigar,45.5236111,-122.6750000
1976-08,triangle,47.7883333,-122.3075000
1976-08,triangle,45.5236111,-122.6750000
1976-08,cylinder,38.80261,-116.419389
1976-09,disk,38.599544,-89.924945
1976-09,,47.4061111,-123.1380556
1976-09,,44.2269444,-71.7483333
1976-09,oval,40.1461111,-74.7122222
1976-09,oval,36.710629,116.980668
1976-09,oval,51.234551,3.903091
1976-09,circle,52.466667,-1.916667
1976-09,circle,42.6525000,-73.7566667
1976-09,light,33.1841667,-90.4891667
1976-09,sphere,29.4238889,-98.4933333
1976-10,disk,38.2541667,-85.7594444
1976-10,disk,36.4508333,-118.5938889
1976-10,,45.4169444,-92.0327778
1976-10,,43.1547222,-77.6158333
1976-10,triangle,39.5922222,-74.4513889
1976-10,sphere,60.4877778,-151.0583333
1976-11,disk,41.203322,-77.194525
1976-11,disk,39.660829,-119.874134
1976-11,disk,39.7458333,-75.5469444
1976-11,,31.5544444,-110.3030556
1976-11,oval,41.4169444,-81.5275000
1976-11,formation,43.383333,-80.316667
1976-12,light,-33.861481,151.205475
1976-12,triangle,39.5788889,-86.4822222
1976-12,changing,26.0625000,-80.2333333
1977-01,,31.7586111,-106.4863889
1977-01,oval,41.7672222,-71.3652778
1977-01,cylinder,40.8005556,-73.7288889
1977-02,circle,35.759573,-79.0193
1977-02,light,37.883664,-85.965269
1977-03,disk,34.0522222,-118.2427778
1977-03,,39.4666667,-87.4138889
1977-03,cigar,28.5741667,-81.7463889
1977-04,disk,43.8208333,-72.5216667
1977-04,oval,43.010614,-78.637528
1977-04,oval,28.0363889,-97.5088889
1977-04,light,38.2541667,-85.7594444
1977-04,cigar,31.3269444,-89.2902778
1977-04,rectangle,33.4708333,-81.9750000
1977-05,disk,43.6122222,-116.3905556
1977-05,disk,37.7111111,-77.4927778
1977-05,disk,41.1669444,-73.2052778
1977-05,disk,41.54255,-81.626238
1977-05,,55.633333,-4.533333
1977-05,oval,32.8550000,-90.4055556
1977-05,circle,41.8127778,-74.2547222
1977-05,light,29.5425000,-95.0202778
1977-05,cigar,34.0522222,-118.2427778
1977-06,disk,43.1000000,-70.8341667
1977-06,disk,34.2694444,-118.7805556
1977-06,disk,33.9561111,-83.9880556
1977-06,disk,42.1930556,-73.0922222
1977-06,,40.267194,-86.134902
1977-06,,35.6008333,-82.5541667
1977-06,oval,32.8550000,-90.4055556
1977-06,oval,42.1097222,-86.4800000
1977-06,oval,39.1433333,-77.2016667
1977-06,oval,44.4161111,-118.9519444
1977-06,circle,45.8152778,-122.7413889
1977-06,circle,40.8813889,-82.6619444
1977-06,circle,47.9252778,-97.0325000
1977-06,circle,38.1111111,-85.8702778
1977-06,light,39.0483333,-95.6777778
1977-06,light,61.727178,22.263452
1977-06,cigar,-33.058967,-71.404543
1977-06,triangle,41.7855556,-74.2294444
1977-06,egg,40.824635,-78.366846
1977-06,cylinder,40.6916667,-89.7950000
1977-06,diamond,41.2147222,-79.3855556
1977-07,disk,39.9802778,-79.8283333
1977-07,,22.547237,82.648344
1977-07,,34.805698,-81.011469
1977-07,circle,43.193852,-71.572395
1977-07,circle,40.8125000,-73.9994444
1977-07,circle,41.6155556,-87.5294444
1977-07,circle,42.9375000,-70.8394444
1977-07,light,33.872237,-117.870336
1977-07,cigar,37.5741667,-122.3783333
1977-07,chevron,39.7294444,-104.8313889
1977-07,triangle,35.4377778,-106.1219444
1977-07,changing,43.25,-79.833333
1977-08,disk,46.778056,-68.499167
1977-08,,45.0883333,-93.7341667
1977-08,,43.75,-79.2
1977-08,oval,45.4711111,-89.7297222
1977-08,circle,33.6602778,-117.9983333
1977-08,light,44.2947222,-90.8513889
1977-08,light,37.2494444,-83.1933333
1977-08,triangle,40.2141667,-77.0088889
1977-08,triangle,39.7391667,-104.9841667
1977-08,sphere,56.490671,-4.202646
1977-09,disk,34.0952778,-118.1261111
1977-09,disk,35.9605556,-83.9208333
1977-09,,52.141674,-122.141688
1977-09,light,44.1897222,-73.7863889
1977-09,cigar,31.968599,-99.901813
1977-09,chevron,34.0286111,-117.8094444
1977-09,triangle,35.9152778,-94.9697222
1977-09,triangle,42.9075000,-72.0630556
1977-10,disk,28.5380556,-81.3794444
1977-10,,40.5763889,-124.2627778
1977-10,light,38.2541667,-85.7594444
1977-10,triangle,30.3958333,-88.8852778
1977-10,formation,43.2363889,-120.6358333
1977-11,,39.0375000,-120.9713889
1977-11,circle,43.25,-79.833333
1977-11,sphere,40.1044444,-74.9516667
1977-12,disk,42.2625000,-71.8027778
1977-12,oval,44.1544444,-75.7091667
1977-12,triangle,43.1850000,-90.4430556
1977-12,flash,60.716667,-135.05
1978-01,disk,52.314994,1.661398
1978-01,,30.1686111,-93.3758333
1978-01,,54.95268,-1.603411
1978-01,cigar,31.9972222,-102.0775000
1978-01,egg,45.4166667,-75.6
1978-01,diamond,41.5380556,-72.8075000
1978-02,,34.0584,-106.891416
1978-02,light,51.973598,0.5081
1978-02,triangle,42.5294444,-83.7802778
1978-03,disk,32.7394444,-114.6338889
1978-03,disk,47.6105556,-122.1994444
1978-03,light,46.7588889,-114.0800000
1978-04,cylinder,-23.55052,-46.633309
1978-05,,37.306586,-88.178386
1978-05,triangle,32.7458333,-96.9975000
1978-05,triangle,42.1538889,-88.1361111
1978-05,fireball,39.9522222,-75.1641667
1978-06,disk,41.1416667,-87.8750000
1978-06,disk,35.0455556,-85.3097222
1978-06,,40.4602778,-88.0952778
1978-06,,48.2413889,-122.3694444
1978-06,,-43.532054,172.636225
1978-06,,34.0286111,-117.8094444
1978-06,oval,28.8050000,-97.0033333
1978-06,circle,33.7877778,-117.8522222
1978-06,light,36.1750000,-115.1363889
1978-06,light,32.6733333,-95.7091667
1978-06,cigar,39.3913889,-87.6936111
1978-06,sphere,42.7008333,-73.1091667
1978-06,sphere,51.966667,1.35
1978-06,sphere,49.783333,-92.833333
1978-06,fireball,42.6525000,-73.7566667
1978-06,fireball,21.1667,79.65
1978-07,disk,40.6083333,-75.4905556
1978-07,disk,35.0525000,-78.8786111
1978-07,disk,42.3666667,-71.3036111
1978-07,,38.6272222,-90.1977778
1978-07,,50.016667,-125.25
1978-07,circle,37.277463,-85.338701
1978-07,light,50.45,-104.616667
1978-07,light,34.048928,-111.093731
1978-07,light,38.4500000,-91.0083333
1978-07,light,53.633333,-113.633333
1978-07,light,41.9202778,-79.6405556
1978-07,light,35.2922222,-81.5358333
1978-07,light,35.6869444,-105.9372222
1978-07,cigar,48.2933333,-122.6419444
1978-07,rectangle,33.3805556,-84.7997222
1978-07,triangle,41.1111111,-74.0688889
1978-07,triangle,32.7152778,-117.1563889
1978-07,triangle,42.9633333,-85.6680556
1978-07,sphere,34.9919444,-86.8469444
1978-07,sphere,40.7544444,-86.3566667
1978-07,changing,39.6294444,-79.9561111
1978-07,formation,38.4130556,-120.6577778
1978-08,disk,40.743987,-73.034554
1978-08,disk,40.3697222,-80.6341667
1978-08,,45.833333,-64.2
1978-08,oval,34.4261111,-117.5713889
1978-08,oval,67.302833,14.745767
1978-08,circle,42.6733333,-72.8222222
1978-08,light,46.6022222,-120.5047222
1978-08,rectangle,41.8097222,-72.8311111
1978-08,rectangle,32.746204,-91.978289
1978-08,sphere,34.0141667,-86.0066667
1978-08,cylinder,41.9402778,-85.0005556
1978-08,fireball,34.2694444,-118.7805556
1978-08,formation,40.3355556,-75.9272222
1978-08,flash,42.5377778,-83.2330556
1978-09,disk,41.9950000,-88.1855556
1978-09,,32.5838889,-117.1122222
1978-09,light,35.5361111,-100.9594444
1978-09,light,51.433333,-1
1978-09,light,39.3111111,-94.9222222
1978-09,rectangle,42.0111111,-87.8405556
1978-10,disk,35.4872222,-80.6219444
1978-10,disk,42.670782,-83.032993
1978-10,,33.8491667,-118.3875000
1978-10,oval,43.0777778,-71.2772222
1978-10,oval,33.5205556,-86.8025000
1978-10,circle,43.2366667,-83.9063889
1978-10,circle,41.0263889,-73.6288889
1978-10,triangle,36.0344444,-89.3855556
1978-11,disk,47.9544444,-117.4758333
1978-11,disk,37.7797222,-119.0744444
1978-11,,41.365824,-110.305725
1978-11,light,30.1686111,-93.3758333
1978-12,disk,40.5375000,-77.3536111
1978-12,triangle,41.1133333,-74.2458333
1979-01,,35.2225000,-97.4391667
1979-02,triangle,35.1427778,-120.6402778
1979-02,triangle,41.1013889,-81.4419444
1979-03,circle,-33.861481,151.205475
1979-03,light,47.7544444,-122.1622222
1979-04,triangle,35.8238889,-80.2536111
1979-05,,31.1350000,-99.3347222
1979-05,circle,45.5,-73.583333
1979-05,circle,40.3152778,-74.2466667
1979-05,circle,35.0844444,-106.6505556
1979-05,formation,54.465,-110.183056
1979-06,disk,33.2466667,-84.2641667
1979-06,,40.8680556,-73.4261111
1979-06,,30.835882,31.078486
1979-06,,45.9047222,-122.7427778
1979-06,oval,51.099606,4.240459
1979-06,circle,28.5380556,-81.3794444
1979-06,circle,52.355518,-1.17432
1979-06,circle,39.0708333,-89.8561111
1979-06,light,41.3630556,-79.7622222
1979-06,cigar,44.1538889,-87.5691667
1979-06,rectangle,42.9836111,-77.3261111
1979-06,triangle,38.2972222,-122.2844444
1979-06,triangle,40.5583333,-85.6591667
1979-06,formation,44.0872222,-69.7994444
1979-06,cross,41.4994444,-81.6955556
1979-07,disk,42.0805556,-70.9361111
1979-07,disk,27.9472222,-82.4586111
1979-07,circle,47.937222,-122.444444
1979-07,light,55.783333,-4
1979-07,light,45.4077778,-122.5691667
1979-07,light,43.0480556,-76.1477778
1979-07,cigar,50.483333,7.233333
1979-07,triangle,33.9319444,-117.9452778
1979-08,disk,43.6008333,-83.1747222
1979-08,disk,53.800755,-1.549077
1979-08,circle,53.5,-2.216667
1979-08,light,34.413312,-80.796249
1979-08,light,41.5733333,-87.7844444
1979-08,triangle,47.4236111,-120.3091667
1979-08,triangle,41.7244444,-81.2458333
1979-08,triangle,41.2586111,-95.9375000
1979-08,changing,41.8500000,-87.6500000
1979-08,fireball,39.5861111,-74.2238889
1979-08,fireball,41.9294444,-88.7502778
1979-09,disk,37.3019444,-78.3922222
1979-09,disk,41.1111111,-74.0688889
1979-09,,30.2138889,-92.3744444
1979-09,,40.8427778,-73.2933333
1979-09,oval,30.6741667,-96.3697222
1979-09,triangle,41.4044444,-80.3913889
1979-09,sphere,39.3583333,-93.4955556
1979-10,disk,33.7922222,-118.3141667
1979-10,,40.8616667,-80.2866667
1979-10,light,40.3161111,-74.5141667
1979-10,rectangle,39.7530556,-74.2233333
1979-10,chevron,41.7002778,-73.9213889
1979-11,disk,49.25,-122.95
1979-11,circle,41.8038889,-73.5591667
1979-11,light,41.5380556,-72.8075000
1979-11,light,33.9686111,-112.7288889
1979-11,rectangle,40.66766,-121.446644
1979-11,formation,44.850452,-89.850501
1979-12,,42.4927778,-92.3427778
1979-12,circle,34.9494444,-81.9322222
1979-12,circle,39.0997222,-94.5783333
1980-01,sphere,37.8772222,-122.1786111
1980-01,,-16.816667,145.716667
1980-01,disk,41.7894444,-90.2191667
1980-02,light,44.5955556,-75.1694444
1980-02,triangle,38.6900000,-75.3858333
1980-02,cylinder,-38.662334,178.017649
1980-02,egg,36.8525000,-121.4005556
1980-03,disk,38.7508333,-77.4755556
1980-03,disk,34.2011111,-118.5972222
1980-03,circle,51.716667,.683333
1980-03,cigar,41.4338889,-73.1172222
1980-04,,52.3,-1.533333
1980-05,,41.2222222,-73.0569444
1980-05,light,45.8527778,-87.0216667
1980-05,circle,41.9294444,-88.7502778
1980-05,formation,43.538865,-90.429851
1980-05,changing,35.4675000,-97.5161111
1980-06,sphere,39.5138889,-121.5552778
1980-06,sphere,42.7158333,-78.8297222
1980-06,sphere,39.9522222,-75.1641667
1980-06,,39.063876,-77.891998
1980-06,,52.466667,-1.916667
1980-06,,35.6047222,-91.2816667
1980-06,,46.8219444,-123.0950000
1980-06,,42.1630556,-123.6469444
1980-06,,32.2744444,-94.9783333
1980-06,,41.7519444,-87.9738889
1980-06,light,38.9333333,-119.9833333
1980-06,light,46.521858,-84.34609
1980-06,disk,35.864734,14.519128
1980-06,disk,36.8525000,-121.4005556
1980-06,disk,47.6063889,-122.3308333
1980-06,circle,51.083333,-114.083333
1980-06,circle,27.9472222,-82.4586111
1980-06,circle,39.4272222,-75.2344444
1980-06,formation,53.55,-113.5
1980-06,triangle,42.2586111,-87.8405556
1980-06,triangle,36.1630556,-82.8311111
1980-06,diamond,32.2216667,-110.9258333
1980-07,,46.9494444,-91.7788889
1980-07,,32.9594444,-117.2644444
1980-07,triangle,37.7397222,-121.4241667
1980-07,triangle,42.7158333,-78.8297222
1980-07,cigar,38.2541667,-85.7594444
1980-07,cigar,42.1166667,-86.4541667
1980-08,,44.0583333,-121.3141667
1980-08,,42.0688889,-90.6655556
1980-08,light,41.5716667,-101.6911111
1980-08,light,35.3619444,-86.2094444
1980-08,disk,42.3313889,-83.0458333
1980-08,triangle,45.133333,-74
1980-09,light,44.9444444,-93.0930556
1980-09,light,40.8325000,-115.7622222
1980-09,disk,37.1305556,-121.6533333
1980-09,disk,41.8875000,-74.2944444
1980-09,rectangle,28.5380556,-81.3794444
1980-09,changing,40.057838,-74.137183
1980-10,sphere,40.5725,-111.859722
1980-10,light,42.9955556,-71.4552778
1980-10,triangle,35.3097222,-91.5677778
1980-10,rectangle,30.4866667,-90.9561111
1980-10,diamond,32.9480556,-96.7294444
1980-11,oval,39.2805556,-80.3447222
1980-12,sphere,32.015492,-80.861222
1980-12,disk,45.4236111,-91.4083333
1981-01,disk,35.5322222,-97.9547222
1981-01,triangle,38.8338889,-104.8208333
1981-01,diamond,39.5138889,-121.5552778
1981-03,cylinder,27.3361111,-82.5308333
1981-04,sphere,34.1808333,-118.3080556
1981-05,circle,51.203611,-2.180833
1981-05,cigar,39.2191667,-121.0600000
1981-06,sphere,48.766667,9.183333
1981-06,,38.4194444,-83.8255556
1981-06,light,39.3544444,-84.1272222
1981-06,disk,40.6027778,-79.5650000
1981-06,circle,44.9666667,-92.3741667
1981-06,circle,42.7958333,-74.6175000
1981-06,triangle,45.5236111,-122.6750000
1981-06,fireball,45.5947222,-121.1775000
1981-06,cigar,32.69441,-116.527069
1981-06,oval,26.0108333,-80.1497222
1981-06,rectangle,47.6063889,-122.3308333
1981-06,cylinder,71.3875,-156.481111
1981-06,diamond,37.5483333,-121.9875000
1981-07,light,45.1361111,-92.0947222
1981-07,light,36.5697222,-115.6697222
1981-07,light,40.1963889,-80.7752778
1981-07,light,39.0397222,-90.1405556
1981-07,disk,47.6480556,-121.9127778
1981-07,triangle,42.1686111,-92.0233333
1981-07,rectangle,39.8438889,-74.7105556
1981-08,,40.6669444,-111.8872222
1981-08,,42.3702778,-87.9019444
1981-08,light,38.3891667,-84.5375000
1981-08,formation,30.2669444,-97.7427778
1981-08,triangle,50.033333,-110.683333
1981-08,cylinder,40.3697222,-109.3341667
1981-08,cone,35.907757,127.766922
1981-09,disk,33.8900000,-84.1430556
1981-09,disk,33.5669444,-84.5811111
1981-10,,29.383845,-94.9027
1981-10,disk,39.9611111,-82.9988889
1981-10,disk,40.0150000,-105.2700000
1981-10,egg,33.581892,-111.253203
1981-11,,36.7472222,-95.9805556
1981-11,triangle,41.1983333,-74.4836111
1981-11,rectangle,44.4652778,-72.6850000
1982-01,light,34.924031,-117.891208
1982-01,cylinder,54.2,-5.883333
1982-04,light,-27.47101,153.024292
1982-05,,39.5297222,-119.8127778
1982-05,disk,40.1672222,-105.1013889
1982-06,sphere,43.0125000,-83.6875000
1982-06,sphere,42.0694444,-72.6152778
1982-06,sphere,36.0725000,-79.7922222
1982-06,,41.6361111,-70.9347222
1982-06,,42.6627778,-82.8425000
1982-06,light,28.6119444,-80.8077778
1982-06,light,32.8350000,-116.7655556
1982-06,disk,48.234236,-79.018784
1982-06,disk,41.658445,-70.128629
1982-06,disk,9.431944,-84.161111
1982-06,disk,32.3263889,-109.4863889
1982-06,circle,-28.00029,153.430878
1982-06,circle,47.5002778,-111.3000000
1982-06,circle,42.0372222,-88.2811111
1982-06,circle,47.4294444,-122.5444444
1982-06,circle,-14.599413,-28.673147
1982-06,triangle,39.3391667,-94.2258333
1982-06,triangle,37.5458333,-77.3280556
1982-06,chevron,41.2900000,-73.9208333
1982-06,egg,32.6858333,-117.1822222
1982-06,diamond,41.4700000,-87.6363889
1982-06,diamond,32.555556,-117.047043
1982-06,teardrop,39.6847222,-88.3063889
1982-07,light,46.879966,-121.726909
1982-07,light,41.2794444,-72.5988889
1982-07,disk,33.8622222,-118.3986111
1982-07,disk,49.816667,-92.983333
1982-07,disk,39.4802778,-80.2736111
1982-07,disk,36.1750000,-115.1363889
1982-07,cigar,34.9247222,-81.0252778
1982-07,cylinder,42.1816667,-87.8002778
1982-08,,20.422984,-86.922343
1982-08,light,43.666667,-79.416667
1982-08,disk,39.1458333,-121.5902778
1982-08,disk,40.809722,-96.675278
1982-08,oval,34.0522222,-118.2427778
1982-09,,37.6141667,-81.8666667
1982-09,light,39.1611111,-80.3522222
1982-09,light,38.3241667,-85.4725000
1982-09,disk,43.8013889,-91.2394444
1982-09,disk,33.7222222,-116.3736111
1982-09,flash,34.7983333,-83.4202778
1982-10,,46.8766667,-96.7030556
1982-10,light,56.72638,-111.380341
1982-10,light,30.2463889,-89.6111111
1982-10,disk,34.1866667,-118.4480556
1982-10,disk,-38.662334,178.017649
1982-10,circle,41.9219444,-71.5500000
1982-10,circle,29.4238889,-98.4933333
1982-10,chevron,37.0297222,-76.3455556
1982-10,oval,47.528713,-121.825391
1982-10,rectangle,44.7480556,-72.1766667
1982-10,rectangle,39.3330556,-82.9825000
1982-11,circle,42.586888,-82.919551
1982-11,changing,43.9186111,-69.8016667
1982-12,light,35.9555556,-80.0055556
1983-01,light,42.0569444,-94.7286111
1983-02,disk,26.7052778,-80.0366667
1983-02,fireball,28.4616667,-98.5488889
1983-03,,38.7805556,-95.5569444
1983-04,,40.3916667,-111.8500000
1983-04,,37.3636111,-118.3941667
1983-04,triangle,39.1588889,-108.7283333
1983-04,cigar,49.106382,-122.29296
1983-05,,46.9233333,-98.0027778
1983-05,disk,44.9800000,-93.2636111
1983-05,circle,30.8527778,-95.4033333
1983-06,sphere,36.2947222,-93.2919444
1983-06,sphere,17.956765,-102.194348
1983-06,,32.7152778,-117.1563889
1983-06,,32.7152778,-117.1563889
1983-06,,35.6677778,-101.3969444
1983-06,disk,33.8925000,-80.5183333
1983-06,disk,33.4483333,-112.0733333
1983-06,triangle,30.3319444,-81.6558333
1983-06,oval,41.4994444,-81.6955556
1983-07,sphere,40.9402778,-74.1322222
1983-07,,41.7002778,-73.9213889
1983-07,disk,51.514125,-.093689
1983-07,disk,30.2655556,-94.1994444
1983-07,formation,45.0441667,-96.7602778
1983-07,oval,43.1330556,-115.6902778
1983-07,changing,33.9375000,-117.2297222
1983-08,sphere,41.3080556,-72.9286111
1983-08,,42.6458333,-85.2908333
1983-08,disk,32.4608333,-84.9877778
1983-08,triangle,34.1866667,-118.4480556
1983-08,triangle,37.0477778,-80.7800000
1983-08,chevron,41.2366667,-73.6950000
1983-08,fireball,41.7636111,-72.6855556
1983-09,light,-24.628035,151.91414
1983-09,light,-33.861481,151.205475
1983-09,light,40.3444444,-86.6652778
1983-09,disk,40.6083333,-75.4905556
1983-09,triangle,44.566667,-80.85
1983-09,oval,53.233333,-112.233333
1983-10,,42.5611111,-71.5902778
1983-10,disk,35.3200000,-120.0058333
1983-10,disk,35.3200000,-120.0058333
1983-11,light,36.8527778,-75.9783333
1983-11,triangle,41.9269444,-73.9977778
1984-01,light,37.9513889,-91.7711111
1984-01,disk,24.466667,54.366667
1984-01,circle,42.0925000,-88.8511111
1984-02,,31.458371,35.398818
1984-02,formation,20.659699,-103.349609
1984-02,fireball,43.1158333,-72.1975000
1984-03,,45.0313889,-68.7291667
1984-03,circle,41.8438889,-74.0825000
1984-03,formation,41.8127778,-74.2547222
1984-04,disk,26.6155556,-80.0572222
1984-04,triangle,37.8555556,-86.9672222
1984-05,,34.5969444,-83.7633333
1984-05,disk,34.0522222,-118.2427778
1984-05,circle,39.1855556,-78.1636111
1984-05,circle,34.8986111,-117.0219444
1984-06,sphere,39.0150000,-94.1983333
1984-06,,33.7488889,-84.3880556
1984-06,,34.3622222,-92.8127778
1984-06,,33.2466667,-84.2641667
1984-06,circle,35.6008333,-82.5541667
1984-06,circle,31.7586111,-106.4863889
1984-06,triangle,41.8713889,-72.3691667
1984-06,fireball,40.1888889,-85.2041667
1984-06,fireball,40.3819444,-80.3930556
1984-06,cone,37.0058333,-80.7475000
1984-07,sphere,36.7280556,-76.5838889
1984-07,,55.75,-97.866667
1984-07,light,38.5558333,-93.9605556
1984-07,triangle,39.7955556,-85.5263889
1984-07,triangle,41.1922222,-73.7977778
1984-07,oval,41.406651,-73.638659
1984-07,cylinder,31.934819,-107.762249
1984-08,sphere,54.355278,-108.628333
1984-08,sphere,41.2083333,-73.8916667
1984-08,,45.583333,-75.416667
1984-08,circle,48.8800000,-115.0525000
1984-08,triangle,39.8772222,-75.0650000
1984-08,cigar,43.2991667,-73.6355556
1984-08,cigar,25.03428,-77.39628
1984-08,rectangle,39.9611111,-82.9988889
1984-08,rectangle,43.2966667,-87.9875000
1984-09,triangle,39.2902778,-76.6125000
1984-09,triangle,36.778261,-119.417932
1984-09,cigar,36.778261,-119.417932
1984-10,disk,40.163291,-110.402933
1984-10,circle,29.7630556,-95.3630556
1984-10,triangle,43.5341667,-70.9102778
1984-10,egg,33.4597222,-94.4152778
1984-11,,41.1238889,-100.7650000
1984-11,triangle,42.7119444,-73.2041667
1984-11,fireball,32.4063889,-97.2113889
1984-12,circle,41.5113889,-78.2355556
1985-01,,36.8527778,-75.9783333
1985-01,,26.575128,-80.063918
1985-01,,40.8625000,-76.7947222
1985-01,light,-14.599413,-28.673147
1985-01,changing,36.3433333,-81.2250000
1985-02,fireball,36.5569444,-89.9663889
1985-03,triangle,37.6922222,-97.3372222
1985-03,cigar,40.6833333,-96.2694444
1985-04,,41.8530556,-74.1394444
1985-04,cylinder,37.7750000,-122.4183333
1985-04,changing,40.7141667,-74.0063889
1985-05,circle,39.2805556,-80.3447222
1985-06,,48.816667,-56.866667
1985-06,,44.460479,-110.828138
1985-06,,37.3361111,-94.3011111
1985-06,light,41.665884,-84.436893
1985-06,disk,36.1538889,-95.9925000
1985-06,disk,27.9472222,-82.4586111
1985-06,disk,49.883333,-97.166667
1985-06,disk,25.9808333,-80.1486111
1985-06,disk,41.1961111,-84.9197222
1985-06,circle,41.4527778,-82.1825000
1985-06,circle,39.0061111,-77.4288889
1985-06,circle,40.0544444,-79.9322222
1985-06,formation,33.873415,-115.900992
1985-06,formation,30.4211111,-87.2169444
1985-06,triangle,15.870032,100.992541
1985-06,chevron,41.0338889,-73.7633333
1985-06,fireball,44.127686,18.597199
1985-07,sphere,33.4483333,-112.0733333
1985-07,,29.5605556,-104.3716667
1985-07,light,32.4205556,-104.2283333
1985-07,light,37.5072222,-122.2594444
1985-07,disk,38.0033333,-79.1561111
1985-07,disk,48.9180556,-122.7433333
1985-07,disk,50.386257,17.660428
1985-07,disk,47.1127778,-124.1725000
1985-07,triangle,43.0125000,-83.6875000
1985-07,triangle,41.2900000,-73.9208333
1985-07,chevron,40.9355556,-74.1866667
1985-07,changing,40.3450000,-74.1844444
1985-08,,47.3088889,-122.0019444
1985-08,,34.9186111,-95.3088889
1985-08,disk,41.442872,-74.388488
1985-08,disk,46.3,-79.45
1985-08,triangle,45.8852778,-95.3772222
1985-08,triangle,29.7630556,-95.3630556
1985-08,triangle,35.957392,-75.624062
1985-08,oval,39.3994444,-84.5613889
1985-08,rectangle,42.2063889,-78.1377778
1985-08,rectangle,41.3116667,-81.5683333
1985-09,,19.075984,72.877656
1985-09,light,41.494204,-73.052655
1985-09,formation,41.5963889,-73.9113889
1985-09,oval,43.55,-80.25
1985-09,rectangle,45.6722222,-118.7875000
1985-10,,35.423335,-120.618785
1985-10,disk,34.2463889,-80.6072222
1985-10,oval,39.9669444,-74.9430556
1985-10,oval,41.4513889,-75.6122222
1985-11,sphere,51.508515,-0.125487
1985-12,,32.6097222,-85.4808333
1986-01,rectangle,35.629009,-82.18067
1986-02,,36.8352778,-76.2986111
1986-02,disk,37.2266667,-121.9736111
1986-02,triangle,26.7052778,-80.0366667
1986-03,sphere,36.510071,-4.882447
1986-03,triangle,41.083575,-75.084476
1986-03,triangle,34.0522222,-118.2427778
1986-04,,33.0786111,-116.6011111
1986-04,,33.5777778,-101.8547222
1986-04,,45.1858333,-109.2461111
1986-04,light,30.2238889,-92.0197222
1986-04,triangle,-33.766667,150.916667
1986-05,,35.4494444,-97.3963889
1986-05,triangle,40.598187,-124.157276
1986-06,,41.5933333,-87.3463889
1986-06,,50.116667,-120.783333
1986-06,,28.5550000,-82.3880556
1986-06,,42.5291667,-85.8552778
1986-06,,30.9527778,-87.1513889
1986-06,,47.6063889,-122.3308333
1986-06,light,51.8800000,-176.6580556
1986-06,light,51.896892,-8.486316
1986-06,light,29.9544444,-90.0750000
1986-06,disk,52.355518,-1.17432
1986-06,disk,51.25,-1.916667
1986-06,circle,26.073412,-97.208584
1986-06,triangle,44.2694444,-83.5147222
1986-06,triangle,44.0288889,-88.1627778
1986-06,triangle,39.1369444,-76.6986111
1986-06,cigar,43.666667,-79.416667
1986-06,oval,65.2636111,-166.3608333
1986-07,,36.7358333,-83.2594444
1986-07,fireball,33.4483333,-112.0733333
1986-07,cigar,41.0086111,-91.9625000
1986-07,oval,41.8500000,-87.6500000
1986-07,diamond,30.057536,-95.190299
1986-08,sphere,36.9086111,-111.4727778
1986-08,sphere,33.6888889,-78.8869444
1986-08,,31.7719444,-91.8213889
1986-08,,36.1155556,-97.0580556
1986-08,,38.3483333,-92.5813889
1986-08,disk,61.2180556,-149.9002778
1986-08,triangle,39.6580556,-83.7350000
1986-08,triangle,40.4711111,-83.8927778
1986-08,triangle,45.3002778,-122.9719444
1986-08,cigar,41.2230556,-111.9730556
1986-08,diamond,42.1672222,-85.8469444
1986-09,triangle,38.3030556,-77.4608333
1986-10,,33.5725000,-84.4133333
1986-10,disk,35.9605556,-83.9208333
1986-10,triangle,41.389491,-82.019032
1986-10,cigar,44.9430556,-123.0338889
1986-10,diamond,35.152027,-86.570551
1986-11,light,53,-2.183333
1986-12,triangle,29.1869444,-82.1402778
1986-12,rectangle,29.1869444,-82.1402778
1987-01,,34.4480556,-119.2419444
1987-01,disk,36.1750000,-115.1363889
1987-02,,33.0841667,-96.5763889
1987-03,light,42.4083333,-71.0125000
1987-03,light,37.9747222,-87.5558333
1987-03,triangle,35.6969444,-82.5608333
1987-04,sphere,42.2711111,-89.0938889
1987-04,,27.9655556,-82.8002778
1987-04,formation,40.3769444,-111.7950000
1987-04,cigar,34.0350000,-77.8938889
1987-05,,44.5469444,-69.6216667
1987-05,,40.8663889,-73.0361111
1987-05,disk,29.4238889,-98.4933333
1987-05,chevron,42.8141667,-73.9400000
1987-06,,37.7750000,-122.4183333
1987-06,,51.083333,-114.083333
1987-06,,51.983333,-3.783333
1987-06,,36.2083333,-115.9830556
1987-06,disk,37.0841667,-94.5130556
1987-06,disk,27.3361111,-82.5308333
1987-06,disk,30.5769444,-94.6861111
1987-06,formation,34.7463889,-92.2894444
1987-06,triangle,39.6988889,-78.1800000
1987-06,triangle,39.6427778,-84.2866667
1987-06,fireball,39.011902,-98.484246
1987-06,oval,43.0480556,-76.1477778
1987-06,oval,45.3513889,-89.6663889
1987-07,sphere,38.878207,-105.247849
1987-07,sphere,45.6238889,-70.2550000
1987-07,sphere,29.7630556,-95.3630556
1987-07,sphere,38.8402778,-97.6111111
1987-07,,43.4577778,-88.8372222
1987-07,,44.1858333,-88.4625000
1987-07,,40.4991667,-74.3994444
1987-07,circle,36.0344444,-89.3855556
1987-07,triangle,33.7358333,-118.2913889
1987-07,oval,40.7141667,-74.0063889
1987-07,rectangle,37.0919444,-84.6041667
1987-08,light,47.647661,-122.641258
1987-08,chevron,30.4380556,-84.2808333
1987-08,chevron,34.7444444,-120.2772222
1987-08,cigar,25.091075,121.559834
1987-08,cylinder,53.916667,-122.766667
1987-09,,34.2247222,-118.4488889
1987-09,,35.6869444,-105.9372222
1987-09,light,32.4063889,-97.2113889
1987-09,triangle,42.8711111,-97.3969444
1987-10,light,36.9483333,-81.0850000
1987-10,light,53.416667,-3
1987-10,triangle,41.6986111,-88.0683333
1987-10,triangle,51.633333,-3.966667
1987-10,fireball,43.1488889,-72.3611111
1987-11,circle,29.2094444,-99.7858333
1987-11,triangle,45.483333,-75.65
1987-11,chevron,35.9605556,-83.9208333
1987-12,circle,-32.927792,151.784485
1987-12,fireball,38.392978,21.834873
1987-12,cigar,38.1986111,-92.6386111
1988-01,,40.9225000,-90.0144444
1988-01,triangle,41.9847222,-88.0797222
1988-01,cigar,-33.861481,151.205475
1988-01,oval,42.3750000,-71.1061111
1988-02,oval,32.2522222,-88.1008333
1988-03,disk,41.0252778,-90.2797222
1988-03,triangle,37.5419444,-77.9191667
1988-03,fireball,35.1552778,-120.6713889
1988-03,egg,41.1327778,-73.7930556
1988-03,changing,40.7302778,-80.3102778
1988-04,light,32.7833333,-96.8000000
1988-05,sphere,39.4186111,-76.2947222
1988-05,sphere,40.5594444,-79.9588889
1988-05,,29.7630556,-95.3630556
1988-05,disk,42.7616667,-82.9013889
1988-06,sphere,29.8944444,-81.3147222
1988-06,sphere,35.0844444,-106.6505556
1988-06,,37.9063889,-122.0638889
1988-06,,38.5366667,-82.6830556
1988-06,light,30.4211111,-87.2169444
1988-06,light,41.6594444,-81.4544444
1988-06,circle,38.4022222,-122.8227778
1988-06,diamond,34.0522222,-118.2427778
1988-06,cross,32.9536111,-96.8900000
1988-07,sphere,49.883333,-97.166667
1988-07,sphere,34.1866667,-118.4480556
1988-07,light,35.2650000,-116.0736111
1988-07,formation,22.396428,114.109497
1988-07,triangle,30.3319444,-81.6558333
1988-07,oval,29.7630556,-95.3630556
1988-07,egg,33.9791667,-118.0319444
1988-08,sphere,44.5861111,-69.5513889
1988-08,sphere,35.6505556,-78.4566667
1988-08,,36.7280556,-108.2180556
1988-08,,39.950185,-119.600464
1988-08,,41.6336111,-74.3783333
1988-08,,34.5027778,-81.6116667
1988-08,,39.7391667,-104.9841667
1988-08,light,42.9919444,-76.0719444
1988-08,circle,32.3413889,-90.3216667
1988-08,circle,41.2619444,-73.9386111
1988-08,triangle,40.9955556,-82.6672222
1988-08,triangle,37.5950000,-120.9566667
1988-08,oval,38.7838889,-90.4811111
1988-08,rectangle,35.0525000,-83.1969444
1988-09,sphere,46.766667,23.583333
1988-09,sphere,40.7583333,-82.5155556
1988-09,disk,33.3941667,-104.5225000
1988-09,circle,42.6011111,-89.6383333
1988-09,circle,50.331614,-4.51699
1988-09,oval,42.3313889,-83.0458333
1988-09,flash,33.9533333,-117.3952778
1988-10,light,25.7738889,-80.1938889
1988-10,formation,41.523427,-73.646795
1988-10,cigar,-37.813938,144.963425
1988-10,oval,34.037243,-118.309087
1988-11,disk,44.0077778,-76.0447222
1988-11,disk,44.0077778,-76.0447222
1988-11,circle,-20.347782,-40.294953
1988-11,triangle,37.9577778,-121.2897222
1988-12,light,19.7297222,-155.0900000
1988-12,disk,40.7713889,-84.6155556
1988-12,changing,25.789097,-80.204044
1989-01,,34.1083333,-117.2888889
1989-01,disk,41.3113889,-105.5905556
1989-02,,32.0833333,-81.1000000
1989-02,oval,38.6244444,-76.9394444
1989-03,sphere,29.7630556,-95.3630556
1989-04,,34.0700000,-117.1336111
1989-04,,40.7141667,-74.0063889
1989-04,cylinder,37.910619,-75.452572
1989-04,changing,39.0638889,-108.5500000
1989-05,,34.8697222,-111.7602778
1989-05,,32.752652,-117.11618
1989-05,circle,35.21653,-114.038764
1989-05,cigar,37.5536111,-77.4605556
1989-06,,41.7169444,-74.3961111
1989-06,,40.7141667,-74.0063889
1989-06,light,52.466667,-1.916667
1989-06,disk,26.0730556,-97.2083333
1989-06,triangle,33.9255556,-116.8755556
1989-06,rectangle,40.2322222,-76.8850000
1989-07,sphere,38.4405556,-122.7133333
1989-07,triangle,41.2844444,-84.3558333
1989-08,light,38.2966667,-85.7600000
1989-08,disk,38.1075000,-122.5686111
1989-08,circle,52.466667,-1.916667
1989-08,triangle,45.5947222,-121.1775000
1989-08,rectangle,41.8477778,-74.5483333
1989-08,cylinder,41.1594444,-73.7652778
1989-09,,26.9616667,-82.3527778
1989-09,chevron,25.7738889,-80.1938889
1989-09,teardrop,34.1616667,-118.0519444
1989-10,sphere,41.2455556,-89.9247222
1989-10,,54.083333,-125.016667
1989-10,disk,35.3338889,-81.8652778
1989-10,triangle,39.6294444,-79.9561111
1989-10,fireball,35.0525000,-78.8786111
1989-10,oval,38.1394444,-90.5550000
1989-10,oval,46.183333,-62.533333
1989-10,oval,37.9900000,-84.1797222
1989-11,sphere,35.46756,-97.516428
1989-11,,18.3966667,-67.1136111
1989-11,disk,53.29279,-6.141937
1989-11,circle,36.5869444,-93.9658333
1989-11,triangle,35.9986111,-96.1138889
1989-11,cigar,52.133333,-106.666667
1989-11,egg,37.276675,-115.798936
1989-12,,39.0997222,-94.5783333
1989-12,light,-33.46912,-70.641997
1989-12,disk,41.8500000,-87.6500000
1990-01,triangle,55.403692,11.355257
1990-02,,42.3583333,-71.0602778
1990-02,,31.5086111,-82.8500000
1990-02,chevron,43.316667,-79.8
1990-03,,50.503887,4.469936
1990-03,light,57.0530556,-135.3300000
1990-04,,51.983333,9.25
1990-04,light,41.1233333,-73.7794444
1990-05,,33.9022222,-118.0808333
1990-05,sphere,59.119149,-151.68817
1990-05,fireball,40.678669,-82.582393
1990-05,circle,40.7988889,-81.3786111
1990-05,chevron,38.8902778,-77.0844444
1990-05,disk,34.0050000,-118.8091667
1990-05,teardrop,40.267754,-74.540251
1990-06,triangle,47.5675000,-122.6313889
1990-06,triangle,39.045755,-76.641271
1990-06,triangle,43.383333,-80.316667
1990-06,triangle,45.5947222,-121.1775000
1990-06,triangle,31.7586111,-106.4863889
1990-06,,41.943937,-85.632493
1990-06,,40.2013889,-77.1891667
1990-06,,54.766667,-1.566667
1990-06,,34.0522222,-118.2427778
1990-06,,45.0408333,-93.2627778
1990-06,sphere,38.7891667,-90.3225000
1990-06,sphere,39.3752778,-122.5430556
1990-06,rectangle,32.7152778,-117.1563889
1990-06,circle,34.7047222,-85.2819444
1990-06,circle,40.7536111,-86.0688889
1990-06,disk,37.8455556,-83.8583333
1990-06,disk,39.7788889,-75.5986111
1990-07,triangle,40.6866667,-73.3738889
1990-07,triangle,38.2775000,-85.7372222
1990-07,,32.7152778,-117.1563889
1990-07,,33.953349,-117.396156
1990-07,sphere,37.3058333,-89.5180556
1990-07,light,37.1041667,-119.3166667
1990-07,light,38.5816667,-121.4933333
1990-07,light,39.2641667,-76.9927778
1990-07,light,40.3930556,-90.1547222
1990-07,light,52.266667,-113.8
1990-07,light,34.0922222,-117.4341667
1990-07,rectangle,45.0788889,-123.4847222
1990-07,changing,39.4097222,-123.3544444
1990-07,fireball,25.7738889,-80.1938889
1990-08,triangle,33.7825000,-117.2277778
1990-08,,42.4375000,-71.7611111
1990-08,,42.0750000,-72.0338889
1990-08,,38.6858333,-121.0811111
1990-08,,41.2586111,-95.9375000
1990-08,,36.9741667,-122.0297222
1990-08,formation,35.0241667,-110.6966667
1990-08,sphere,45.537895,-121.568408
1990-08,light,44.1858333,-88.4625000
1990-08,circle,40.8000000,-96.6666667
1990-08,circle,53.55,-113.5
1990-09,triangle,42.4133333,-89.0091667
1990-09,triangle,39.1580556,-75.5247222
1990-09,triangle,41.4552778,-74.2630556
1990-09,,34.6402778,-78.4841667
1990-09,sphere,35.8888889,-79.8080556
1990-09,light,32.7833333,-96.8000000
1990-09,fireball,46.9811111,-123.8880556
1990-10,triangle,29.4747222,-81.1272222
1990-10,sphere,39.6977778,-76.0630556
1990-10,light,35.022871,-93.699918
1990-10,oval,48.0511111,-119.9022222
1990-11,light,28.3505556,-80.7255556
1990-11,light,42.6333333,-71.3166667
1990-11,circle,27,49.666667
1990-12,,32.5563889,-95.8630556
1990-12,,46.2730556,-123.9441667
1990-12,,43.0730556,-89.4011111
1990-12,,40.4850000,-106.8311111
1990-12,oval,46.481336,-90.05295
1991-01,,40.0277778,-74.8694444
1991-01,,42.8352778,-71.6494444
1991-01,,4.890278,114.942222
1991-01,sphere,33.8675000,-117.9972222
1991-01,light,32.6125000,-90.0366667
1991-02,circle,39.7047222,-105.0808333
1991-03,,41.1219444,-74.5808333
1991-03,,46.34324,-72.543283
1991-03,sphere,46.2569444,-99.5566667
1991-03,light,42.983333,-79.25
1991-04,,17.92395,73.803675
1991-04,changing,38.5816667,-121.4933333
1991-04,oval,33.4597222,-94.4152778
1991-05,,49.043411,3.956242
1991-05,light,36.177146,-114.417332
1991-05,disk,42.2722222,-84.9633333
1991-06,triangle,39.1580556,-75.5247222
1991-06,triangle,40.7905556,-73.2022222
1991-06,,27.7705556,-82.6794444
1991-06,light,41.0322222,-76.3083333
1991-06,rectangle,44.350193,-80.248215
1991-06,circle,33.6602778,-117.9983333
1991-06,circle,39.3641667,-74.4233333
1991-06,disk,41.8388889,-89.4794444
1991-06,disk,42.6055556,-83.1500000
1991-06,disk,43.0125000,-83.6875000
1991-06,disk,33.223191,43.679291
1991-06,diamond,32.7947222,-116.9616667
1991-07,triangle,36.8527778,-75.9783333
1991-07,triangle,42.1305556,-71.0416667
1991-07,triangle,38.7827778,-84.6052778
1991-07,sphere,46.216667,-63.483333
1991-07,light,29.7630556,-95.3630556
1991-07,light,40.875924,-75.732413
1991-07,circle,26.1833333,-98.1227778
1991-07,egg,40.8044444,-90.4016667
1991-07,disk,42.7622222,-84.8963889
1991-07,disk,37.6922222,-97.3372222
1991-08,,28.2916667,-81.4077778
1991-08,,22.0783333,-159.3219444
1991-08,light,41.6638889,-83.5552778
1991-08,light,42.1130556,-70.8125000
1991-08,rectangle,45.4,-64.316667
1991-08,circle,45.537895,-121.568408
1991-08,egg,46.5436111,-87.3952778
1991-08,disk,38.9822222,-94.6705556
1991-08,disk,37.1230556,-120.2591667
1991-09,triangle,46.344128,-122.519345
1991-09,,43.710173,7.261953
1991-09,,54.443649,-124.254097
1991-09,,46.218826,-120.751419
1991-09,,49.9,-119.483333
1991-09,sphere,33.8025000,-93.3808333
1991-09,light,35.2338889,-92.3875000
1991-09,light,42.4391667,-123.3272222
1991-09,oval,32.8525,-106.106389
1991-10,light,40.954722,-105.349167
1991-10,circle,33.7800000,-118.2616667
1991-10,disk,32.7177778,-100.9172222
1991-11,triangle,41.8297222,-86.2541667
1991-11,triangle,41.9866667,-83.8311111
1991-11,triangle,38.8338889,-104.8208333
1991-11,triangle,37.6455556,-91.5358333
1991-12,changing,35.3233333,-84.5250000
1991-12,circle,43.3361111,-85.8108333
1991-12,circle,37.9513889,-86.7677778
1991-12,circle,43.3719444,-83.5833333
1991-12,disk,32.8405556,-83.6325000
1992-02,light,42.4391667,-123.3272222
1992-02,circle,38.5816667,-121.4933333
1992-03,light,-26.564918,27.943939
1992-04,,41.7636111,-72.6855556
1992-04,,37.6305556,-122.4100000
1992-04,formation,37.865101,-119.538329
1992-04,oval,28.3322222,-98.1172222
1992-04,disk,36.9902778,-86.4436111
1992-04,cone,-35.27603,149.13435
1992-05,triangle,42.485093,-71.43284
1992-05,triangle,32.4205556,-104.2283333
1992-05,,-37.813938,144.963425
1992-05,,39.5950000,-75.1705556
1992-05,oval,41.8338889,-75.8775000
1992-06,triangle,39.2758333,-121.6588889
1992-06,,51.083333,-3
1992-06,,41.0050000,-73.7850000
1992-06,,42.7188889,-77.6766667
1992-06,cigar,40.8000000,-96.6666667
1992-06,sphere,53.8,-1.583333
1992-06,sphere,36.18061,-115.230135
1992-06,light,40.7141667,-74.0063889
1992-06,light,38.2211111,-90.3788889
1992-06,rectangle,41.6611111,-72.7800000
1992-06,cylinder,35.7563889,-83.9705556
1992-06,changing,35.416916,-119.107237
1992-06,circle,36.9975000,-79.8922222
1992-06,egg,38.317271,-88.90312
1992-06,disk,30.5888889,-98.3836111
1992-06,disk,34.5644444,-92.5866667
1992-07,triangle,32.9125000,-96.6386111
1992-07,triangle,29.7630556,-95.3630556
1992-07,,45.266667,-66.066667
1992-07,,48.7052778,-119.4383333
1992-07,,47.4538889,-122.3205556
1992-07,,40.497171,18.12059
1992-07,cigar,37.7138889,-97.1361111
1992-07,sphere,42.8005556,-71.3047222
1992-07,light,37.865101,-119.538329
1992-07,light,47.3483333,-122.1136111
1992-07,fireball,44.3572222,-73.3925000
1992-07,circle,35.9572222,-75.6244444
1992-07,circle,46.1383333,-122.9369444
1992-07,chevron,34.0522222,-118.2427778
1992-07,oval,26.0027778,-80.2241667
1992-07,disk,38.9777778,-77.0077778
1992-08,triangle,38.5788889,-122.5786111
1992-08,cigar,39.8916667,-75.3000000
1992-08,light,42.6183333,-82.5311111
1992-08,light,44.5191667,-88.0197222
1992-08,light,38.5450000,-121.7394444
1992-08,disk,40.0977778,-74.2180556
1992-09,,46.0516667,-122.2983333
1992-09,sphere,45.716667,-64.25
1992-09,light,40.1633333,-110.4022222
1992-09,circle,46.2272222,-116.0283333
1992-09,disk,34.2255556,-77.9450000
1992-09,flash,45.0097222,-93.3488889
1992-10,triangle,32.5402778,-82.9038889
1992-10,,40.0177778,-79.5897222
1992-10,,37.952262,-80.232131
1992-10,sphere,32.624539,-115.452262
1992-10,chevron,35.77959,-78.638179
1992-10,disk,40.7141667,-74.0063889
1992-10,disk,40.4405556,-79.9961111
1992-10,disk,39.8819444,-84.0097222
1992-11,,34.0522222,-118.2427778
1992-11,light,40.3055556,-89.6027778
1992-11,disk,-14.599413,-28.673147
1992-12,fireball,43.033333,-79.283333
1993-01,triangle,35.9127778,-100.3816667
1993-01,,42.4405556,-76.4969444
1993-02,delta,31.3380556,-94.7288889
1993-02,disk,-37.813938,144.963425
1993-03,triangle,34.2572222,-118.6002778
1993-03,triangle,52.666667,1
1993-03,light,35.2219444,-101.8308333
1993-04,,-32.433333,149.583333
1993-04,cigar,37.2694444,-107.0091667
1993-04,light,32.8994444,-105.9597222
1993-04,disk,29.4238889,-98.4933333
1993-04,disk,51.514125,-.093689
1993-05,triangle,47.4236111,-120.3091667
1993-05,,47.7544444,-122.1622222
1993-05,,45.6388889,-122.6602778
1993-05,formation,41.3113889,-105.5905556
1993-05,cigar,41.8050000,-80.9483333
1993-05,cigar,37.3183333,-84.9394444
1993-05,light,33.9791667,-118.0319444
1993-05,diamond,41.2794444,-72.8155556
1993-06,triangle,26.1888889,-98.1550000
1993-06,triangle,39.7527778,-79.0811111
1993-06,triangle,44.775529,17.214967
1993-06,triangle,43.9,-78.866667
1993-06,,44.6377778,-69.5036111
1993-06,,40.6408333,-122.2313889
1993-06,,38.5816667,-121.4933333
1993-06,,36.9741667,-122.0297222
1993-06,sphere,55.633333,-3.183333
1993-06,light,33.7091667,-117.1963889
1993-06,light,39.7155556,-82.9530556
1993-06,cylinder,38.2544444,-76.9638889
1993-06,circle,47.6816667,-122.2075000
1993-06,oval,20.7850000,-156.4655556
1993-06,oval,35.899473,-85.023346
1993-06,diamond,52.664913,-1.034894
1993-06,flash,35.696111,51.423056
1993-07,triangle,31.7380556,-99.9469444
1993-07,triangle,37.7666667,-120.8461111
1993-07,triangle,44.9800000,-93.2636111
1993-07,,40.0311111,-81.5886111
1993-07,,40.7141667,-74.0063889
1993-07,,37.0430556,-100.9205556
1993-07,formation,19.7297222,-155.0900000
1993-07,formation,43.0944444,-79.0569444
1993-07,sphere,29.7855556,-95.8241667
1993-07,light,47.851633,-122.271724
1993-07,rectangle,41.1544444,-96.0419444
1993-07,circle,41.6619444,-86.1586111
1993-07,oval,45.220229,-63.318204
1993-07,disk,46.153273,-74.583602
1993-07,diamond,47.8052778,-122.1119444
1993-08,triangle,42.5997222,-71.3677778
1993-08,triangle,29.8944444,-81.3147222
1993-08,,36.8347222,-81.5150000
1993-08,,33.0786111,-116.6011111
1993-08,sphere,47.6105556,-122.1994444
1993-08,light,54.766667,-1.566667
1993-08,fireball,54.243925,-0.777553
1993-08,circle,33.1658333,-92.7444444
1993-08,chevron,20.8783333,-156.6825000
1993-08,disk,36.9902778,-86.4436111
1993-09,triangle,47.6063889,-122.3308333
1993-09,triangle,32.7252778,-114.6236111
1993-09,sphere,37.3636111,-118.3941667
1993-09,circle,64.282327,-135
1993-09,circle,41.2427778,-73.2011111
1993-10,triangle,26.5625000,-81.9497222
1993-10,sphere,37.7741667,-87.1133333
1993-10,light,45.4297222,-108.5325000
1993-10,disk,30.3025000,-93.1905556
1993-11,triangle,37.9747222,-87.5558333
1993-11,triangle,35.0844444,-106.6505556
1993-11,triangle,39.6066667,-75.8336111
1993-11,triangle,42.8047222,-102.2027778
1993-11,formation,46.4355556,-109.8336111
1993-11,egg,41.4961111,-85.3766667
1993-12,triangle,41.8438889,-79.1452778
1993-12,,41.7002778,-73.9213889
1993-12,formation,41.0041667,-92.3736111
1993-12,light,-33.137551,81.826172
1993-12,circle,35.7452778,-81.6850000
1993-12,oval,34.4436111,-118.6086111
1993-12,oval,33.5422222,-117.7822222
1994-01,triangle,40.5866667,-122.3905556
1994-01,,41.1133333,-74.2458333
1994-01,chevron,29.1383333,-83.0352778
1994-01,disk,40.6111111,-111.8991667
1994-02,light,34.51994,-105.87009
1994-02,oval,44.583333,-75.683333
1994-03,triangle,38.5733333,-109.5491667
1994-03,triangle,43.0125000,-83.6875000
1994-03,,36.0041667,-120.1280556
1994-03,,42.3086111,-83.4822222
1994-03,,51.514125,-.093689
1994-03,light,37.8044444,-122.2697222
1994-03,cylinder,34.4605556,-86.2333333
1994-03,disk,33.3444444,-89.0452778
1994-04,,29.2888889,-98.6441667
1994-04,sphere,35.0844444,-106.6505556
1994-04,sphere,36.783914,-103.968026
1994-04,light,42.386149,-82.911859
1994-04,light,35.1425000,-119.4555556
1994-04,light,41.4825000,-73.4100000
1994-04,rectangle,34.5400000,-112.4677778
1994-04,fireball,44.2950000,-93.2686111
1994-04,circle,26.0108333,-80.1497222
1994-04,disk,40.6213889,-79.1527778
1994-04,flash,30.3655556,-88.5561111
1994-05,triangle,38.5816667,-121.4933333
1994-05,triangle,32.7919444,-115.5622222
1994-05,,44.63361,-86.23454
1994-05,sphere,41.6819444,-85.9766667
1994-05,light,52.133333,-106.666667
1994-05,fireball,-82.862752,-135
1994-05,fireball,33.1444444,-116.1333333
1994-05,oval,40.4405556,-79.9961111
1994-05,disk,38.223453,-80.09451
1994-05,diamond,46.483333,-67.416667
1994-06,triangle,29.3011111,-94.7975000
1994-06,triangle,42.3583333,-71.0602778
1994-06,triangle,36.7280556,-108.2180556
1994-06,triangle,35.20105,-91.831833
1994-06,,39.6066667,-75.8336111
1994-06,,47.44732,-122.45985
1994-06,,47.3225000,-122.3113889
1994-06,,33.1136111,-94.1641667
1994-06,,41.6527778,-70.2833333
1994-06,cigar,34.0050000,-118.8091667
1994-06,light,41.6666667,-70.1852778
1994-06,light,33.0163889,-86.3122222
1994-06,rectangle,32.3666667,-86.3000000
1994-06,rectangle,41.3661111,-81.8544444
1994-06,changing,43.4666667,-112.0333333
1994-06,circle,51.508515,-0.125487
1994-06,oval,37.5536111,-77.4605556
1994-06,flash,32.165622,-82.900075
1994-07,triangle,33.849185,-117.18948
1994-07,triangle,39.2333333,-84.1613889
1994-07,triangle,41.4297222,-72.0825000
1994-07,,45.4300000,-122.3736111
1994-07,,52.632381,4.753375
1994-07,,45.3575000,-122.6055556
1994-07,,41.2872222,-84.5536111
1994-07,sphere,32.8338889,-109.7069444
1994-07,light,42.1033333,-73.5505556
1994-07,light,37.0891667,-122.0852778
1994-07,light,43.4316667,-103.4738889
1994-07,light,43.7608333,-70.5261111
1994-07,rectangle,42.1291667,-80.0852778
1994-07,circle,44.233333,-76.483333
1994-07,egg,35.7325000,-78.8505556
1994-07,oval,-34.424,150.893448
1994-07,disk,40.7141667,-74.0063889
1994-08,triangle,42.5083333,-89.0316667
1994-08,triangle,40.0025000,-74.0608333
1994-08,triangle,50.1,-108.483333
1994-08,,42.280031,-83.74343
1994-08,,32.428363,-112.871329
1994-08,,42.280031,-83.74343
1994-08,formation,42.2411111,-83.6130556
1994-08,cigar,37.1894444,-84.1177778
1994-08,sphere,41.0255556,-81.7300000
1994-08,light,39.775847,-82.756289
1994-08,circle,-33.899548,150.703472
1994-08,disk,41.7413889,-105.9741667
1994-08,flash,32.7152778,-117.1563889
1994-09,,39.0725000,-93.7169444
1994-09,,41.2613889,-114.1933333
1994-09,sphere,35.2480556,-93.0488889
1994-09,light,48.633082,-122.928982
1994-09,changing,42.4391667,-123.3272222
1994-09,changing,47.0800000,-122.0502778
1994-09,fireball,41.4713889,-75.6080556
1994-09,disk,40.6638889,-74.2111111
1994-09,disk,40.4405556,-79.9961111
1994-10,triangle,34.4208333,-119.6972222
1994-10,,28.635308,77.22496
1994-10,cigar,26.149798,-97.913611
1994-10,sphere,50.39514,-3.513924
1994-10,sphere,36.1075000,-83.2869444
1994-10,sphere,43.666667,-79.416667
1994-10,sphere,29.4116667,-82.1100000
1994-10,light,35.4872222,-80.6219444
1994-10,light,40.4405556,-79.9961111
1994-10,changing,36.3230556,-86.7133333
1994-10,circle,41.9000000,-71.0902778
1994-10,circle,35.3613889,-86.8397222
1994-10,circle,28.5555556,-82.4505556
1994-10,chevron,36.8297222,-84.8491667
1994-10,chevron,33.9533333,-117.3952778
1994-10,oval,48.4,-89.233333
1994-10,disk,39.6005556,-82.9461111
1994-11,triangle,39.2930556,-83.9888889
1994-11,,42.2411111,-83.6130556
1994-11,light,33.7488889,-84.3880556
1994-11,light,40.8972222,-98.2144444
1994-11,light,61.5997222,-149.1127778
1994-11,rectangle,28.8355556,-82.3305556
1994-11,oval,35.18327,-111.702965
1994-11,disk,38.9105556,-122.6091667
1994-11,diamond,41.3436111,-86.3097222
1994-12,,41.1544444,-74.1933333
1994-12,,41.2377778,-80.6644444
1994-12,,41.5950000,-72.6458333
1994-12,,40.2969444,-111.6938889
1994-12,,39.8977778,-84.3063889
1994-12,,34.3988889,-119.5175000
1994-12,formation,22.233104,-97.861099
1994-12,light,47.6063889,-122.3308333
1994-12,light,42.9083333,-94.0736111
1994-12,fireball,43.681611,-80.027781
1994-12,chevron,37.7808333,-90.4216667
1994-12,oval,36.0725000,-79.7922222
1995-01,triangle,34.9675000,-82.4436111
1995-01,triangle,32.3475000,-97.3863889
1995-01,triangle,45.3808333,-122.5936111
1995-01,,43.0344444,-76.4483333
1995-01,,47.504722,-111.187222
1995-01,,42.5791667,-84.4436111
1995-01,,32.1741667,-88.8313889
1995-01,,21.303865,-157.653544
1995-01,,40.2736111,-76.8847222
1995-01,,45.5236111,-122.6750000
1995-01,,31.4636111,-100.4366667
1995-01,,46.3958333,-112.7291667
1995-01,,28.2438889,-82.7194444
1995-01,light,48.5394444,-121.7450000
1995-01,rectangle,48.7052778,-119.4383333
1995-01,changing,34.1975000,-119.1761111
1995-01,fireball,29.31166,47.481766
1995-01,disk,47.2033333,-122.2391667
1995-02,,38.4494444,-78.8691667
1995-02,,41.5200000,-81.4888889
1995-02,,38.5816667,-121.4933333
1995-02,,48.0111111,-122.7675000
1995-02,,33.6602778,-117.9983333
1995-02,,47.5708333,-122.2208333
1995-02,,46.8772222,-96.7894444
1995-02,,42.4963889,-89.9894444
1995-02,,42.217817,-85.891125
1995-02,,47.8602778,-122.2030556
1995-02,,37.6938889,-85.8591667
1995-02,,45.6469444,-84.4744444
1995-02,,47.2530556,-122.4430556
1995-02,cigar,33.3319444,-89.7411111
1995-02,sphere,41.0477778,-79.8136111
1995-02,disk,40.417287,-82.907123
1995-03,triangle,33.2558333,-116.3741667
1995-03,,45.5236111,-122.6750000
1995-03,,29.6513889,-82.3250000
1995-03,,44.9738889,-69.5466667
1995-03,,36.4744444,-81.8050000
1995-03,,36.8188889,-76.2752778
1995-03,,47.6063889,-122.3308333
1995-03,,36.6002778,-121.8936111
1995-03,,42.8122222,-85.7227778
1995-03,,36.1750000,-115.1363889
1995-03,,28.5380556,-81.3794444
1995-03,,45.5236111,-122.6750000
1995-03,,33.5091667,-111.8983333
1995-03,,35.3733333,-119.0177778
1995-03,,35.1716667,-103.7244444
1995-03,,47.6063889,-122.3308333
1995-03,,34.46735,-114.37574
1995-03,,39.6019444,-74.8430556
1995-03,,47.6105556,-122.1994444
1995-03,,47.6741667,-122.1202778
1995-03,,21.3069444,-157.8583333
1995-03,,37.3341667,-79.5233333
1995-03,,47.6063889,-122.3308333
1995-03,,43.0125000,-83.6875000
1995-03,light,40.389706,-105.464163
1995-03,chevron,41.3947222,-73.4544444
1995-04,triangle,33.6638889,-114.2291667
1995-04,triangle,42.9633333,-85.6680556
1995-04,,40.4469444,-75.9666667
1995-04,,42.7469444,-84.4011111
1995-04,,42.4413889,-85.3755556
1995-04,,40.3200000,-75.6105556
1995-04,,35.3733333,-119.0177778
1995-04,,42.0022222,-83.3086111
1995-04,,40.0711111,-74.8652778
1995-04,,33.6411111,-117.9177778
1995-04,,40.1244444,-87.6300000
1995-04,,45.3575000,-122.6055556
1995-04,,34.5008333,-117.1850000
1995-04,,47.2530556,-122.4430556
1995-04,,30.2669444,-97.7427778
1995-04,,47.751074,-120.740139
1995-04,,44.3105556,-69.7800000
1995-04,,29.4236111,-95.2438889
1995-04,,33.7319444,-84.9191667
1995-04,,41.9283333,-124.1458333
1995-04,,35.1494444,-90.0488889
1995-04,,32.7152778,-117.1563889
1995-04,,47.7544444,-122.1622222
1995-04,sphere,37.2705556,-76.7077778
1995-04,light,42.2041667,-72.6166667
1995-04,circle,40.1083333,-83.7525000
1995-04,diamond,48.5344444,-123.0158333
1995-05,triangle,42.6583333,-83.1500000
1995-05,,34.1394444,-117.9763889
1995-05,,48.3683333,-124.6236111
1995-05,,40.8680556,-73.4261111
1995-05,,34.924031,-117.891208
1995-05,,32.2686111,-107.7580556
1995-05,,38.2544444,-104.6086111
1995-05,,50.15,7.566667
1995-05,,45.2208333,-123.0750000
1995-05,,40.5133333,-79.8800000
1995-05,,42.2791667,-71.4166667
1995-05,,42.4791667,-71.1527778
1995-05,,36.1750000,-115.1363889
1995-05,,33.7222222,-116.3736111
1995-05,,47.6063889,-122.3308333
1995-05,,40.3977778,-105.0744444
1995-05,cigar,38.6272222,-90.1977778
1995-05,cigar,37.0208333,-93.2058333
1995-05,light,42.4005556,-76.0211111
1995-05,light,33.8369444,-109.9636111
1995-05,circle,33.9244444,-86.0225000
1995-05,flash,43.1547222,-77.6158333
1995-06,triangle,47.5708333,-122.2208333
1995-06,triangle,35.2219444,-101.8308333
1995-06,,47.2530556,-122.4430556
1995-06,,47.5288889,-121.8241667
1995-06,,29.7975000,-93.3250000
1995-06,,33.9077778,-81.5475000
1995-06,,47.8555556,-121.9697222
1995-06,,45.3575000,-122.6055556
1995-06,,32.8138889,-96.9486111
1995-06,,41.6638889,-83.5552778
1995-06,,47.0075000,-122.9080556
1995-06,,39.9347222,-75.0311111
1995-06,,44.1636111,-93.9991667
1995-06,,48.1988889,-122.1238889
1995-06,,38.8813889,-94.8188889
1995-06,,41.2230556,-111.9730556
1995-06,,41.7013889,-71.1555556
1995-06,,34.0175000,-78.2677778
1995-06,,42.2250000,-121.7805556
1995-06,,47.1855556,-122.2916667
1995-06,,39.1638889,-119.7663889
1995-06,,35.3847222,-77.9930556
1995-06,,40.9805556,-111.8866667
1995-06,,54.766667,-1.566667
1995-06,,21.167823,-102.467375
1995-06,cigar,33.48039,-97.043897
1995-06,light,4.210484,101.975766
1995-06,light,40.9008333,-73.3436111
1995-06,light,25.7738889,-80.1938889
1995-06,light,40.1158333,-74.7866667
1995-06,light,34.4263889,-117.3000000
1995-06,light,30.2669444,-97.7427778
1995-06,light,38.8338889,-104.8208333
1995-06,rectangle,40.9008333,-80.8569444
1995-06,changing,42.0708333,-83.2466667
1995-06,changing,40.240441,-83.362144
1995-06,circle,35.9938889,-78.8988889
1995-06,oval,40.164579,-74.208267
1995-06,oval,41.3472222,-73.6613889
1995-06,oval,33.4222222,-111.8219444
1995-06,disk,40.7858333,-74.7805556
1995-06,disk,33.8536111,-118.1330556
1995-06,disk,39.512151,-115.982003
1995-06,disk,42.9633333,-85.6680556
1995-06,teardrop,20.2338889,-155.8019444
1995-07,triangle,40.5686111,-75.0950000
1995-07,,34.0211111,-118.3955556
1995-07,,47.5405556,-122.6350000
1995-07,,37.5202778,-122.2747222
1995-07,,36.6238889,-78.5572222
1995-07,,38.6780556,-121.1750000
1995-07,,47.0380556,-122.8994444
1995-07,,41.4736111,-89.2491667
1995-07,,40.5866667,-122.3905556
1995-07,,39.8016667,-89.6436111
1995-07,,45.4872222,-122.8025000
1995-07,,38.4313889,-92.8408333
1995-07,,47.6105556,-122.1994444
1995-07,,38.4313889,-92.8408333
1995-07,,28.5380556,-81.3794444
1995-07,,38.5200000,-89.9838889
1995-07,light,36.1755556,-105.0475000
1995-07,light,39.9900000,-77.3108333
1995-07,light,47.5675000,-122.6313889
1995-07,light,44.0261111,-90.0738889
1995-07,circle,33.7488889,-84.3880556
1995-07,circle,32.6400000,-117.0833333
1995-07,oval,34.8525000,-82.3941667
1995-07,disk,47.6588889,-117.4250000
1995-07,disk,42.8863889,-78.8786111
1995-08,triangle,42.0775000,-78.4300000
1995-08,triangle,36.1750000,-115.1363889
1995-08,triangle,37.6938889,-85.8591667
1995-08,triangle,41.7605556,-88.3200000
1995-08,,47.2530556,-122.4430556
1995-08,,34.0922222,-117.4341667
1995-08,,33.9319444,-117.9452778
1995-08,,40.4405556,-79.9961111
1995-08,,43.5405556,-70.8486111
1995-08,,26.1416667,-81.7950000
1995-08,,41.5111111,-80.3700000
1995-08,,39.3677778,-94.3619444
1995-08,,41.906111,-71.870278
1995-08,,40.2338889,-111.6577778
1995-08,,41.4994444,-81.6955556
1995-08,,37.0297222,-76.3455556
1995-08,,27.9655556,-82.8002778
1995-08,,33.8352778,-117.9136111
1995-08,,47.2530556,-122.4430556
1995-08,,35.3733333,-119.0177778
1995-08,,34.0922222,-117.4341667
1995-08,,40.3013889,-79.5391667
1995-08,,42.2916667,-85.5872222
1995-08,,33.7480556,-86.8086111
1995-08,,36.7477778,-119.7713889
1995-08,,38.5816667,-121.4933333
1995-08,,33.4483333,-112.0733333
1995-08,,39.7294444,-104.8313889
1995-08,,45.9047222,-122.7427778
1995-08,formation,39.5297222,-119.8127778
1995-08,formation,50.966667,-.133333
1995-08,cigar,37.487256,-121.203852
1995-08,light,42.983333,-81.25
1995-08,light,32.8383333,-116.9730556
1995-08,rectangle,42.7652778,-71.4680556
1995-08,rectangle,37.2608333,-85.4988889
1995-08,circle,30.530779,-84.551303
1995-08,chevron,58.823193,-123.412752
1995-08,disk,41.2380556,-81.8419444
1995-08,disk,37.270702,-76.707457
1995-08,disk,41.2586111,-95.9375000
1995-08,diamond,37.302163,-120.482968
1995-08,cone,38.5450000,-121.7394444
1995-09,triangle,40.9747222,-84.8683333
1995-09,,47.5708333,-122.2208333
1995-09,,40.7608333,-111.8902778
1995-09,,39.2508333,-106.2919444
1995-09,,40.7608333,-111.8902778
1995-09,,41.4872222,-120.5413889
1995-09,,40.2922222,-79.8819444
1995-09,,42.8863889,-78.8786111
1995-09,,47.5288889,-114.1005556
1995-09,,56.116667,-3.95
1995-09,,47.6741667,-122.1202778
1995-09,,27.8002778,-97.3961111
1995-09,,40.745006,-123.869509
1995-09,,44.3244444,-69.8608333
1995-09,,47.1855556,-122.2916667
1995-09,,47.8211111,-122.3138889
1995-09,,47.6936111,-114.1622222
1995-09,,32.9627778,-117.0350000
1995-09,,40.6111111,-111.8991667
1995-09,,30.4380556,-84.2808333
1995-09,,39.5297222,-119.8127778
1995-09,,38.2972222,-122.2844444
1995-09,,41.3116667,-75.8377778
1995-09,,47.4066667,-122.0375000
1995-09,,39.3222222,-123.1119444
1995-09,,42.5791667,-84.4436111
1995-09,,43.6136111,-116.2025000
1995-09,light,36.231719,-113.030911
1995-09,light,33.9488889,-118.4447222
1995-09,cylinder,43.6952778,-71.6311111
1995-09,oval,39.7161111,-83.8777778
1995-09,disk,33.9319444,-117.9452778
1995-10,triangle,40.6836111,-73.5105556
1995-10,triangle,50.45,-104.616667
1995-10,triangle,30.3319444,-81.6558333
1995-10,,41.7636111,-72.6855556
1995-10,,41.853552,-71.467664
1995-10,,33.4016667,-86.9544444
1995-10,,38.3566667,-121.9866667
1995-10,,25.7738889,-80.1938889
1995-10,,37.8044444,-122.2697222
1995-10,,44.0066667,-85.8375000
1995-10,,40.691613,-112.00105
1995-10,,35.9744444,-83.6269444
1995-10,,55.779431,-132.817995
1995-10,,38.8966667,-121.0758333
1995-10,,33.4483333,-112.0733333
1995-10,sphere,34.6086111,-98.3900000
1995-10,light,34.2694444,-118.7805556
1995-10,light,40.7141667,-74.0063889
1995-10,light,44.130575,-84.60724
1995-10,light,51.021111,-3.104722
1995-10,fireball,54.78535,-7.47427
1995-10,disk,43.1547222,-77.6158333
1995-11,triangle,30.6033333,-87.9036111
1995-11,triangle,41.1616667,-112.0255556
1995-11,,43.8005556,-70.1872222
1995-11,,40.7061111,-74.5497222
1995-11,,33.5205556,-86.8025000
1995-11,,41.7013889,-71.1555556
1995-11,,35.829656,-85.729622
1995-11,,38.7297222,-120.7975000
1995-11,,47.7625000,-122.2041667
1995-11,,28.5380556,-81.3794444
1995-11,,39.4652778,-95.7361111
1995-11,,35.1494444,-90.0488889
1995-11,,48.1988889,-122.1238889
1995-11,,40.2247222,-105.2708333
1995-11,,39.1638889,-119.7663889
1995-11,,47.3225000,-122.3113889
1995-11,,48.50389,-122.23611
1995-11,,43.2341667,-86.2483333
1995-11,,45.4208333,-122.6694444
1995-11,,40.8072222,-72.8216667
1995-11,,29.8944444,-81.3147222
1995-11,,44.0522222,-123.0855556
1995-11,,34.5958333,-120.1366667
1995-11,sphere,40.9866667,-75.1950000
1995-11,sphere,40.1947222,-92.5830556
1995-11,fireball,69.085278,17.172222
1995-11,circle,42.1625000,-71.0416667
1995-11,circle,32.635068,-111.40067
1995-11,oval,39.6000000,-75.9416667
1995-12,,41.525031,-88.081725
1995-12,,45.4300000,-122.3736111
1995-12,,33.3061111,-111.8405556
1995-12,,38.402136,-122.823881
1995-12,,40.4272222,-86.1255556
1995-12,,40.292052,-74.924055
1995-12,,46.1383333,-122.9369444
1995-12,,47.6063889,-122.3308333
1995-12,,41.6302778,-87.8538889
1995-12,,47.085702,-122.706166
1995-12,fireball,32.890398,-87.114934
1995-12,round,34.0552778,-117.7513889
1996-01,,35.385924,-94.398547
1996-01,,35.2044444,-89.8738889
1996-01,,43.0730556,-89.4011111
1996-01,,38.6702778,-89.9844444
1996-01,,32.7152778,-117.1563889
1996-01,,47.6063889,-122.3308333
1996-01,,40.5337000,-92.5168000
1996-01,,40.5866667,-122.3905556
1996-01,,38.1502778,-92.6177778
1996-01,sphere,47.6063889,-122.3308333
1996-01,circle,30.1763889,-85.8055556
1996-01,cross,52.583333,-.25
1996-01,teardrop,33.5205556,-86.8025000
1996-02,,47.7544444,-122.1622222
1996-02,,36.2561111,-86.7138889
1996-02,,47.5391667,-122.1544444
1996-02,,26.0108333,-80.1497222
1996-02,,48.0152778,-122.0625000
1996-02,,44.3977778,-122.7350000
1996-02,,-23.697479,133.883621
1996-02,,44.3000000,-120.8333333
1996-02,,47.6741667,-122.1202778
1996-02,,46.094722,-118.287778
1996-02,light,32.9627778,-117.0350000
1996-02,circle,53.633333,-113.633333
1996-02,oval,-8.047546,-34.876962
1996-02,diamond,29.6513889,-82.3250000
1996-03,triangle,41.9438889,-85.6325000
1996-03,,36.300784,-119.782911
1996-03,,35.5005556,-119.2708333
1996-03,,40.1933333,-90.1408333
1996-03,,47.5302778,-122.0313889
1996-03,,47.6741667,-122.1202778
1996-03,,29.7630556,-95.3630556
1996-03,,27.7705556,-82.6794444
1996-03,,62.0855556,-163.7294444
1996-03,,40.7966667,-74.4819444
1996-03,,47.6063889,-122.3308333
1996-03,,32.3641667,-88.7036111
1996-03,,45.5236111,-122.6750000
1996-03,,43.8508333,-89.1216667
1996-03,light,47.998276,-122.439503
1996-03,light,36.6777778,-121.6544444
1996-03,light,41.4513889,-75.6122222
1996-03,rectangle,39.1125000,-84.8641667
1996-03,disk,19.689722,-98.860833
1996-03,disk,42.0694444,-76.1550000
1996-03,cross,40.4483333,-122.2966667
1996-03,dome,40.536485,-80.184424
1996-04,,44.0216667,-92.4697222
1996-04,,43.4666667,-112.0333333
1996-04,,36.1750000,-115.1363889
1996-04,,34.2283333,-92.0030556
1996-04,,37.9480556,-122.0597222
1996-04,,38.51529,-84.709841
1996-04,,45.3363889,-92.9969444
1996-04,,37.3394444,-121.8938889
1996-04,,44.4122222,-71.7227778
1996-04,,32.7152778,-117.1563889
1996-04,,41.3500000,-72.0788889
1996-04,,38.8813889,-94.8188889
1996-04,,39.7047222,-105.0808333
1996-04,,35.748722,-120.933129
1996-04,,33.8816667,-118.1161111
1996-04,,47.8108333,-122.3761111
1996-04,,35.3733333,-119.0177778
1996-04,formation,12.879721,121.774017
1996-04,light,-29.85868,31.02184
1996-04,light,53.861582,-1.957718
1996-04,cylinder,46.1469444,-122.9072222
1996-04,changing,28.1355556,-81.0763889
1996-04,fireball,28.4655556,-82.1722222
1996-04,circle,41.983333,-82.933333
1996-04,disk,53.45,-2.733333
1996-05,,43.1547222,-77.6158333
1996-05,,38.3605556,-75.5997222
1996-05,,41.0997222,-80.6497222
1996-05,,43.3666667,-124.2166667
1996-05,,36.7477778,-119.7713889
1996-05,,47.6063889,-122.3308333
1996-05,,43.695442,-116.354014
1996-05,,38.2080556,-91.1602778
1996-05,,37.5191667,-120.4363889
1996-05,,33.8816667,-118.1161111
1996-05,,34.4208333,-119.6972222
1996-05,,32.356111,-111.088333
1996-05,,47.4522222,-117.1297222
1996-05,,33.4147222,-111.9086111
1996-05,,44.5263889,-109.0558333
1996-05,,40.0333333,-83.1583333
1996-05,,39.0066667,-76.7794444
1996-05,,33.8883333,-118.3080556
1996-05,,36.3302778,-119.2911111
1996-05,formation,39.8916667,-75.3000000
1996-05,light,43.4666667,-112.0333333
1996-05,fireball,35.9555556,-80.0055556
1996-05,diamond,20.653407,-105.225332
1996-06,triangle,38.1916667,-120.8280556
1996-06,triangle,38.1302778,-121.2713889
1996-06,triangle,46.521858,-84.34609
1996-06,triangle,40.447631,-105.010887
1996-06,,42.5083333,-89.0316667
1996-06,,33.8302778,-116.5444444
1996-06,,39.2902778,-76.6125000
1996-06,,32.2936111,-84.0611111
1996-06,,34.1866667,-118.4480556
1996-06,,49.136353351,-122.821343315
1996-06,,34.3541667,-119.0583333
1996-06,,43.6136111,-116.2025000
1996-06,formation,47.8108333,-122.3761111
1996-06,sphere,33.6102778,-114.5955556
1996-06,light,37.9780556,-122.0300000
1996-06,light,42.1938889,-71.7605556
1996-06,light,42.5377778,-83.4811111
1996-06,light,32.7152778,-117.1563889
1996-06,light,41.8136111,-71.3705556
1996-06,rectangle,53.583333,-.65
1996-06,changing,33.4147222,-111.9086111
1996-06,changing,29.9544444,-90.0750000
1996-06,fireball,32.318231,-86.902298
1996-06,circle,31.068566,-81.41343
1996-06,circle,40.1536111,-88.9644444
1996-06,circle,32.7152778,-117.1563889
1996-06,oval,52.133333,-106.666667
1996-06,oval,49.15,-123.916667
1996-06,disk,33.6188889,-117.9280556
1996-06,disk,31.7586111,-106.4863889
1996-06,disk,23.810332,90.412518
1996-06,disk,40.4811111,-74.4836111
1996-06,disk,39.5094444,-76.1644444
1996-06,disk,49.25,-123.133333
1996-06,cross,42.5233333,-76.9769444
1996-06,diamond,38.5580556,-91.0119444
1996-06,diamond,41.4941667,-87.5216667
1996-06,diamond,31.0980556,-97.3425000
1996-06,changed,39.7294444,-104.8313889
1996-07,triangle,51.2,4.516667
1996-07,triangle,42.5000000,-96.4000000
1996-07,triangle,40.8894444,-111.8800000
1996-07,triangle,30.7619444,-86.5705556
1996-07,triangle,41.2097222,-74.6080556
1996-07,triangle,47.8555556,-121.9697222
1996-07,,44.7630556,-85.6205556
1996-07,,46.6022222,-120.5047222
1996-07,,42.2916667,-85.5872222
1996-07,,32.2216667,-110.9258333
1996-07,light,45.337957,-71.567396
1996-07,light,51.514125,-.093689
1996-07,light,41.4019444,-74.3247222
1996-07,light,42.9169444,-89.2177778
1996-07,light,31.4636111,-100.4366667
1996-07,light,30.1763889,-85.8055556
1996-07,rectangle,46.9966667,-120.5466667
1996-07,rectangle,34.2072222,-84.1402778
1996-07,changing,32.8994444,-105.9597222
1996-07,fireball,48.863809,-117.372467
1996-07,egg,-42.851178,147.30231
1996-07,oval,39.9258333,-75.1200000
1996-07,disk,46.9180556,-104.0038889
1996-07,cone,39.1855556,-78.1636111
1996-08,triangle,44.699487,-73.452912
1996-08,,42.4075000,-124.4205556
1996-08,,38.3461000,-91.4988000
1996-08,,38.6880556,-83.6094444
1996-08,sphere,38.7013889,-90.1486111
1996-08,light,40.5725,-111.859722
1996-08,light,37.3477778,-120.6080556
1996-08,light,36.7236111,-120.0588889
1996-08,fireball,37.3394444,-121.8938889
1996-08,circle,-40.900557,174.885971
1996-08,circle,39.9555556,-86.0138889
1996-08,egg,49.9,-119.483333
1996-08,disk,42.9033333,-78.7550000
1996-08,disk,29.7027778,-98.1241667
1996-08,disk,26.128688,-97.398314
1996-08,flash,44.7433333,-92.8522222
1996-09,triangle,30.2669444,-97.7427778
1996-09,triangle,38.8119444,-94.5316667
1996-09,triangle,35.5869444,-80.4630556
1996-09,,37.9577778,-121.2897222
1996-09,formation,41.0380556,-74.2944444
1996-09,light,21.161908,-86.851528
1996-09,light,40.417287,-82.907123
1996-09,light,-34.85,138.466667
1996-09,cylinder,53.5,-112.05
1996-09,fireball,58.805017,-122.697236
1996-09,oval,42.4602778,-71.3494444
1996-09,disk,38.4094444,-80.5580556
1996-09,disk,41.6005556,-93.6088889
1996-10,triangle,39.9241667,-83.8088889
1996-10,triangle,43.0388889,-87.9063889
1996-10,triangle,30.2669444,-97.7427778
1996-10,,35.1494444,-90.0488889
1996-10,formation,29.7630556,-95.3630556
1996-10,sphere,38.609741,-122.254045
1996-10,fireball,30.1577778,-95.4891667
1996-10,circle,29.6513889,-82.3250000
1996-11,triangle,41.3436111,-86.3097222
1996-11,triangle,39.529633,-119.813803
1996-11,triangle,27.8394444,-82.7913889
1996-11,triangle,43.3727778,-95.1236111
1996-11,,34.1397222,-118.0344444
1996-11,,47.6063889,-122.3308333
1996-11,,40.7141667,-74.0063889
1996-11,,41.6000000,-76.4422222
1996-11,,38.8858333,-94.5327778
1996-11,,42.7130556,-85.4619444
1996-11,,36.778261,-119.417932
1996-11,,42.1372222,-76.9372222
1996-11,,42.3805556,-76.8736111
1996-11,,40.0322222,-74.9577778
1996-11,,47.6816667,-122.2075000
1996-11,formation,40.3055556,-89.6027778
1996-11,light,40.2736111,-76.8847222
1996-11,light,46.8083333,-100.7833333
1996-11,light,34.8697222,-111.7602778
1996-11,light,50.950111,5.907947
1996-11,light,36.1750000,-115.1363889
1996-11,chevron,35.3413889,-89.8972222
1996-11,disk,26.2466667,-98.4811111
1996-11,diamond,40.8000000,-96.6666667
1996-12,triangle,47.6063889,-122.3308333
1996-12,triangle,40.2736111,-76.8847222
1996-12,,38.7169444,-87.8613889
1996-12,,39.0997222,-94.5783333
1996-12,,47.9791667,-122.2008333
1996-12,,47.7361111,-122.6452778
1996-12,,36.6777778,-121.6544444
1996-12,,47.44732,-122.45985
1996-12,,45.5236111,-122.6750000
1996-12,,39.5297222,-119.8127778
1996-12,,47.9188889,-122.5530556
1996-12,,26.905351,-82.255241
1996-12,sphere,26.1336111,-80.1133333
1996-12,sphere,30.3569444,-87.1638889
1996-12,light,40.9866667,-75.1950000
1996-12,light,60.1041667,-149.4422222
1996-12,light,38.9488889,-83.4058333
1996-12,light,51.514125,-.093689
1996-12,light,38.8533333,-91.3058333
1996-12,fireball,34.0975000,-117.6475000
1996-12,circle,34.645265,-118.205353
1996-12,teardrop,41.4138889,-73.3038889
1997-01,triangle,21.5902778,-158.1125000
1997-01,triangle,38.5913889,-75.2916667
1997-01,triangle,36.8044444,-97.2825000
1997-01,sphere,36.1750000,-115.1363889
1997-01,light,45.7833333,-108.5000000
1997-01,light,42.6522222,-78.8972222
1997-01,light,-22.9083,-43.197077
1997-01,changing,34.663887,-99.273888
1997-01,circle,37.6791667,-95.4569444
1997-01,circle,32.9536111,-96.8900000
1997-01,disk,41.9083333,-71.3625000
1997-01,disk,41.6602778,-71.4563889
1997-01,disk,38.4405556,-122.7133333
1997-01,disk,41.7880556,-71.9502778
1997-01,teardrop,53.50754,-2.391199
1997-01,pyramid,45.5608333,-94.1622222
1997-02,triangle,42.8566667,-85.3802778
1997-02,,34.6100000,-112.3150000
1997-02,,44.0777778,-93.5072222
1997-02,formation,36.1750000,-115.1363889
1997-02,light,36.0330556,-86.7827778
1997-02,circle,-34.386725,-72.004773
1997-02,diamond,42.7008333,-73.1091667
1997-03,triangle,31.9575000,-110.9550000
1997-03,triangle,34.0752778,-84.2941667
1997-03,triangle,33.770781,-116.445143
1997-03,triangle,35.0241667,-110.6966667
1997-03,triangle,33.4222222,-111.8219444
1997-03,triangle,33.4483333,-112.0733333
1997-03,triangle,36.532265,-116.932541
1997-03,triangle,33.4483333,-112.0733333
1997-03,triangle,43.6008333,-83.1747222
1997-03,triangle,33.4483333,-112.0733333
1997-03,triangle,32.7252778,-114.6236111
1997-03,triangle,32.2216667,-110.9258333
1997-03,triangle,33.3061111,-111.8405556
1997-03,triangle,33.5091667,-111.8983333
1997-03,,33.3061111,-111.8405556
1997-03,,36.1750000,-115.1363889
1997-03,,36.1750000,-115.1363889
1997-03,,32.8525,-106.106389
1997-03,,33.4352778,-112.3575000
1997-03,,33.48039,-97.043897
1997-03,,42.2972222,-71.0750000
1997-03,formation,34.7575000,-112.4530556
1997-03,formation,38.7508333,-77.4755556
1997-03,formation,34.5400000,-112.4677778
1997-03,formation,34.5400000,-112.4677778
1997-03,formation,34.5400000,-112.4677778
1997-03,formation,37.9319444,-121.6947222
1997-03,formation,33.9730556,-78.3861111
1997-03,cigar,49.539817,18.869726
1997-03,sphere,41.6283333,-70.3875000
1997-03,sphere,39.8083333,-104.9333333
1997-03,sphere,33.3702778,-112.5830556
1997-03,light,32.9477778,-112.7161111
1997-03,light,33.5386111,-112.1852778
1997-03,light,33.4483333,-112.0733333
1997-03,light,48.4111111,-114.3366667
1997-03,light,38.2080556,-91.1602778
1997-03,light,33.8302778,-116.5444444
1997-03,light,33.4483333,-112.0733333
1997-03,light,39.4194444,-76.7805556
1997-03,light,33.9686111,-112.7288889
1997-03,light,45.930065,14.139957
1997-03,light,48.3883333,-115.5550000
1997-03,fireball,33.5386111,-112.1852778
1997-03,circle,32.7152778,-117.1563889
1997-03,circle,41.1397222,-112.0497222
1997-03,circle,32.7963889,-113.5402778
1997-03,chevron,34.0708333,-112.1500000
1997-03,chevron,33.4483333,-112.0733333
1997-03,oval,41.0463889,-74.4355556
1997-03,oval,37.7750000,-122.4183333
1997-03,disk,37.2152778,-93.2980556
1997-03,flash,42.2916667,-85.5872222
1997-04,triangle,27.9472222,-82.4586111
1997-04,triangle,40.994542,-73.878746
1997-04,,45.4363889,-123.1383333
1997-04,,29.7630556,-95.3630556
1997-04,,43.666667,-79.416667
1997-04,,33.8883333,-118.3080556
1997-04,,48.3888889,-122.4950000
1997-04,,33.910604,-109.585093
1997-04,,30.5227778,-87.9033333
1997-04,cigar,37.4527778,-76.3852778
1997-04,sphere,34.8697222,-111.7602778
1997-04,sphere,40.8000000,-96.6666667
1997-04,light,33.0575000,-89.5875000
1997-04,light,32.7152778,-117.1563889
1997-04,light,28.5380556,-81.3794444
1997-04,light,52.633333,1.3
1997-04,light,38.9516667,-92.3338889
1997-04,circle,29.5955556,-90.7194444
1997-04,egg,-37.813938,144.963425
1997-04,oval,34.3580556,-86.2947222
1997-04,oval,33.4483333,-112.0733333
1997-05,triangle,39.3194444,-88.4527778
1997-05,triangle,35.4675000,-97.5161111
1997-05,triangle,42.2966667,-89.6211111
1997-05,triangle,38.2325000,-122.6355556
1997-05,triangle,42.2966667,-89.6211111
1997-05,triangle,41.0263889,-73.6288889
1997-05,triangle,27.7705556,-82.6794444
1997-05,,33.1958333,-117.3786111
1997-05,,33.4483333,-112.0733333
1997-05,,48.4780556,-120.1850000
1997-05,,33.1958333,-117.3786111
1997-05,,34.597241,-119.510771
1997-05,,43.6630556,-116.6863889
1997-05,formation,34.2694444,-118.7805556
1997-05,formation,39.096849,-120.032351
1997-05,cigar,31.8591667,-97.3794444
1997-05,light,42.8650000,-71.3744444
1997-05,light,30.6277778,-96.3341667
1997-05,light,27.2155556,-81.8586111
1997-05,light,39.3266667,-110.9638889
1997-05,light,34.7391667,-112.0091667
1997-05,light,42.2458333,-84.4013889
1997-05,light,37.4947222,-120.8455556
1997-05,fireball,48.0905556,-105.6400000
1997-05,circle,50.45,-3.5
1997-05,circle,45.416667,-75.7
1997-05,oval,39.864819,-75.425732
1997-05,oval,18.466667,-97.4
1997-05,disk,40.7408333,-74.3841667
1997-05,disk,34.0194444,-118.4902778
1997-05,teardrop,-1.038757,37.083375
1997-05,flash,36.5341667,-76.5766667
1997-05,flash,30.2669444,-97.7427778
1997-06,triangle,43.6122222,-116.3905556
1997-06,triangle,44.854686,-93.470786
1997-06,triangle,42.7919444,-83.6277778
1997-06,triangle,33.8333333,-111.9500000
1997-06,triangle,38.1750000,-122.2597222
1997-06,triangle,43.8486111,-73.4238889
1997-06,triangle,37.4208333,-81.1994444
1997-06,triangle,34.0736111,-118.3994444
1997-06,triangle,36.778261,-119.417932
1997-06,,55.064948,-6.498239
1997-06,,28.5380556,-81.3794444
1997-06,,34.5861111,-94.2394444
1997-06,,37.7527778,-79.8191667
1997-06,,32.5363889,-94.9425000
1997-06,,31.968599,-99.901813
1997-06,,41.363333,-76.043889
1997-06,formation,42.2916667,-85.5872222
1997-06,sphere,40.164579,-74.208267
1997-06,sphere,31.4438889,-97.4088889
1997-06,light,35.6708333,-80.4744444
1997-06,light,39.7555556,-105.2205556
1997-06,light,51.514125,-.093689
1997-06,light,38.3000000,-83.1741667
1997-06,cylinder,39.5297222,-119.8127778
1997-06,cylinder,32.252852,-109.832012
1997-06,changing,33.6694444,-117.8222222
1997-06,fireball,34.5400000,-112.4677778
1997-06,fireball,35.5261111,-98.7072222
1997-06,circle,40.6461111,-111.4972222
1997-06,circle,44.8547222,-93.4705556
1997-06,egg,39.391111,-74.593889
1997-06,chevron,29.7630556,-95.3630556
1997-06,chevron,39.2902778,-76.6125000
1997-06,chevron,32.7919444,-115.5622222
1997-06,chevron,33.9830556,-118.0958333
1997-06,oval,21.3500000,-157.7208333
1997-06,disk,40.7372222,-114.0366667
1997-06,disk,42.2830556,-87.9530556
1997-06,disk,40.6936111,-89.5888889
1997-06,disk,45.583333,-72
1997-06,disk,40.7141667,-74.0063889
1997-06,disk,39.9241667,-83.8088889
1997-06,disk,47.0036111,-123.4075000
1997-07,triangle,37.9886111,-84.4777778
1997-07,triangle,47.8108333,-122.3761111
1997-07,triangle,43.9827778,-124.0986111
1997-07,triangle,39.5105556,-79.7986111
1997-07,triangle,33.5869444,-105.1727778
1997-07,triangle,50.453611,5.951944
1997-07,triangle,35.0525000,-78.8786111
1997-07,,51.092903,2.979583
1997-07,,49.084629,-123.058567
1997-07,,44.9430556,-123.0338889
1997-07,,44.9430556,-123.0338889
1997-07,,38.907231,-77.036464
1997-07,,38.907231,-77.036464
1997-07,,37.4802778,-93.6736111
1997-07,formation,25.7738889,-80.1938889
1997-07,cigar,38.7688889,-90.4680556
1997-07,cigar,31.7586111,-106.4863889
1997-07,cigar,32.7152778,-117.1563889
1997-07,sphere,43.620447,-70.734287
1997-07,sphere,46.0113889,-92.9441667
1997-07,sphere,42.5938889,-86.1016667
1997-07,sphere,40.7141667,-74.0063889
1997-07,sphere,37.964253,-91.831833
1997-07,sphere,35.6008333,-82.5541667
1997-07,sphere,44.9444444,-93.0930556
1997-07,sphere,42.0900000,-78.4944444
1997-07,sphere,42.2583333,-72.5750000
1997-07,light,39.465833,-81.108333
1997-07,light,38.6630556,-90.5769444
1997-07,light,38.7838889,-90.4811111
1997-07,light,38.7013889,-90.1486111
1997-07,light,40.633125,-89.398528
1997-07,light,38.8905556,-90.1841667
1997-07,light,44.9430556,-123.0338889
1997-07,light,38.51759,-89.928972
1997-07,light,38.9736111,-92.7430556
1997-07,light,38.5888889,-89.9902778
1997-07,rectangle,38.4219444,-77.4086111
1997-07,rectangle,46.7313889,-117.1786111
1997-07,changing,32.3122222,-106.7777778
1997-07,changing,48.1988889,-122.1238889
1997-07,fireball,51.514125,-.093689
1997-07,fireball,32.3122222,-106.7777778
1997-07,fireball,40.4166667,-86.8752778
1997-07,fireball,26.9677778,-80.1288889
1997-07,fireball,45.0861111,-93.2630556
1997-07,oval,38.7713889,-90.3708333
1997-07,oval,42.4625000,-83.1041667
1997-07,disk,45.2102778,-123.1975000
1997-07,disk,38.6272222,-90.1977778
1997-07,disk,37.3041667,-77.2875000
1997-07,diamond,33.8358333,-79.0480556
1997-07,teardrop,-39.035173,177.418031
1997-08,triangle,47.6777778,-116.7794444
1997-08,triangle,37.4452778,-86.0508333
1997-08,triangle,27.664827,-81.515754
1997-08,,40.8861111,-73.2577778
1997-08,,39.5358333,-76.3486111
1997-08,,43.316667,-79.8
1997-08,,33.5641667,-101.5133333
1997-08,cigar,46.94559,-67.892087
1997-08,cigar,35.3691667,-81.9569444
1997-08,cigar,45.7833333,-108.5000000
1997-08,cigar,27.5155556,-97.8558333
1997-08,sphere,42.8863889,-78.8786111
1997-08,sphere,51,-3.183333
1997-08,light,35.0455556,-85.3097222
1997-08,light,48.7597222,-122.4869444
1997-08,light,42.9633333,-85.6680556
1997-08,light,42.4566667,-83.9463889
1997-08,light,27.525582,-99.43324
1997-08,light,49.791304,9.953355
1997-08,light,45.3002778,-122.9719444
1997-08,light,53.016667,-112.816667
1997-08,fireball,44.4752778,-70.1886111
1997-08,circle,56.01447,-113.821553
1997-08,circle,49.941356,-97.032443
1997-08,oval,34.4700000,-118.1958333
1997-08,oval,42.878268,2.505562
1997-08,disk,55.583333,-4.283333
1997-08,disk,28.0777778,-82.7638889
1997-09,triangle,37.7750000,-122.4183333
1997-09,,42.6183333,-82.5311111
1997-09,,47.6419444,-122.0791667
1997-09,light,44.9430556,-123.0338889
1997-09,cylinder,29.967715,-98.905034
1997-09,disk,41.2280556,-72.9919444
1997-09,disk,41.2280556,-72.9919444
1997-09,disk,41.7561111,-124.2005556
1997-10,triangle,44.9800000,-93.2636111
1997-10,,31.7586111,-106.4863889
1997-10,,41.1400000,-104.8197222
1997-10,,44.783333,-63.15
1997-10,,32.4486111,-99.7327778
1997-10,sphere,34.4263889,-100.2036111
1997-10,sphere,38.2494444,-122.0388889
1997-10,light,47.3294444,-122.5788889
1997-10,light,38.0316667,-85.3425000
1997-10,light,41.8500000,-87.6500000
1997-10,light,43.1008333,-75.2330556
1997-10,light,38.6244444,-76.9394444
1997-10,light,41.9444444,-71.2861111
1997-10,light,34.29798,-85.162834
1997-10,light,32.7833333,-96.8000000
1997-10,light,38.7133333,-77.7955556
1997-10,cylinder,45.7833333,-108.5000000
1997-10,circle,36.8466667,-76.2855556
1997-10,circle,32.2205556,-98.2019444
1997-10,disk,40.1713889,-120.3713889
1997-10,diamond,30.5080556,-97.6786111
1997-10,flash,42.2966667,-89.6211111
1997-11,triangle,28.0777778,-82.7638889
1997-11,triangle,42.7633333,-78.3100000
1997-11,triangle,40.2969444,-111.6938889
1997-11,,42.3250000,-72.6416667
1997-11,,33.2075000,-92.6661111
1997-11,,46.1383333,-122.9369444
1997-11,,26.7052778,-80.0366667
1997-11,,30.2669444,-97.7427778
1997-11,,40.2247222,-105.2708333
1997-11,,35.1980556,-111.6505556
1997-11,formation,45.5236111,-122.6750000
1997-11,formation,47.0380556,-122.8994444
1997-11,formation,47.0380556,-122.8994444
1997-11,formation,47.7361111,-122.6452778
1997-11,formation,48.7052778,-119.4383333
1997-11,formation,33.8313889,-118.2811111
1997-11,sphere,46.7163889,-122.9530556
1997-11,sphere,26.2375000,-80.1250000
1997-11,light,13.960106,122.541582
1997-11,light,40.3336111,-75.6377778
1997-11,light,40.2169444,-74.7433333
1997-11,light,47.6063889,-122.3308333
1997-11,light,47.6063889,-122.3308333
1997-11,light,29.7630556,-95.3630556
1997-11,light,44.5647222,-123.2608333
1997-11,light,33.9136111,-98.4930556
1997-11,cylinder,39.9611111,-82.9988889
1997-11,fireball,47.0380556,-122.8994444
1997-11,crescent,43.193852,-71.572395
1997-11,flare,38.5816667,-121.4933333
1997-12,triangle,37.3394444,-121.8938889
1997-12,triangle,39.2902778,-76.6125000
1997-12,triangle,38.6369444,-77.3113889
1997-12,,33.5772222,-96.1780556
1997-12,,41.7600000,-70.0833333
1997-12,,34.0983333,-118.3258333
1997-12,,41.2375000,-80.8186111
1997-12,,52.586214,-1.982919
1997-12,,32.7938889,-79.8627778
1997-12,cigar,40.4780556,-85.9666667
1997-12,light,47.6063889,-122.3308333
1997-12,light,47.4158333,-120.2919444
1997-12,light,37.7058333,-121.0838889
1997-12,fireball,38.8344444,-88.6280556
1997-12,fireball,29.1869444,-82.1402778
1997-12,circle,52.3,-1.116667
1997-12,circle,34.5361111,-117.2902778
1997-12,disk,48.1191667,-96.1808333
1997-12,cross,18.4136111,-66.0822222
1997-12,diamond,39.0541667,-84.0530556
1997-12,hexagon,40.5594444,-79.9588889
1998-01,triangle,42.2527778,-73.7913889
1998-01,,34.2163889,-119.0366667
1998-01,,32.2216667,-110.9258333
1998-01,sphere,47.7544444,-122.1622222
1998-01,sphere,34.1083333,-117.2888889
1998-01,sphere,47.4830556,-122.2158333
1998-01,light,25.7738889,-80.1938889
1998-01,light,32.2216667,-110.9258333
1998-01,cylinder,30.5786111,-97.8527778
1998-01,changing,28.192944,-80.611006
1998-01,fireball,48.2325000,-101.2958333
1998-01,circle,51.514125,-.093689
1998-01,oval,38.5363889,-89.4663889
1998-01,disk,18.4744444,-66.7161111
1998-01,disk,33.5636111,-81.8080556
1998-02,triangle,39.9611111,-82.9988889
1998-02,cigar,45.068798,-64.469051
1998-02,cigar,37.3394444,-121.8938889
1998-02,cigar,40.2736111,-76.8847222
1998-02,sphere,33.9375000,-117.2297222
1998-02,light,47.0530556,-122.2930556
1998-02,light,43.6852778,-71.1172222
1998-02,light,42.7875000,-86.1088889
1998-02,cylinder,-40.914234,175.00838
1998-02,fireball,43.6983333,-86.3638889
1998-02,circle,45.6388889,-122.6602778
1998-02,circle,30.6941667,-88.0430556
1998-02,egg,34.9333333,-95.7694444
1998-03,triangle,31.3111111,-92.4450000
1998-03,triangle,40.279481,-86.510835
1998-03,,27.9472222,-82.4586111
1998-03,,38.8338889,-104.8208333
1998-03,formation,40.2397222,-78.8352778
1998-03,formation,44.7825000,-69.3838889
1998-03,formation,27.6383333,-80.3975000
1998-03,formation,39.0997222,-94.5783333
1998-03,formation,29.4238889,-98.4933333
1998-03,formation,39.5358333,-76.3486111
1998-03,cigar,44.6366667,-123.1047222
1998-03,cigar,52.683333,-1.816667
1998-03,sphere,64.7511111,-147.3494444
1998-03,sphere,-29.464352,149.841511
1998-03,sphere,21.966108,-159.573791
1998-03,sphere,47.6063889,-122.3308333
1998-03,sphere,54.05,-124.783333
1998-03,sphere,47.6063889,-122.3308333
1998-03,light,41.29232,-74.078908
1998-03,light,29.4238889,-98.4933333
1998-03,light,26.2752778,-80.0875000
1998-03,light,35.7511111,-86.9300000
1998-03,light,40.2750000,-106.9577778
1998-03,light,38.2544444,-104.6086111
1998-03,light,27.860302,-80.447274
1998-03,light,45.5236111,-122.6750000
1998-03,changing,46.6022222,-120.5047222
1998-03,changing,48.5900000,-109.2305556
1998-03,fireball,36.505389,-117.079408
1998-03,fireball,44.3875000,-68.2044444
1998-03,circle,26.7052778,-80.0366667
1998-03,circle,41.1363889,-73.2838889
1998-03,oval,61.2180556,-149.9002778
1998-03,disk,40.3100000,-75.1302778
1998-03,disk,26.9294444,-82.0455556
1998-03,disk,33.3805556,-84.7997222
1998-03,flash,42.7875000,-86.1088889
1998-03,cone,27.3361111,-82.5308333
1998-04,triangle,40.6575000,-96.6577778
1998-04,,34.924031,-117.891208
1998-04,,38.4394444,-88.8969444
1998-04,,36.9880556,-121.9555556
1998-04,,36.9741667,-122.0297222
1998-04,,43.2341667,-86.2483333
1998-04,,40.8566667,-74.1288889
1998-04,,40.1027778,-84.6330556
1998-04,formation,40.4258333,-89.7791667
1998-04,cigar,32.7947222,-116.9616667
1998-04,light,43.1116667,-88.4991667
1998-04,light,31.5544444,-110.3030556
1998-04,light,47.3225000,-122.3113889
1998-04,light,42.4527778,-75.0641667
1998-04,light,47.6588889,-117.4250000
1998-04,light,43.25,-79.066667
1998-04,light,28.0833333,-80.6083333
1998-04,light,44.8041667,-93.1666667
1998-04,fireball,41.7627778,-87.8000000
1998-04,fireball,50.11632,-122.957356
1998-04,fireball,48.6483333,-118.7366667
1998-04,fireball,37.2708333,-79.9416667
1998-04,circle,36.1538889,-95.9925000
1998-04,circle,30.8325000,-83.2786111
1998-04,circle,44.2300000,-69.7758333
1998-04,egg,33.6411111,-117.9177778
1998-04,chevron,31.4227778,-103.4927778
1998-04,oval,47.9130556,-122.0969444
1998-04,oval,41.6361111,-70.9347222
1998-04,oval,32.7152778,-117.1563889
1998-04,disk,34.0636111,-83.1255556
1998-04,disk,28.375218,-81.549472
1998-04,disk,45.433333,-72.883333
1998-05,triangle,37.7975000,-121.2150000
1998-05,triangle,45.6388889,-122.6602778
1998-05,triangle,36.1750000,-115.1363889
1998-05,,42.1138889,-111.3880556
1998-05,,44.0805556,-103.2305556
1998-05,,47.2372222,-93.5300000
1998-05,,42.1194444,-71.3255556
1998-05,,40.1250000,-79.8666667
1998-05,sphere,39.9525000,-74.9927778
1998-05,light,47.6588889,-117.4250000
1998-05,fireball,40.0630556,-81.0744444
1998-05,circle,46.7208333,-92.1038889
1998-05,circle,36.4875,-4.9525
1998-05,circle,36.663447,-87.47739
1998-05,circle,39.3641667,-74.4233333
1998-05,oval,44.9430556,-123.0338889
1998-05,disk,32.7833333,-96.8000000
1998-05,cone,32.2216667,-110.9258333
1998-06,triangle,34.307606,-89.178125
1998-06,triangle,46.233333,-63.133333
1998-06,triangle,40.7372222,-114.0366667
1998-06,,45.7761111,-111.1761111
1998-06,,52.133333,-106.666667
1998-06,,27.9011111,-81.5861111
1998-06,,35.4050000,-97.1625000
1998-06,,36.9486111,-84.0969444
1998-06,,53.594495,-1.030037
1998-06,,35.731953,-90.484662
1998-06,,39.4811111,-76.6441667
1998-06,,38.6630556,-90.5769444
1998-06,,36.967736,-82.929884
1998-06,sphere,53.550352,-2.77637
1998-06,sphere,41.8500000,-87.6500000
1998-06,sphere,43.3016667,-123.1000000
1998-06,sphere,40.8583333,-74.1641667
1998-06,sphere,44.6613889,-84.7147222
1998-06,light,42.4972222,-82.9372222
1998-06,light,42.3333333,-88.2666667
1998-06,light,41.6794444,-77.0641667
1998-06,light,34.3352778,-84.7155556
1998-06,light,46.9966667,-120.5466667
1998-06,light,41.5244444,-90.5155556
1998-06,light,39.9202778,-80.7433333
1998-06,light,38.6772222,-87.5286111
1998-06,light,46.216667,-63.483333
1998-06,light,34.0094444,-118.1044444
1998-06,light,38.6772222,-87.5286111
1998-06,light,33.7825000,-117.2277778
1998-06,light,43.0772222,-78.1872222
1998-06,cylinder,35.221997,-101.831297
1998-06,cylinder,32.2986111,-90.1847222
1998-06,cylinder,42.4183333,-71.1066667
1998-06,cylinder,50.666667,-120.333333
1998-06,cylinder,35.2016667,-83.8241667
1998-06,cylinder,27.8002778,-97.3961111
1998-06,changing,44.9583333,-124.0166667
1998-06,fireball,35.6527778,-97.4777778
1998-06,fireball,37.9577778,-121.2897222
1998-06,fireball,45.859011,-122.815818
1998-06,circle,39.9794444,-77.2230556
1998-06,circle,42.9005556,-78.6705556
1998-06,circle,29.669392,-100.012291
1998-06,circle,39.5297222,-119.8127778
1998-06,chevron,43.1547222,-77.6158333
1998-06,oval,38.6244444,-76.9394444
1998-06,oval,47.0744444,-111.9625000
1998-06,disk,36.778261,-119.417932
1998-06,disk,49.883333,-97.166667
1998-06,disk,42.3583333,-71.0602778
1998-06,diamond,34.1083333,-117.2888889
1998-06,teardrop,36.6844444,-121.8011111
1998-06,teardrop,38.9783333,-76.4925000
1998-07,triangle,49.783333,-112.15
1998-07,triangle,43.4666667,-112.0333333
1998-07,triangle,36.1750000,-115.1363889
1998-07,triangle,37.9405556,-101.2544444
1998-07,triangle,51.583333,-.166667
1998-07,triangle,47.8211111,-122.3138889
1998-07,triangle,26.0027778,-80.2241667
1998-07,triangle,36.7477778,-119.7713889
1998-07,triangle,45.6388889,-122.6602778
1998-07,,47.1394444,-122.0969444
1998-07,,44.9619,5.7458
1998-07,,37.6819444,-121.7669444
1998-07,,51.514125,-.093689
1998-07,,40.7966667,-74.4819444
1998-07,,43.6613889,-70.2558333
1998-07,,53.083333,-1.266667
1998-07,,39.9625000,-76.7280556
1998-07,,40.8813889,-74.1136111
1998-07,,41.3922222,-84.1252778
1998-07,,45.523452,-122.676207
1998-07,,28.9825000,-95.9691667
1998-07,formation,35.6263889,-86.6933333
1998-07,formation,26.9250000,-82.3522222
1998-07,cigar,49.15,-123.916667
1998-07,cigar,50.375457,-4.142656
1998-07,sphere,41.6916667,-94.3627778
1998-07,sphere,40.9633333,-76.6130556
1998-07,sphere,41.4788889,-87.4547222
1998-07,sphere,40.8008333,-94.4755556
1998-07,light,42.7875000,-86.1088889
1998-07,light,33.3061111,-111.8405556
1998-07,light,34.1083333,-117.2888889
1998-07,light,47.4705556,-122.3455556
1998-07,light,41.8500000,-87.6500000
1998-07,light,42.1291667,-80.0852778
1998-07,light,47.4741667,-122.2597222
1998-07,light,42.126116,-83.257233
1998-07,light,45.465509,-121.915016
1998-07,rectangle,48.609949,-93.395528
1998-07,rectangle,42.6525000,-73.7566667
1998-07,fireball,38.3497222,-81.6327778
1998-07,fireball,28.729694,-13.86715
1998-07,circle,38.7522222,-121.2869444
1998-07,circle,41.9352778,-87.8655556
1998-07,circle,33.442702,-116.865122
1998-07,circle,42.3266667,-122.8744444
1998-07,egg,42.9925000,-98.4247222
1998-07,oval,43.0008333,-73.8494444
1998-07,oval,45.4313889,-122.7702778
1998-07,oval,35.6833333,-85.7700000
1998-07,diamond,30.3319444,-81.6558333
1998-07,teardrop,36.08777,-115.299487
1998-07,flash,40.0991667,-83.1141667
1998-08,triangle,35.0844444,-106.6505556
1998-08,triangle,34.2419444,-117.2847222
1998-08,triangle,42.1250000,-72.7500000
1998-08,triangle,37.6391667,-120.9958333
1998-08,,47.9791667,-122.2008333
1998-08,,37.797427,-121.216053
1998-08,,45.2630556,-122.6913889
1998-08,sphere,44.9800000,-93.2636111
1998-08,sphere,47.9791667,-122.2008333
1998-08,sphere,45.0244444,-123.9452778
1998-08,sphere,38.4786111,-120.0027778
1998-08,sphere,37.5536111,-77.4605556
1998-08,light,44.7391667,-67.3905556
1998-08,light,46.308989,-124.04321
1998-08,light,39.4100000,-74.3650000
1998-08,light,39.5297222,-119.8127778
1998-08,light,30.6941667,-88.0430556
1998-08,light,38.6272222,-90.1977778
1998-08,light,41.4427778,-73.0630556
1998-08,light,36.383213,-6.215447
1998-08,light,42.0583333,-70.1791667
1998-08,changing,42.311782,-73.182162
1998-08,changing,42.5194444,-70.8972222
1998-08,fireball,41.6436111,-83.4869444
1998-08,fireball,37.4850000,-119.9652778
1998-08,fireball,46.5425000,-123.5036111
1998-08,fireball,48.2752778,-101.4283333
1998-08,fireball,31.7586111,-106.4863889
1998-08,fireball,44.417653,-119.113571
1998-08,fireball,51.891176,-8.458623
1998-08,oval,45.1,15.2
1998-08,disk,43.666667,-79.416667
1998-08,disk,47.7625000,-122.2041667
1998-08,disk,30.5452778,-87.7516667
1998-08,disk,40.203315,-8.410257
1998-08,disk,54.4,-126.65
1998-08,flash,39.5538889,-104.9688889
1998-09,triangle,40.9402778,-74.1322222
1998-09,triangle,55.8,-4.366667
1998-09,triangle,30.2669444,-97.7427778
1998-09,,34.182578,-118.439676
1998-09,,40.640063,22.944419
1998-09,,40.3100000,-75.1302778
1998-09,,34.8547222,-106.7047222
1998-09,,41.8241667,-90.6477778
1998-09,,47.6063889,-122.3308333
1998-09,,39.6133333,-105.0161111
1998-09,formation,32.7355556,-97.1077778
1998-09,formation,37.3394444,-121.8938889
1998-09,cigar,38.7838889,-90.4811111
1998-09,cigar,34.4888889,-118.6219444
1998-09,sphere,42.7633333,-78.3100000
1998-09,sphere,40.7608333,-111.8902778
1998-09,sphere,39.2422222,-121.4080556
1998-09,sphere,32.9855556,-80.1100000
1998-09,sphere,43.0761111,-88.7741667
1998-09,sphere,27.8002778,-97.3961111
1998-09,light,43.1225000,-123.4113889
1998-09,light,47.9447222,-122.3033333
1998-09,light,32.676217,-116.724798
1998-09,light,39.4736111,-118.7763889
1998-09,fireball,47.7361111,-122.6452778
1998-09,fireball,34.4888889,-118.6219444
1998-09,fireball,33.6602778,-117.9983333
1998-09,fireball,40.7141667,-74.0063889
1998-09,fireball,47.4830556,-122.2158333
1998-09,fireball,47.9791667,-122.2008333
1998-09,fireball,41.843386,-84.016742
1998-09,fireball,47.751074,-120.740139
1998-09,fireball,34.1477778,-118.1436111
1998-09,fireball,41.4227778,-122.3850000
1998-09,fireball,47.7625000,-122.2041667
1998-09,fireball,47.6063889,-122.3308333
1998-09,fireball,41.5875000,-109.2022222
1998-09,fireball,47.9791667,-122.2008333
1998-09,fireball,43.1547222,-77.6158333
1998-09,fireball,33.5091667,-111.8983333
1998-09,fireball,49.683333,-125
1998-09,circle,30.544722,-98.368333
1998-09,circle,33.9608333,-83.3780556
1998-09,circle,40.9477778,-90.3711111
1998-09,circle,51.083333,-114.083333
1998-09,circle,28.0680556,-80.5605556
1998-09,circle,-27.47101,153.024292
1998-09,circle,41.7000000,-71.4166667
1998-09,chevron,34.0522222,-118.2427778
1998-09,oval,43.0388889,-87.9063889
1998-09,oval,42.0694444,-72.6152778
1998-09,oval,40.7141667,-74.0063889
1998-09,disk,39.1141667,-94.6272222
1998-09,disk,45.5236111,-122.6750000
1998-09,disk,46.7588889,-114.0800000
1998-09,disk,37.3341667,-79.5233333
1998-09,disk,40.2363889,-83.3672222
1998-09,disk,46.083333,-73.166667
1998-09,diamond,36.247836,-120.238111
1998-09,flash,41.3747222,-83.6513889
1998-10,triangle,41.1813889,-84.7405556
1998-10,triangle,43.3872222,-87.8755556
1998-10,triangle,32.165622,-82.900075
1998-10,triangle,47.6588889,-117.4250000
1998-10,triangle,37.5050000,-105.0072222
1998-10,,41.5622222,-72.6511111
1998-10,,33.5225000,-117.7066667
1998-10,,41.7000000,-71.4166667
1998-10,,33.9802778,-118.4508333
1998-10,,37.2872222,-121.9488889
1998-10,,39.612875,-84.248952
1998-10,cigar,18.4463889,-66.3880556
1998-10,cigar,36.1750000,-115.1363889
1998-10,sphere,34.2572222,-118.4661111
1998-10,sphere,37.7272222,-89.2166667
1998-10,sphere,39.7944444,-87.3958333
1998-10,sphere,36.0997222,-80.2444444
1998-10,light,39.7391667,-104.9841667
1998-10,light,41.5244444,-90.5155556
1998-10,light,35.6008333,-82.5541667
1998-10,light,40.6669444,-111.8872222
1998-10,light,45.5236111,-122.6750000
1998-10,light,47.2530556,-122.4430556
1998-10,light,41.4552778,-81.9180556
1998-10,light,25.7738889,-80.1938889
1998-10,light,37.9841667,-120.3811111
1998-10,light,39.103118,-84.51202
1998-10,light,37.2255556,-107.5975000
1998-10,cylinder,42.0372222,-88.2811111
1998-10,changing,38.2855556,-85.8241667
1998-10,changing,40.0455556,-86.0086111
1998-10,changing,46.8722222,-113.9930556
1998-10,fireball,42.9633333,-85.6680556
1998-10,fireball,53.383333,-2.6
1998-10,fireball,36.8527778,-75.9783333
1998-10,circle,43.683333,-79.766667
1998-10,circle,36.1750000,-115.1363889
1998-10,circle,42.2230556,-78.0347222
1998-10,oval,39.9866667,-75.4013889
1998-10,oval,32.2216667,-110.9258333
1998-10,disk,42.9763889,-88.1083333
1998-10,disk,45.966667,-71.816667
1998-10,cone,36.1750000,-115.1363889
1998-11,triangle,34.8150000,-92.2241667
1998-11,triangle,31.1238889,-97.9027778
1998-11,triangle,41.4813889,-73.2136111
1998-11,triangle,26.9294444,-82.0455556
1998-11,triangle,39.6200000,-78.2927778
1998-11,triangle,34.72534,-77.3442
1998-11,triangle,40.8686111,-82.3183333
1998-11,triangle,36.8050000,-98.6661111
1998-11,triangle,47.6588889,-117.4250000
1998-11,,42.6016667,-88.7075000
1998-11,,34.6086111,-98.3900000
1998-11,,34.5025000,-84.9511111
1998-11,,40.1947222,-92.5830556
1998-11,,28.8038889,-81.7258333
1998-11,,-33.65,115.033333
1998-11,,47.44732,-122.45985
1998-11,,42.0427778,-88.0797222
1998-11,,39.1141667,-94.6272222
1998-11,formation,35.9605556,-83.9208333
1998-11,sphere,34.1866667,-118.4480556
1998-11,sphere,38.713107,-90.42984
1998-11,light,46.491684,-114.0913
1998-11,light,38.7522222,-121.2869444
1998-11,light,43.797762,-88.003208
1998-11,light,43.4686111,-71.2325000
1998-11,light,45.7811111,-122.5322222
1998-11,cylinder,47.8555556,-121.9697222
1998-11,fireball,40.3911111,-75.6105556
1998-11,fireball,36.241416,-115.050807
1998-11,fireball,41.121012,-78.758326
1998-11,fireball,37.9319444,-121.6947222
1998-11,fireball,30.2669444,-97.7427778
1998-11,fireball,34.3675000,-77.7108333
1998-11,fireball,40.7608333,-111.8902778
1998-11,fireball,39.740126,-84.203363
1998-11,fireball,35.6150000,-87.0352778
1998-11,fireball,45.4313889,-122.7702778
1998-11,fireball,39.4055556,-105.4727778
1998-11,circle,40.7141667,-74.0063889
1998-11,circle,31.6277778,-110.3333333
1998-11,circle,34.7463889,-92.2894444
1998-11,circle,36.9902778,-86.4436111
1998-11,circle,41.7636111,-72.6855556
1998-11,egg,41.318765,-73.056398
1998-11,egg,47.3225000,-122.3113889
1998-11,oval,45.1200000,-93.2875000
1998-11,oval,35.0844444,-106.6505556
1998-11,disk,30.629951,-97.691957
1998-11,disk,38.9822222,-94.6705556
1998-11,flash,48.9938889,-122.7458333
1998-11,flash,32.9477778,-112.7161111
1998-11,flash,33.4222222,-111.8219444
1998-11,flash,30.2458333,-87.7008333
1998-12,triangle,26.7052778,-80.0366667
1998-12,triangle,40.6258333,-75.3708333
1998-12,,33.980289,-118.451745
1998-12,,36.0544444,-112.1386111
1998-12,,45.5,-73.583333
1998-12,,-43.532054,172.636225
1998-12,,24.9844444,-80.5611111
1998-12,,45.3194444,-93.2022222
1998-12,,36.1750000,-115.1363889
1998-12,,39.9936111,-105.0891667
1998-12,formation,31.1955556,-98.7177778
1998-12,formation,39.7391667,-104.9841667
1998-12,sphere,43.0830556,-73.7850000
1998-12,sphere,34.367594,-77.710548
1998-12,sphere,39.0825000,-74.8241667
1998-12,sphere,33.317842,-117.320512
1998-12,sphere,40.7583333,-82.5155556
1998-12,light,42.9097222,-73.8955556
1998-12,light,39.5138889,-121.5552778
1998-12,light,32.1108333,-98.5355556
1998-12,light,39.1200000,-90.3283333
1998-12,light,19.195096,-100.132673
1998-12,light,41.7688889,-87.8577778
1998-12,light,25.7738889,-80.1938889
1998-12,light,35.385924,-94.398547
1998-12,light,41.4361111,-81.3866667
1998-12,light,29.3113889,-96.1025000
1998-12,light,47.6063889,-122.3308333
1998-12,rectangle,37.6391667,-120.9958333
1998-12,cylinder,30.3494444,-92.6713889
1998-12,fireball,35.3733333,-119.0177778
1998-12,fireball,33.7877778,-117.8522222
1998-12,fireball,41.1383333,-81.8638889
1998-12,fireball,39.3111111,-94.9222222
1998-12,fireball,47.6588889,-117.4250000
1998-12,circle,46.3,-63.216667
1998-12,oval,38.641598,-90.366577
1998-12,oval,37.4694444,-105.8694444
1998-12,disk,36.1750000,-115.1363889
1998-12,disk,26.9758333,-82.0908333
1998-12,disk,33.6888889,-78.8869444
1998-12,disk,38.8338889,-104.8208333
1998-12,disk,39.9611111,-82.9988889
1998-12,flash,26.6250000,-81.6250000
1999-01,triangle,35.2269444,-80.8433333
1999-01,triangle,34.8,48.516667
1999-01,,38.5891667,-121.3016667
1999-01,,38.8113889,-89.9530556
1999-01,,41.2411111,-77.0013889
1999-01,,47.626208,-122.521245
1999-01,,39.7597222,-121.6208333
1999-01,cigar,39.2797222,-89.8816667
1999-01,sphere,32.3666667,-86.3000000
1999-01,light,34.2572222,-118.6002778
1999-01,light,47.9663889,-116.8675000
1999-01,cylinder,44.5366667,-122.9058333
1999-01,cylinder,34.1952778,-79.7627778
1999-01,fireball,48.0152778,-122.0625000
1999-01,fireball,32.7833333,-96.8000000
1999-01,fireball,39.6836111,-75.7500000
1999-01,fireball,42.0775000,-78.4300000
1999-01,fireball,47.6063889,-122.3308333
1999-01,fireball,37.8216667,-121.9988889
1999-01,fireball,32.7355556,-97.1077778
1999-01,fireball,43.0250000,-108.3794444
1999-01,circle,-34.551048,146.404831
1999-01,circle,32.5005556,-94.7402778
1999-01,egg,38.5580556,-91.0119444
1999-01,oval,45.5236111,-122.6750000
1999-01,disk,32.8994444,-105.9597222
1999-01,disk,32.7291667,-82.7200000
1999-01,disk,-21.115141,55.536384
1999-01,diamond,30.4380556,-84.2808333
1999-01,diamond,32.0033333,-80.9738889
1999-01,diamond,39.8666667,-74.1683333
1999-01,flash,32.8572222,-116.9213889
1999-01,flash,61.5997222,-149.1127778
1999-01,flash,61.9550000,-145.3052778
1999-02,triangle,41.5075000,-71.7166667
1999-02,triangle,29.1869444,-82.1402778
1999-02,,38.7522222,-121.2869444
1999-02,,32.2216667,-110.9258333
1999-02,,38.7505556,-81.9608333
1999-02,,47.6063889,-122.3308333
1999-02,,34.2694444,-118.7805556
1999-02,,33.688332,-112.082222
1999-02,,38.6272222,-90.1977778
1999-02,,45.7833333,-108.5000000
1999-02,formation,38.8338889,-104.8208333
1999-02,cigar,34.0122222,-117.6880556
1999-02,sphere,35.759573,-79.0193
1999-02,sphere,43.916231,-123.964
1999-02,light,38.5491667,-75.2461111
1999-02,light,41.0997222,-80.6497222
1999-02,light,33.8900000,-84.1430556
1999-02,light,42.436238,-89.723701
1999-02,light,29.9544444,-90.0750000
1999-02,light,37.3861111,-122.0827778
1999-02,light,41.4169444,-87.3652778
1999-02,light,47.9791667,-122.2008333
1999-02,light,40.7983333,-78.5002778
1999-02,light,42.1944444,-71.8361111
1999-02,light,40.7141667,-74.0063889
1999-02,light,35.591131,-105.232525
1999-02,rectangle,34.6930556,-93.5175000
1999-02,rectangle,42.1297222,-76.8211111
1999-02,changing,21.161908,-86.851528
1999-02,fireball,32.7152778,-117.1563889
1999-02,fireball,33.4483333,-112.0733333
1999-02,fireball,43.738179,-87.770923
1999-02,fireball,42.8813889,-88.2066667
1999-02,circle,36.1750000,-115.1363889
1999-02,circle,62.45,-114.35
1999-02,circle,35.1677778,-114.5722222
1999-02,circle,33.8302778,-116.5444444
1999-02,oval,34.5969444,-83.7633333
1999-02,oval,41.3411111,-75.3902778
1999-02,oval,31.5602778,-91.4030556
1999-02,oval,30.43937,-97.620004
1999-02,oval,34.7575000,-112.4530556
1999-02,flash,32.9125000,-96.6386111
1999-03,triangle,40.164579,-74.208267
1999-03,triangle,39.6294444,-79.9561111
1999-03,triangle,41.8500000,-87.6500000
1999-03,,38.1075000,-122.5686111
1999-03,,38.8338889,-104.8208333
1999-03,,39.1625000,-76.6250000
1999-03,formation,43.1116667,-88.4991667
1999-03,formation,42.9633333,-85.6680556
1999-03,cigar,40.3266667,-78.9222222
1999-03,sphere,47.2530556,-122.4430556
1999-03,light,27.9833333,-82.2758333
1999-03,light,39.0066667,-76.7794444
1999-03,light,31.0236111,-87.4938889
1999-03,light,41.2736111,-82.8416667
1999-03,light,36.1658333,-86.7844444
1999-03,changing,31.0011111,-89.4522222
1999-03,fireball,32.4366667,-111.2247222
1999-03,fireball,37.0058333,-121.5672222
1999-03,fireball,39.9611111,-82.9988889
1999-03,fireball,47.5302778,-122.0313889
1999-03,fireball,38.7563889,-119.3750000
1999-03,fireball,32.0033333,-80.9738889
1999-03,fireball,40.0638889,-80.7211111
1999-03,fireball,20.653407,-105.225332
1999-03,circle,51.216667,-.566667
1999-03,circle,45.303395,19.861484
1999-03,egg,32.8405556,-83.6325000
1999-03,egg,34.0900000,-117.8894444
1999-03,oval,45.0105556,-93.4552778
1999-03,disk,40.1672222,-105.1013889
1999-03,disk,45.5230556,-122.9886111
1999-03,disk,32.78014,-96.800451
1999-03,diamond,39.6261111,-84.3694444
1999-04,triangle,44.433333,-79.15
1999-04,triangle,41.578443,-70.55864
1999-04,triangle,46.8772222,-96.7894444
1999-04,triangle,47.44732,-122.45985
1999-04,triangle,43.1352778,-87.9355556
1999-04,triangle,34.0522222,-118.2427778
1999-04,,54.108967,-3.218894
1999-04,,42.4,-82.183333
1999-04,,41.569793,-90.518316
1999-04,,47.626208,-122.521245
1999-04,,41.3325000,-79.1233333
1999-04,sphere,35.0808333,-106.3875000
1999-04,light,62.223889,-6.578611
1999-04,light,39.8680556,-104.9713889
1999-04,light,32.7252778,-114.6236111
1999-04,light,29.5177778,-98.3158333
1999-04,light,40.7141667,-74.0063889
1999-04,light,41.2952778,-89.0594444
1999-04,rectangle,43.4966667,-73.7766667
1999-04,cylinder,20.9033333,-156.3694444
1999-04,changing,36.9741667,-122.0297222
1999-04,fireball,38.8808333,-77.3011111
1999-04,fireball,39.2902778,-76.6125000
1999-04,fireball,38.1075000,-122.5686111
1999-04,fireball,48.1752778,-117.7236111
1999-04,fireball,39.7391667,-104.9841667
1999-04,fireball,35.0844444,-106.6505556
1999-04,fireball,36.9741667,-122.0297222
1999-04,circle,40.3977778,-105.0744444
1999-04,circle,33.036987,-117.291982
1999-04,circle,46.2113889,-119.1361111
1999-04,oval,39.1433333,-77.2016667
1999-04,disk,39.2086111,-81.1575000
1999-04,teardrop,50.8,.25
1999-04,teardrop,35.6838889,-82.0094444
1999-04,flash,38.5130556,-90.4358333
1999-05,triangle,40.9644444,-76.8847222
1999-05,triangle,30.1586111,-85.6602778
1999-05,triangle,30.7997222,-81.6900000
1999-05,triangle,40.164579,-74.208267
1999-05,triangle,30.1763889,-85.8055556
1999-05,,41.2586111,-95.9375000
1999-05,,47.1633333,-122.0255556
1999-05,,47.1561111,-121.6491667
1999-05,,51.083333,-114.083333
1999-05,,2.718592,101.948988
1999-05,,35.1494444,-90.0488889
1999-05,,38.647351,-121.351147
1999-05,,35.5944444,-77.6972222
1999-05,,36.0980556,-119.5594444
1999-05,formation,34.2255556,-77.9450000
1999-05,sphere,33.7458333,-117.8252778
1999-05,light,43.5838889,-71.2077778
1999-05,light,26.9294444,-82.0455556
1999-05,light,40.7966667,-81.5216667
1999-05,light,42.5461111,-88.1655556
1999-05,light,43.3336111,-88.2861111
1999-05,light,40.5675000,-89.6405556
1999-05,light,-37.882892,144.785011
1999-05,light,30.2669444,-97.7427778
1999-05,light,47.7625000,-122.2041667
1999-05,rectangle,47.8597222,-103.9258333
1999-05,cylinder,37.6805556,-92.6636111
1999-05,changing,33.7222222,-116.3736111
1999-05,changing,34.8788889,-96.4122222
1999-05,fireball,26.2441667,-80.2066667
1999-05,fireball,38.8922222,-89.4130556
1999-05,circle,45.6961111,-121.2850000
1999-05,circle,40.5886111,-83.1286111
1999-05,circle,42.166667,-82.816667
1999-05,circle,28.4055556,-80.6050000
1999-05,circle,35.3733333,-119.0177778
1999-05,chevron,39.6133333,-105.0161111
1999-05,oval,34.2783333,-119.2922222
1999-05,disk,33.7488889,-84.3880556
1999-05,disk,33.5386111,-112.1852778
1999-05,disk,42.8805556,-71.3277778
1999-05,disk,37.3838889,-93.1511111
1999-05,diamond,41.4994444,-81.6955556
1999-05,teardrop,26.0108333,-80.1497222
1999-05,cone,43.0730556,-89.4011111
1999-06,triangle,39.5297222,-119.8127778
1999-06,triangle,38.8444444,-82.1372222
1999-06,triangle,33.4483333,-112.0733333
1999-06,triangle,32.50186,-93.657142
1999-06,triangle,38.8338889,-104.8208333
1999-06,,38.5816667,-121.4933333
1999-06,,30.036754,-84.336621
1999-06,,41.2888889,-72.6822222
1999-06,,42.2958333,-71.7133333
1999-06,,43.6875000,-84.9688889
1999-06,,30.3319444,-81.6558333
1999-06,,39.3375000,-78.9183333
1999-06,,43.4666667,-112.0333333
1999-06,,32.7947222,-116.9616667
1999-06,,41.8850000,-87.7844444
1999-06,,43.2208333,-77.2833333
1999-06,,33.0888889,-96.8861111
1999-06,,42.6583333,-71.1375000
1999-06,,43.6136111,-116.2025000
1999-06,formation,34.0194444,-118.4902778
1999-06,cigar,45.5236111,-122.6750000
1999-06,sphere,45.416667,-75.7
1999-06,sphere,41.8800000,-88.0077778
1999-06,sphere,41.6647222,-72.6397222
1999-06,sphere,34.2575000,-88.7033333
1999-06,sphere,34.0983333,-118.3258333
1999-06,sphere,37.5969444,-115.2233333
1999-06,sphere,47.6063889,-122.3308333
1999-06,sphere,38.9863889,-81.9736111
1999-06,light,35.110703,-106.609991
1999-06,light,34.080371,-117.74079
1999-06,light,39.8027778,-105.0869444
1999-06,light,41.5580556,-73.0519444
1999-06,light,41.4527778,-82.1825000
1999-06,light,33.4483333,-112.0733333
1999-06,light,44.8011111,-68.7783333
1999-06,light,28.615,-80.694443
1999-06,light,37.3488889,-108.5852778
1999-06,light,49.683333,-125
1999-06,light,37.2152778,-93.2980556
1999-06,cylinder,30.5050000,-97.8200000
1999-06,changing,36.5066667,-121.4433333
1999-06,fireball,28.0338889,-82.6652778
1999-06,fireball,45.8925000,-111.5513889
1999-06,circle,-33.861481,151.205475
1999-06,circle,42.6330556,-88.6436111
1999-06,circle,40.4925000,-121.8880556
1999-06,circle,29.9600000,-90.2155556
1999-06,circle,27.8002778,-97.3961111
1999-06,circle,32.7152778,-117.1563889
1999-06,circle,47.3294444,-122.5788889
1999-06,egg,40.4483333,-122.2966667
1999-06,chevron,47.0380556,-122.8994444
1999-06,oval,26.0730556,-97.2083333
1999-06,oval,48.366667,-53.866667
1999-06,oval,34.3077778,-118.4483333
1999-06,disk,40.7141667,-74.0063889
1999-06,disk,-37.813938,144.963425
1999-06,disk,47.9791667,-122.2008333
1999-06,diamond,38.3566667,-121.9866667
1999-07,triangle,36.7069444,-97.0852778
1999-07,triangle,37.8805556,-84.5730556
1999-07,triangle,30.7013889,-91.4361111
1999-07,triangle,40.1350000,-86.2205556
1999-07,triangle,33.6888889,-78.8869444
1999-07,triangle,39.7663889,-75.1447222
1999-07,triangle,32.8144444,-93.6291667
1999-07,triangle,40.5725,-111.859722
1999-07,,45.5,-73.583333
1999-07,,37.20576,-113.622633
1999-07,,42.1686111,-88.2575000
1999-07,,37.8805556,-84.5730556
1999-07,,44.9444444,-93.0930556
1999-07,,36.3133333,-82.3536111
1999-07,,38.5816667,-121.4933333
1999-07,,29.4238889,-98.4933333
1999-07,,47.6397222,-122.8272222
1999-07,,34.0211111,-118.3955556
1999-07,,37.7597222,-78.8711111
1999-07,,38.021594,-121.957886
1999-07,,35.4675000,-97.5161111
1999-07,,39.7588889,-84.1916667
1999-07,,33.4483333,-112.0733333
1999-07,,41.5286111,-109.4655556
1999-07,cigar,41.6683333,-74.1030556
1999-07,cigar,45.5236111,-122.6750000
1999-07,cigar,32.7938889,-79.8627778
1999-07,cigar,47.2530556,-122.4430556
1999-07,cigar,43.159375,-79.246863
1999-07,sphere,38.9675000,-89.7638889
1999-07,sphere,49.136353351,-122.821343315
1999-07,sphere,34.7400000,-97.2219444
1999-07,sphere,33.7488889,-84.3880556
1999-07,sphere,41.4488889,-82.7080556
1999-07,sphere,32.7152778,-117.1563889
1999-07,light,41.6413889,-80.1516667
1999-07,light,35.1111111,-81.2266667
1999-07,light,38.8338889,-104.8208333
1999-07,light,30.3319444,-81.6558333
1999-07,light,36.8527778,-75.9783333
1999-07,light,36.0450000,-117.9463889
1999-07,light,39.8088889,-85.2913889
1999-07,light,47.6063889,-122.3308333
1999-07,light,47.6063889,-122.3308333
1999-07,light,39.7286111,-121.8363889
1999-07,light,37.2438889,-77.4105556
1999-07,light,34.7463889,-92.2894444
1999-07,light,45.4208333,-122.6694444
1999-07,light,38.6105556,-122.8680556
1999-07,light,27.9091667,-82.7875000
1999-07,rectangle,40.0377778,-76.3058333
1999-07,cylinder,44.3483333,-106.6983333
1999-07,changing,45.5236111,-122.6750000
1999-07,changing,35.2269444,-80.8433333
1999-07,changing,44.9430556,-123.0338889
1999-07,fireball,45.1438889,-122.8541667
1999-07,fireball,38.9783333,-76.4925000
1999-07,fireball,33.1191667,-117.0855556
1999-07,circle,-27.279605,-53.426186
1999-07,circle,36.9741667,-122.0297222
1999-07,circle,47.6741667,-122.1202778
1999-07,circle,39.6036111,-93.3422222
1999-07,circle,43.3369444,-71.5658333
1999-07,circle,45.6388889,-122.6602778
1999-07,circle,41.9650000,-80.4075000
1999-07,egg,43.666667,-79.416667
1999-07,egg,41.7797222,-71.4377778
1999-07,egg,46.8219444,-123.0950000
1999-07,egg,39.8341667,-96.0638889
1999-07,oval,40.4591667,-74.3613889
1999-07,oval,38.850229,-77.131079
1999-07,disk,39.6136111,-86.1066667
1999-07,disk,40.7608333,-111.8902778
1999-07,disk,53.8,-1.583333
1999-07,disk,43.890989,11.523296
1999-07,disk,44.9800000,-93.2636111
1999-07,disk,41.5263889,-70.6736111
1999-07,disk,26.3583333,-80.0833333
1999-07,disk,-31.43127,152.908131
1999-07,teardrop,50.790228,0.088627
1999-07,flash,33.5205556,-86.8025000
1999-07,flash,51.85762,-4.312131
1999-07,flash,46.2511111,-119.9005556
1999-07,cone,52.772099,-1.206166
1999-08,triangle,43.6613889,-70.2558333
1999-08,triangle,47.763396,-120.148704
1999-08,triangle,34.2255556,-77.9450000
1999-08,triangle,42.2136111,-74.2191667
1999-08,triangle,36.3547222,-79.6647222
1999-08,triangle,35.0886111,-92.4419444
1999-08,,49.69349,-112.84184
1999-08,,38.2494444,-122.0388889
1999-08,,39.7241667,-77.4716667
1999-08,,44.52,-79.99
1999-08,,42.9097222,-85.7630556
1999-08,,38.2972222,-122.2844444
1999-08,,34.0583333,-106.8908333
1999-08,,44.5038889,-72.9980556
1999-08,,45.5236111,-122.6750000
1999-08,,35.0844444,-106.6505556
1999-08,,37.865101,-119.538329
1999-08,formation,46.180355,-94.445447
1999-08,formation,-34.928661,138.598633
1999-08,formation,34.1425000,-118.2541667
1999-08,formation,46.753355,-85.25734
1999-08,cigar,47.6063889,-122.3308333
1999-08,cigar,34.228424,-116.861053
1999-08,sphere,47.6588889,-117.4250000
1999-08,sphere,40.6258333,-75.3708333
1999-08,sphere,42.1944444,-71.9063889
1999-08,sphere,49.136353351,-122.821343315
1999-08,sphere,40.7141667,-74.0063889
1999-08,sphere,34.2011111,-118.5355556
1999-08,sphere,50.9333,17.45
1999-08,light,39.4811111,-76.6441667
1999-08,light,47.6588889,-117.4250000
1999-08,light,34.1072222,-118.0569444
1999-08,light,41.5038889,-87.7130556
1999-08,light,34.9416667,-118.9291667
1999-08,light,38.5063889,-82.2986111
1999-08,light,47.5002778,-111.3000000
1999-08,light,43.6122222,-116.3905556
1999-08,light,39.3738889,-80.3486111
1999-08,light,36.8222222,-107.9922222
1999-08,light,45.9975000,-121.5269444
1999-08,light,35.1980556,-111.6505556
1999-08,light,49.516667,-115.766667
1999-08,light,34.1063889,-117.3694444
1999-08,rectangle,33.8352778,-117.9136111
1999-08,rectangle,40.1386111,-123.9961111
1999-08,cylinder,39.2666667,-81.5616667
1999-08,cylinder,45.4563889,-123.8427778
1999-08,fireball,39.7452778,-85.1941667
1999-08,fireball,44.2727778,-121.1727778
1999-08,fireball,32.3122222,-106.7777778
1999-08,fireball,39.4152778,-81.4550000
1999-08,fireball,40.8766667,-73.3250000
1999-08,fireball,48.1183333,-123.4294444
1999-08,fireball,30.381953,-86.862372
1999-08,circle,27.0591667,-80.1366667
1999-08,circle,40.7302778,-80.3102778
1999-08,circle,39.5297222,-119.8127778
1999-08,egg,38.4177778,-82.5863889
1999-08,oval,43.1008333,-75.2330556
1999-08,disk,37.3394444,-121.8938889
1999-08,disk,37.584154,-76.178374
1999-08,disk,-28.530554,30.895824
1999-08,disk,33.7669444,-118.1883333
1999-08,disk,40.0680556,-82.5197222
1999-08,disk,45.4872222,-122.8025000
1999-08,disk,47.6063889,-122.3308333
1999-08,diamond,33.7591667,-118.0058333
1999-08,diamond,33.4483333,-112.0733333
1999-08,teardrop,43.0388889,-87.9063889
1999-08,flash,40.7213889,-89.2727778
1999-08,flash,34.8697222,-111.7602778
1999-09,triangle,39.4666667,-87.4138889
1999-09,triangle,39.4352778,-84.2030556
1999-09,triangle,38.7713889,-90.3708333
1999-09,triangle,40.579642,141.436063
1999-09,triangle,47.6105556,-122.1994444
1999-09,triangle,39.7211111,-82.2988889
1999-09,triangle,40.8613889,-83.4616667
1999-09,triangle,51.6,-.633333
1999-09,triangle,38.249358,-122.039966
1999-09,triangle,45.1200000,-93.2875000
1999-09,,38.837522,-120.895824
1999-09,,47.7625000,-122.2041667
1999-09,,45.5236111,-122.6750000
1999-09,,46.6794444,-119.9161111
1999-09,,33.6600000,-86.8127778
1999-09,,40.7958333,-74.3152778
1999-09,,44.7630556,-85.6205556
1999-09,,36.5858333,-79.3952778
1999-09,,42.5463889,-71.1741667
1999-09,,49.316667,-117.666667
1999-09,,47.9130556,-122.0969444
1999-09,,40.6975000,-74.2636111
1999-09,,36.0330556,-86.7827778
1999-09,,33.9533333,-117.3952778
1999-09,,37.3394444,-121.8938889
1999-09,,54.978252,-1.61778
1999-09,,51.514125,-.093689
1999-09,,41.1400000,-104.8197222
1999-09,,36.9741667,-122.0297222
1999-09,,41.3100000,-122.3094444
1999-09,,38.1041667,-122.2555556
1999-09,,42.8102778,-89.8619444
1999-09,,38.0280556,-121.8836111
1999-09,formation,46.5530556,-91.5763889
1999-09,formation,45.4208333,-122.6694444
1999-09,formation,44.3816667,-123.5952778
1999-09,formation,41.4872222,-120.5413889
1999-09,cigar,27.7705556,-82.6794444
1999-09,cigar,41.8500000,-87.6500000
1999-09,cigar,41.462072,-87.894245
1999-09,sphere,23.446362,-110.22651
1999-09,sphere,40.0444444,-111.7313889
1999-09,sphere,30.3672222,-89.0927778
1999-09,sphere,38.8813889,-94.8188889
1999-09,light,40.1211111,-90.5630556
1999-09,light,47.996822,-118.766958
1999-09,light,37.6775000,-113.0611111
1999-09,light,30.381953,-86.862372
1999-09,light,52.695889,1.684487
1999-09,light,45.5200000,-123.0586111
1999-09,light,38.7741667,-87.3077778
1999-09,light,64.5638889,-149.0930556
1999-09,light,33.4222222,-111.8219444
1999-09,light,47.4830556,-122.2158333
1999-09,light,53.951048,-0.884723
1999-09,light,45.8152778,-122.7413889
1999-09,light,40.705631,-73.978003
1999-09,light,43.8286111,-115.8336111
1999-09,light,42.7619444,-74.1341667
1999-09,light,44.7391667,-67.3905556
1999-09,light,39.9611111,-82.9988889
1999-09,light,44.3816667,-123.5952778
1999-09,light,43.666667,-79.416667
1999-09,light,34.0966667,-117.7188889
1999-09,light,44.0522222,-123.0855556
1999-09,light,48.7052778,-119.4383333
1999-09,light,38.4088889,-121.3705556
1999-09,light,42.4075000,-124.4205556
1999-09,light,-34.928661,138.598633
1999-09,light,44.4161111,-118.9519444
1999-09,light,46.02686,-79.719627
1999-09,cylinder,38.644626,-121.272172
1999-09,changing,43.41136,-106.280024
1999-09,changing,40.963371,-90.14512
1999-09,changing,35.4736111,-81.2547222
1999-09,fireball,38.8966667,-121.0758333
1999-09,fireball,42.4075000,-124.4205556
1999-09,fireball,39.7286111,-121.8363889
1999-09,fireball,38.8966667,-121.0758333
1999-09,fireball,36.3275000,-119.6447222
1999-09,fireball,39.5297222,-119.8127778
1999-09,fireball,38.9822222,-94.6705556
1999-09,fireball,37.9725000,-90.3897222
1999-09,fireball,40.8686111,-82.3183333
1999-09,circle,34.1450000,-81.2758333
1999-09,circle,40.909478,-74.036988
1999-09,circle,35.8680556,-83.5619444
1999-09,circle,45.8208333,-120.8205556
1999-09,circle,35.1822222,-83.3816667
1999-09,egg,44.8755556,-91.9191667
1999-09,egg,38.5913889,-75.2916667
1999-09,chevron,44.9430556,-123.0338889
1999-09,oval,42.8125000,-70.8777778
1999-09,oval,40.9350000,-74.0194444
1999-09,oval,36.1750000,-115.1363889
1999-09,oval,48.7597222,-122.4869444
1999-09,oval,40.8583333,-74.1641667
1999-09,disk,31.2519444,-93.3411111
1999-09,disk,36.1750000,-115.1363889
1999-09,diamond,39.1072222,-76.5713889
1999-09,diamond,30.2669444,-97.7427778
1999-09,diamond,40.5934,-76.143592
1999-09,teardrop,45.6366667,-89.4119444
1999-09,flash,32.9536111,-96.8900000
1999-09,flash,42.9633333,-85.6680556
1999-10,triangle,41.3683333,-82.1077778
1999-10,triangle,34.1486111,-118.3955556
1999-10,triangle,32.6516667,-96.9080556
1999-10,triangle,38.9516667,-92.3338889
1999-10,triangle,46.8722222,-113.9930556
1999-10,triangle,48.1172222,-122.7591667
1999-10,triangle,54.2,-5.883333
1999-10,triangle,32.1572222,-94.3372222
1999-10,triangle,44.7394444,-93.1255556
1999-10,triangle,47.48739,-117.575762
1999-10,triangle,53.366667,-1.5
1999-10,triangle,33.0888889,-96.8861111
1999-10,triangle,31.3463889,-89.2600000
1999-10,triangle,31.7586111,-106.4863889
1999-10,,44.2911111,-105.5016667
1999-10,,45.7833333,-108.5000000
1999-10,,27.7705556,-82.6794444
1999-10,,49.25,-123.133333
1999-10,,36.8188889,-76.2752778
1999-10,,47.6261111,-120.2241667
1999-10,,42.1947222,-122.7083333
1999-10,,39.0997222,-94.5783333
1999-10,,32.899809,-97.040335
1999-10,formation,42.087675,-75.961581
1999-10,cigar,33.783881,-84.354671
1999-10,cigar,35.2269444,-80.8433333
1999-10,sphere,39.7391667,-104.9841667
1999-10,sphere,46.2113889,-119.1361111
1999-10,sphere,34.2011111,-118.5355556
1999-10,sphere,34.7658333,-84.7700000
1999-10,light,35.2269444,-80.8433333
1999-10,light,35.1477778,-114.5675000
1999-10,light,35.0094444,-105.6686111
1999-10,light,47.7988889,-122.4969444
1999-10,light,30.3880556,-95.6961111
1999-10,light,33.6411111,-117.9177778
1999-10,light,34.0522222,-118.2427778
1999-10,light,37.6866667,-96.9763889
1999-10,rectangle,35.7452778,-89.5297222
1999-10,rectangle,45.3247222,-118.0866667
1999-10,cylinder,-37.813938,144.963425
1999-10,cylinder,40.0488889,-74.5627778
1999-10,cylinder,53.55,-113.5
1999-10,changing,29.2105556,-81.0230556
1999-10,fireball,38.5733333,-109.5491667
1999-10,fireball,42.6486111,-122.8094444
1999-10,fireball,47.7558333,-122.3402778
1999-10,fireball,32.5838889,-117.1122222
1999-10,fireball,48.4213889,-122.3327778
1999-10,circle,41.668889,-87.820278
1999-10,circle,47.2530556,-122.4430556
1999-10,circle,37.6688889,-122.0797222
1999-10,circle,45.1158333,-123.2061111
1999-10,circle,36.9086111,-111.4727778
1999-10,circle,47.6105556,-122.1994444
1999-10,circle,30.0083333,-97.1591667
1999-10,chevron,35.1322222,-118.4480556
1999-10,chevron,33.8883333,-118.3080556
1999-10,chevron,32.7152778,-117.1563889
1999-10,chevron,48.1958333,-114.3119444
1999-10,chevron,36.1538889,-95.9925000
1999-10,chevron,38.9858333,-119.1619444
1999-10,oval,30.2669444,-97.7427778
1999-10,oval,41.9438889,-85.6325000
1999-10,oval,41.8088889,-88.0111111
1999-10,oval,29.7630556,-95.3630556
1999-10,oval,41.7958333,-87.9755556
1999-10,oval,42.0386111,-78.3411111
1999-10,oval,42.0386111,-78.3411111
1999-10,oval,44.8838889,-84.3055556
1999-10,oval,38.6580556,-77.2500000
1999-10,disk,41.9316667,-87.9888889
1999-10,disk,37.6688889,-122.0797222
1999-10,disk,37.5630556,-122.3244444
1999-10,disk,45.333333,-80.033333
1999-10,disk,39.452339,-74.727663
1999-10,teardrop,42.0083333,-91.6438889
1999-10,teardrop,31.325737,-93.398504
1999-11,triangle,33.7205556,-116.2147222
1999-11,triangle,35.1980556,-111.6505556
1999-11,triangle,32.9616667,-96.8288889
1999-11,triangle,47.5302778,-122.0313889
1999-11,triangle,43.9013889,-70.4708333
1999-11,triangle,33.8358333,-118.3397222
1999-11,triangle,30.4505556,-91.1544444
1999-11,triangle,39.9611111,-82.9988889
1999-11,triangle,37.9736111,-122.5300000
1999-11,triangle,34.46735,-114.37574
1999-11,triangle,33.1580556,-117.3497222
1999-11,triangle,33.5091667,-111.8983333
1999-11,triangle,34.6980556,-118.1358333
1999-11,triangle,40.4147222,-74.2300000
1999-11,triangle,36.4197222,-82.4766667
1999-11,,37.5841667,-122.3650000
1999-11,,45.3513889,-89.6663889
1999-11,,40.3486111,-74.6594444
1999-11,,53.007732,-1.433412
1999-11,,30.2669444,-97.7427778
1999-11,,40.5866667,-122.3905556
1999-11,,36.1988889,-115.1166667
1999-11,,45.3002778,-122.9719444
1999-11,,44.3291667,-73.1111111
1999-11,,40.8213889,-73.9880556
1999-11,,43.0011111,-84.5591667
1999-11,,35.6008333,-82.5541667
1999-11,,35.1980556,-111.6505556
1999-11,,42.6583333,-83.1500000
1999-11,formation,33.8491667,-118.3875000
1999-11,formation,41.6216667,-83.7116667
1999-11,formation,42.6072222,-83.9294444
1999-11,formation,42.1538889,-88.1361111
1999-11,formation,32.551101,-88.607707
1999-11,formation,42.3313889,-83.0458333
1999-11,formation,30.2669444,-97.7427778
1999-11,cigar,40.7141667,-74.0063889
1999-11,cigar,38.4997222,-86.0119444
1999-11,cigar,42.8027778,-83.0130556
1999-11,cigar,40.516431,-74.305047
1999-11,cigar,42.670782,-83.032993
1999-11,cigar,43.009549,-83.658026
1999-11,sphere,35.8455556,-86.3902778
1999-11,sphere,46.183333,-62.883333
1999-11,sphere,46.5,-80.966667
1999-11,sphere,13.171641,78.693053
1999-11,sphere,41.6611111,-91.5300000
1999-11,light,35.1980556,-111.6505556
1999-11,light,32.8808333,-97.1547222
1999-11,light,44.625415,-123.122939
1999-11,light,35.6144444,-88.8138889
1999-11,light,35.385924,-94.398547
1999-11,light,29.7630556,-95.3630556
1999-11,light,37.8172222,-96.8619444
1999-11,light,38.4088889,-90.5700000
1999-11,light,35.2561111,-88.9877778
1999-11,light,35.2269444,-80.8433333
1999-11,light,37.8361111,-87.5900000
1999-11,light,42.9633333,-85.6680556
1999-11,light,57.65,-3.333333
1999-11,light,40.1044444,-74.9516667
1999-11,light,33.4483333,-112.0733333
1999-11,rectangle,37.3541667,-121.9541667
1999-11,cylinder,42.1886111,-74.7861111
1999-11,changing,37.57787,-122.34809
1999-11,changing,44.154504,-75.708824
1999-11,changing,40.1105556,-88.2072222
1999-11,changing,42.066885,-81.339941
1999-11,changing,38.2541667,-85.7594444
1999-11,fireball,41.6638889,-83.5552778
1999-11,fireball,39.1619444,-84.4569444
1999-11,fireball,42.2411111,-88.3161111
1999-11,fireball,41.6638889,-83.5552778
1999-11,fireball,38.2225000,-85.3552778
1999-11,fireball,37.5058333,-77.6494444
1999-11,fireball,42.5802778,-83.0302778
1999-11,fireball,43.0388889,-87.9063889
1999-11,fireball,41.1383333,-81.8638889
1999-11,fireball,44.0500000,-91.6391667
1999-11,fireball,41.8500000,-87.6500000
1999-11,fireball,42.3147222,-88.4486111
1999-11,fireball,38.6272222,-90.1977778
1999-11,fireball,39.063876,-77.891998
1999-11,fireball,39.0875000,-81.9227778
1999-11,fireball,37.5550000,-87.4369444
1999-11,fireball,42.7261111,-87.7827778
1999-11,fireball,43.9011111,-85.8516667
1999-11,fireball,45.583333,-72
1999-11,fireball,41.4994444,-81.6955556
1999-11,fireball,39.9241667,-83.8088889
1999-11,fireball,38.8002778,-90.6263889
1999-11,fireball,42.2630556,-88.0038889
1999-11,fireball,44.6338889,-91.8727778
1999-11,fireball,41.5997222,-90.9105556
1999-11,fireball,41.9888889,-88.6866667
1999-11,fireball,44.05,-79.45
1999-11,circle,40.9194444,-84.0569444
1999-11,circle,35.2219444,-101.8308333
1999-11,circle,35.9605556,-85.8141667
1999-11,circle,41.4047222,-81.7230556
1999-11,circle,27.917865,-110.908938
1999-11,circle,41.8011111,-74.7469444
1999-11,circle,44.9286111,-85.3730556
1999-11,circle,38.9338889,-76.8969444
1999-11,circle,44.7319444,-93.2175000
1999-11,circle,38.8466667,-91.9477778
1999-11,circle,41.8500000,-87.6500000
1999-11,circle,44.192768,-78.057677
1999-11,egg,35.4675000,-97.5161111
1999-11,chevron,38.5816667,-121.4933333
1999-11,oval,27.1972222,-80.2530556
1999-11,oval,38.8119444,-94.5316667
1999-11,disk,47.3811111,-122.2336111
1999-11,disk,40.8255556,-73.2030556
1999-11,disk,32.350579,-90.175245
1999-11,disk,42.6072222,-83.9294444
1999-11,disk,40.5727778,-81.0858333
1999-11,disk,44.1858333,-88.4625000
1999-11,cross,35.6658333,-118.2894444
1999-11,teardrop,42.4394444,-83.7438889
1999-11,flash,45.5319444,-122.2900000
1999-11,cone,42.0883333,-87.9805556
1999-12,triangle,32.9777778,-111.5169444
1999-12,triangle,40.1672222,-105.1013889
1999-12,triangle,38.9516667,-92.3338889
1999-12,triangle,33.6680556,-117.3263889
1999-12,triangle,35.2269444,-80.8433333
1999-12,triangle,41.973312,-88.298937
1999-12,,38.9088889,-123.6919444
1999-12,,42.9633333,-85.6680556
1999-12,,45.5236111,-122.6750000
1999-12,,45.6388889,-122.6602778
1999-12,,34.1511111,-118.4483333
1999-12,,32.7152778,-117.1563889
1999-12,,29.3302778,-99.2794444
1999-12,formation,43.0730556,-89.4011111
1999-12,sphere,43.1961111,-73.6522222
1999-12,light,40.743756,-122.404713
1999-12,light,47.6063889,-122.3308333
1999-12,light,38.6055556,-89.6819444
1999-12,light,36.9741667,-122.0297222
1999-12,light,40.717854,-73.774262
1999-12,light,45.5236111,-122.6750000
1999-12,light,39.9611111,-82.9988889
1999-12,light,39.360266,-104.596915
1999-12,light,33.9525000,-84.5500000
1999-12,light,37.150102,-92.105755
1999-12,light,42.2711111,-89.0938889
1999-12,light,40.7141667,-74.0063889
1999-12,light,38.4486111,-105.8347222
1999-12,light,35.4816667,-86.0886111
1999-12,light,42.6191667,-113.6763889
1999-12,rectangle,33.178172,-86.607205
1999-12,changing,37.594932,-120.95771
1999-12,changing,39.011902,-98.484246
1999-12,fireball,3.420556,-76.522222
1999-12,fireball,33.0163889,-86.3122222
1999-12,fireball,41.5102778,-112.0147222
1999-12,fireball,38.0666667,-103.2222222
1999-12,fireball,29.7855556,-95.8241667
1999-12,circle,35.6869444,-105.9372222
1999-12,circle,42.3200000,-89.0580556
1999-12,egg,45.685376,-121.516883
1999-12,chevron,39.7391667,-104.9841667
1999-12,chevron,41.7002778,-73.9213889
1999-12,disk,52.266667,-113.8
1999-12,disk,5.976474,116.115777
1999-12,disk,39.5297222,-119.8127778
1999-12,disk,41.7886111,-89.6961111
1999-12,disk,-36.84846,174.763332
1999-12,diamond,30.4386111,-90.4413889
1999-12,teardrop,40.5575000,-74.2850000
2000-01,oval,41.3438889,-75.7388889
2000-01,oval,35.8680556,-83.5619444
2000-01,oval,32.7152778,-117.1563889
2000-01,oval,38.80261,-116.419389
2000-01,,39.019184,25.268555
2000-01,,33.064253,-96.752382
2000-01,,34.0522222,-118.2427778
2000-01,,34.2438889,-116.9105556
2000-01,,37.1027778,-85.3063889
2000-01,,41.3325000,-73.2077778
2000-01,,46.341547,2.601991
2000-01,cylinder,45.4872222,-122.8025000
2000-01,triangle,38.647351,-121.351147
2000-01,triangle,47.9130556,-122.0969444
2000-01,triangle,32.6975000,-113.9527778
2000-01,triangle,10.157931,-67.99721
2000-01,triangle,29.7630556,-95.3630556
2000-01,triangle,32.2836111,-83.4722222
2000-01,triangle,37.7750000,-122.4183333
2000-01,triangle,41.8505556,-87.8819444
2000-01,light,28.4055556,-80.6050000
2000-01,light,39.5138889,-121.5552778
2000-01,light,38.4344444,-82.1325000
2000-01,light,34.0900000,-117.8894444
2000-01,light,36.8252778,-119.7019444
2000-01,diamond,29.7630556,-95.3630556
2000-01,formation,42.3266667,-122.8744444
2000-01,circle,-33.093373,151.588982
2000-01,circle,39.2086111,-81.1575000
2000-01,rectangle,34.1486111,-118.3955556
2000-01,rectangle,46.867,-71.267
2000-01,rectangle,38.222435,-118.181085
2000-01,rectangle,38.7891667,-90.3225000
2000-01,changing,32.7152778,-117.1563889
2000-01,changing,53.716667,-.333333
2000-01,sphere,29.7630556,-95.3630556
2000-01,sphere,46.8772222,-96.7894444
2000-01,sphere,33.5225000,-117.7066667
2000-01,sphere,40.7141667,-74.0063889
2000-01,egg,29.9580556,-92.0358333
2000-01,disk,38.2325000,-122.6355556
2000-01,disk,48.4213889,-122.3327778
2000-01,disk,41.0041667,-92.3736111
2000-01,disk,37.6486111,-118.9711111
2000-01,disk,29.7630556,-95.3630556
2000-01,fireball,45.4177778,-122.4577778
2000-01,fireball,48.4111111,-114.3366667
2000-01,fireball,39.0638889,-108.5500000
2000-01,fireball,31.8272222,-99.4261111
2000-01,fireball,47.4538889,-122.3205556
2000-01,fireball,39.7391667,-104.9841667
2000-01,fireball,34.1616667,-118.0519444
2000-01,cigar,35.9605556,-83.9208333
2000-02,oval,28.5380556,-81.3794444
2000-02,oval,34.90999,-109.806792
2000-02,,47.6063889,-122.3308333
2000-02,,39.7391667,-104.9841667
2000-02,,35.1980556,-111.6505556
2000-02,,39.9611111,-82.9988889
2000-02,,44.8530556,-88.7880556
2000-02,,51.633333,-3.966667
2000-02,,36.1750000,-115.1363889
2000-02,,38.9516667,-92.3338889
2000-02,,32.2216667,-110.9258333
2000-02,,-31.95224,115.861397
2000-02,,34.6100000,-112.3150000
2000-02,cylinder,34.6100000,-112.3150000
2000-02,triangle,40.789142,-73.13496
2000-02,triangle,44.1333333,-73.0794444
2000-02,triangle,42.2711111,-89.0938889
2000-02,triangle,39.4452778,-83.8286111
2000-02,triangle,29.7630556,-95.3630556
2000-02,light,42.581372,20.889336
2000-02,light,46.24,-63.21
2000-02,light,37.315326,-93.5852
2000-02,light,35.149534,-90.04898
2000-02,light,51.256817,-1.129562
2000-02,light,52.3,-121.116667
2000-02,light,42.2711111,-89.0938889
2000-02,light,40.812588,-76.141603
2000-02,light,38.1375000,-102.8500000
2000-02,formation,41.4036111,-95.0136111
2000-02,circle,42.5311111,-88.5994444
2000-02,circle,34.0708333,-112.1500000
2000-02,circle,44.9430556,-123.0338889
2000-02,circle,35.9938889,-78.8988889
2000-02,rectangle,45.1825000,-122.8066667
2000-02,sphere,42.2711111,-89.0938889
2000-02,sphere,33.4463889,-92.1738889
2000-02,fireball,28.019735,-81.610977
2000-02,fireball,34.6100000,-112.3150000
2000-02,fireball,32.8369444,-97.0816667
2000-02,teardrop,53.75,-2.016667
2000-02,cigar,35.6225000,-117.6700000
2000-02,chevron,29.7630556,-95.3630556
2000-02,chevron,36.8527778,-75.9783333
2000-02,chevron,47.6063889,-122.3308333
2000-02,chevron,39.7841667,-74.9925000
2000-03,oval,35.0844444,-106.6505556
2000-03,oval,42.0597222,-93.8800000
2000-03,oval,46.5436111,-87.3952778
2000-03,oval,42.9872222,-85.0711111
2000-03,,45.6388889,-122.6602778
2000-03,,50.9097,-1.404351
2000-03,,26.2708333,-80.2708333
2000-03,,34.048928,-111.093731
2000-03,,32.2216667,-110.9258333
2000-03,cylinder,39.7683333,-86.1580556
2000-03,triangle,36.2177778,-84.1547222
2000-03,triangle,42.495556,-82.900278
2000-03,triangle,31.9844444,-86.5786111
2000-03,triangle,40.4405556,-79.9961111
2000-03,triangle,35.4013889,-93.1141667
2000-03,light,42.2711111,-89.0938889
2000-03,light,38.907231,-77.036464
2000-03,light,30.5041667,-90.4611111
2000-03,light,43.477449,-80.764588
2000-03,light,34.7463889,-92.2894444
2000-03,light,39.9355556,-91.4097222
2000-03,light,41.2230556,-111.9730556
2000-03,light,33.7488889,-84.3880556
2000-03,light,41.00527,28.97696
2000-03,light,41.9650000,-80.4075000
2000-03,light,36.0155556,-82.1588889
2000-03,light,37.3394444,-121.8938889
2000-03,light,43.0480556,-76.1477778
2000-03,diamond,47.6063889,-122.3308333
2000-03,diamond,35.1494444,-90.0488889
2000-03,diamond,40.0150000,-105.2700000
2000-03,formation,33.2097222,-87.5691667
2000-03,formation,36.7477778,-119.7713889
2000-03,formation,37.0511111,-122.0136111
2000-03,formation,38.55325,-121.473388
2000-03,circle,39.0997222,-94.5783333
2000-03,circle,28.2486111,-81.2813889
2000-03,circle,25.7738889,-80.1938889
2000-03,rectangle,38.6105556,-122.8680556
2000-03,rectangle,40.6255556,-103.2072222
2000-03,changing,40.6408333,-122.2313889
2000-03,changing,42.3750000,-70.9833333
2000-03,changing,38.6555556,-83.7611111
2000-03,changing,18.456131,-67.02263
2000-03,sphere,45.416667,-63.383333
2000-03,sphere,34.1591667,-118.5002778
2000-03,sphere,29.7630556,-95.3630556
2000-03,sphere,47.8569444,-121.6958333
2000-03,cross,41.258551,-75.936405
2000-03,disk,38.5733333,-109.5491667
2000-03,disk,40.7091667,-112.1008333
2000-03,disk,33.915554,-84.516388
2000-03,fireball,36.059137,-115.453339
2000-03,fireball,41.6005556,-93.6088889
2000-03,fireball,35.0886111,-92.4419444
2000-03,fireball,37.6459000,-93.0942000
2000-03,fireball,39.11376,-76.726777
2000-03,fireball,37.5419444,-77.9191667
2000-03,cigar,39.0702778,-76.5455556
2000-03,cigar,36.9741667,-122.0297222
2000-04,oval,35.2827778,-120.6586111
2000-04,,41.8500000,-87.6500000
2000-04,,31.5747222,-111.3316667
2000-04,,28.5380556,-81.3794444
2000-04,,40.1447222,-84.2425000
2000-04,,41.2391667,-81.3461111
2000-04,,34.270892,-113.569874
2000-04,,32.6518,-96.908337
2000-04,,27.9655556,-82.8002778
2000-04,cylinder,49.883333,-97.166667
2000-04,triangle,40.4405556,-79.9961111
2000-04,triangle,42.009498,-88.537196
2000-04,triangle,33.5177778,-84.6697222
2000-04,triangle,40.0638889,-80.7211111
2000-04,light,1.352083,103.819836
2000-04,light,33.9325000,-114.0050000
2000-04,light,-37.813938,144.963425
2000-04,light,47.8627778,-121.8152778
2000-04,light,38.0050000,-121.8047222
2000-04,light,35.1322222,-118.4480556
2000-04,light,34.0211111,-118.3955556
2000-04,diamond,33.9908333,-118.4591667
2000-04,formation,32.9594444,-117.2644444
2000-04,formation,49.783333,-86.55
2000-04,circle,41.2230556,-111.9730556
2000-04,circle,39.0397222,-77.0555556
2000-04,circle,26.7052778,-80.0366667
2000-04,circle,1.352083,103.819836
2000-04,circle,41.1200000,-87.8611111
2000-04,sphere,30.036754,-84.336621
2000-04,sphere,37.9747222,-87.5558333
2000-04,egg,47.6063889,-122.3308333
2000-04,disk,42.4605556,-83.6516667
2000-04,disk,38.3363889,-75.0852778
2000-04,disk,44.5647222,-123.2608333
2000-04,disk,47.3294444,-122.5788889
2000-04,disk,37.6938889,-85.8591667
2000-04,disk,30.023935,-93.852156
2000-04,disk,38.7933333,-77.2719444
2000-04,disk,17.43993,78.498274
2000-04,disk,-26.179722,27.704167
2000-04,fireball,34.4208333,-119.6972222
2000-04,fireball,52.086922,-2.515546
2000-04,fireball,38.0050000,-121.8047222
2000-04,fireball,44.5647222,-123.2608333
2000-04,teardrop,51.25,-1.916667
2000-04,cigar,47.3225000,-122.3113889
2000-04,cigar,34.5036111,-93.0550000
2000-05,oval,41.2400000,-81.4408333
2000-05,,37.0297222,-76.3455556
2000-05,,47.5233333,-92.5363889
2000-05,,42.9761111,-88.4497222
2000-05,,43.1836111,-89.2136111
2000-05,,39.7788889,-75.5986111
2000-05,triangle,35.2269444,-80.8433333
2000-05,triangle,35.1594444,-84.8766667
2000-05,triangle,50.666667,-120.333333
2000-05,triangle,29.7630556,-95.3630556
2000-05,light,29.7630556,-95.3630556
2000-05,light,32.9952778,-94.9655556
2000-05,light,33.7488889,-84.3880556
2000-05,light,33.4483333,-112.0733333
2000-05,light,40.781246,-73.927731
2000-05,light,30.2419444,-93.2505556
2000-05,diamond,41.1611111,-79.0833333
2000-05,diamond,42.95,-81.616667
2000-05,circle,39.1619444,-84.4569444
2000-05,circle,40.9402778,-74.1322222
2000-05,circle,40.9113889,-73.7827778
2000-05,circle,28.2486111,-81.2813889
2000-05,changing,46.505943,17.570671
2000-05,changing,33.9375000,-117.2297222
2000-05,flash,35.6266667,-120.6900000
2000-05,sphere,41.8500000,-87.6500000
2000-05,sphere,39.0997222,-94.5783333
2000-05,sphere,45.8016667,-68.4122222
2000-05,sphere,39.295418,-86.05296
2000-05,egg,38.8108333,-94.9269444
2000-05,egg,35.0588889,-119.4000000
2000-05,egg,30.3027778,-90.9719444
2000-05,disk,40.3266667,-78.9222222
2000-05,disk,31.968599,-99.901813
2000-05,disk,42.5158333,-73.6105556
2000-05,fireball,27.7705556,-82.6794444
2000-05,fireball,52.266667,8.05
2000-05,cigar,21.161908,-86.851528
2000-05,chevron,38.9030556,-90.0700000
2000-05,cone,47.8208333,-121.5538889
2000-06,oval,33.873415,-115.900992
2000-06,oval,47.3075000,-122.2272222
2000-06,oval,40.7483333,-75.6122222
2000-06,oval,42.8666667,-106.3125000
2000-06,,47.6063889,-122.3308333
2000-06,,41.7797222,-71.4377778
2000-06,,51.833333,-113.233333
2000-06,,44.8897222,-73.4363889
2000-06,,37.7075000,-81.2508333
2000-06,,34.9802778,-101.9183333
2000-06,,51.083333,-114.083333
2000-06,,39.7588889,-84.1916667
2000-06,,39.7683333,-86.1580556
2000-06,,47.2530556,-122.4430556
2000-06,,52.630886,1.297355
2000-06,,31.450463,-83.508497
2000-06,,38.8338889,-104.8208333
2000-06,cylinder,40.3752778,-80.7038889
2000-06,cylinder,30.2669444,-97.7427778
2000-06,triangle,46.436787,-115.884614
2000-06,triangle,44.0522222,-123.0855556
2000-06,triangle,42.8863889,-78.8786111
2000-06,triangle,38.5766667,-92.1733333
2000-06,triangle,36.3361111,-102.0716667
2000-06,triangle,9.295,-75.396111
2000-06,triangle,40.7141667,-74.0063889
2000-06,triangle,26.3583333,-80.0833333
2000-06,triangle,39.2833333,-84.3169444
2000-06,triangle,49.25,-123.133333
2000-06,light,43.1905556,-112.3441667
2000-06,light,33.3763889,-117.2502778
2000-06,light,-19.055201,29.603549
2000-06,light,33.58011,-85.076611
2000-06,light,30.3319444,-81.6558333
2000-06,light,37.0802778,-77.9975000
2000-06,light,42.586888,-82.919551
2000-06,light,39.5350000,-119.7516667
2000-06,light,39.2619444,-84.8200000
2000-06,light,40.7608333,-111.8902778
2000-06,light,33.5091667,-111.8983333
2000-06,light,35.0844444,-106.6505556
2000-06,light,45.8527778,-87.0216667
2000-06,light,45.6797222,-111.0377778
2000-06,light,37.6866667,-96.9763889
2000-06,light,33.7877778,-117.8522222
2000-06,light,33.4150000,-111.5488889
2000-06,diamond,47.9033333,-91.8669444
2000-06,formation,40.8000000,-96.6666667
2000-06,circle,41.8005556,-80.3691667
2000-06,circle,28.2438889,-82.7194444
2000-06,circle,36.8525000,-121.4005556
2000-06,circle,40.7091667,-112.1008333
2000-06,circle,35.3069444,-106.4241667
2000-06,circle,38.73122,35.478729
2000-06,circle,39.1961111,-121.1900000
2000-06,rectangle,28.5380556,-81.3794444
2000-06,sphere,21.161908,-86.851528
2000-06,sphere,42.2791667,-71.4166667
2000-06,sphere,40.712784,-74.005941
2000-06,sphere,44.9800000,-93.2636111
2000-06,sphere,19.432608,-99.133208
2000-06,sphere,53.816667,-1.283333
2000-06,sphere,37.6391667,-120.9958333
2000-06,egg,44.3577778,-104.8100000
2000-06,disk,42.4083333,-71.0125000
2000-06,disk,35.247165,-106.570183
2000-06,fireball,45.7186111,-123.9338889
2000-06,fireball,37.7750000,-122.4183333
2000-06,cigar,45.2216667,-122.5808333
2000-06,chevron,40.7141667,-74.0063889
2000-06,cone,38.8402778,-97.6111111
2000-07,oval,41.2230556,-111.9730556
2000-07,oval,40.6677778,-75.6075000
2000-07,oval,38.9447222,-82.1113889
2000-07,oval,26.1033333,-97.1644444
2000-07,,41.4994444,-81.6955556
2000-07,,45.416667,-75.7
2000-07,,43.0638889,-77.2336111
2000-07,,40.5308333,-112.2975000
2000-07,,44.9430556,-123.0338889
2000-07,,47.2530556,-122.4430556
2000-07,,37.6166667,-84.4094444
2000-07,,41.1280556,-101.7191667
2000-07,,39.8366667,-105.0366667
2000-07,,47.9791667,-122.2008333
2000-07,,30.7716667,-96.0747222
2000-07,,51.790278,-96.715278
2000-07,,37.1650000,-118.2886111
2000-07,,29.7630556,-95.3630556
2000-07,,40.7141667,-74.0063889
2000-07,,35.1980556,-111.6505556
2000-07,,47.3811111,-122.2336111
2000-07,cylinder,39.8680556,-104.9713889
2000-07,triangle,34.9022222,-110.1575000
2000-07,triangle,29.4569444,-94.6394444
2000-07,triangle,34.0522222,-118.2427778
2000-07,triangle,35.2250000,-92.6919444
2000-07,triangle,-29.046681,21.856859
2000-07,light,33.3527778,-111.7883333
2000-07,light,47.2530556,-122.4430556
2000-07,light,48.7597222,-122.4869444
2000-07,light,38.8338889,-104.8208333
2000-07,light,43.6155556,-84.2472222
2000-07,light,35.214802,-89.876992
2000-07,light,45.6388889,-122.6602778
2000-07,light,-28.778971,114.614594
2000-07,light,42.1591667,-79.5955556
2000-07,light,35.06537,-92.495321
2000-07,light,33.3527778,-111.7883333
2000-07,light,41.5977778,-93.7080556
2000-07,light,39.9611111,-82.9988889
2000-07,light,47.0380556,-122.8994444
2000-07,light,45.5236111,-122.6750000
2000-07,light,33.9325000,-114.0050000
2000-07,light,36.1750000,-115.1363889
2000-07,light,33.3527778,-111.7883333
2000-07,light,38.4405556,-122.7133333
2000-07,light,35.6225000,-117.6700000
2000-07,light,41.2150000,-86.7758333
2000-07,light,32.7152778,-117.1563889
2000-07,light,45.4944444,-122.8658333
2000-07,light,40.1213889,-75.3402778
2000-07,diamond,33.3527778,-111.7883333
2000-07,diamond,33.3527778,-111.7883333
2000-07,formation,48.633082,-122.928982
2000-07,formation,33.4483333,-112.0733333
2000-07,circle,33.3527778,-111.7883333
2000-07,circle,31.5491667,-97.1463889
2000-07,circle,32.7938889,-79.8627778
2000-07,circle,34.7302778,-86.5861111
2000-07,circle,33.3527778,-111.7883333
2000-07,circle,33.3527778,-111.7883333
2000-07,circle,43.6136111,-116.2025000
2000-07,changing,47.5302778,-122.0313889
2000-07,flash,52.2,-105.116667
2000-07,sphere,36.1658333,-86.7844444
2000-07,sphere,40.6883333,-75.2211111
2000-07,sphere,34.0522222,-118.2427778
2000-07,sphere,32.3511111,-95.3008333
2000-07,sphere,41.8875000,-88.3052778
2000-07,disk,37.9577778,-121.2897222
2000-07,disk,44.4583333,-87.5030556
2000-07,disk,45.230637,-77.938373
2000-07,disk,42.7283333,-73.6922222
2000-07,disk,44.233333,-76.483333
2000-07,fireball,29.7955556,-90.8227778
2000-07,fireball,37.3041667,-77.2875000
2000-07,fireball,47.204576,-119.996166
2000-07,fireball,43.8844444,-91.2350000
2000-07,fireball,42.1816667,-87.8002778
2000-07,fireball,50.503887,4.469936
2000-07,fireball,32.7152778,-117.1563889
2000-07,cigar,42.3200000,-89.0580556
2000-07,cigar,41.7711111,-81.0500000
2000-07,cigar,34.0625000,-118.1219444
2000-07,cone,38.6786111,-121.7722222
2000-08,,34.46735,-114.37574
2000-08,,32.858805,-95.95154
2000-08,,46.216667,-63.483333
2000-08,,47.0380556,-122.8994444
2000-08,,42.5063889,-71.0733333
2000-08,,38.7525000,-122.6138889
2000-08,,47.2236111,-120.9919444
2000-08,,33.3061111,-111.8405556
2000-08,,55.833333,-3.083333
2000-08,,42.3763889,-71.2361111
2000-08,,47.9177778,-108.5255556
2000-08,,3.139003,101.686855
2000-08,,45.5236111,-122.6750000
2000-08,,33.3061111,-111.8405556
2000-08,,-33.42979,151.371445
2000-08,,34.2572222,-118.6002778
2000-08,,36.6913889,-79.8727778
2000-08,cylinder,41.4713889,-75.6080556
2000-08,cylinder,36.2000000,-86.5186111
2000-08,triangle,34.9158333,-85.1091667
2000-08,triangle,50.9,-1.4
2000-08,triangle,53.466667,-3.016667
2000-08,triangle,53.701774,-114.191667
2000-08,light,47.6063889,-122.3308333
2000-08,light,47.9791667,-122.2008333
2000-08,light,33.3527778,-111.7883333
2000-08,light,33.4669444,-117.6972222
2000-08,light,33.3527778,-111.7883333
2000-08,light,33.291389,-111.796443
2000-08,light,35.6869444,-105.9372222
2000-08,light,42.8863889,-78.8786111
2000-08,light,45.5236111,-122.6750000
2000-08,light,34.0211111,-118.3955556
2000-08,light,54.978252,-1.61778
2000-08,light,33.3061111,-111.8405556
2000-08,light,44.4111111,-72.1397222
2000-08,light,55.256549,-1.599918
2000-08,light,33.3061111,-111.8405556
2000-08,light,30.3319444,-81.6558333
2000-08,light,35.2783333,-93.1336111
2000-08,light,33.3527778,-111.7883333
2000-08,diamond,41.7355556,-122.6333333
2000-08,formation,41.3955556,-85.4244444
2000-08,formation,43.9727778,-74.4213889
2000-08,circle,51.3,-.733333
2000-08,circle,44.1002778,-70.2152778
2000-08,circle,33.4222222,-111.8219444
2000-08,circle,32.7152778,-117.1563889
2000-08,circle,35.0844444,-106.6505556
2000-08,circle,33.3061111,-111.8405556
2000-08,circle,33.3061111,-111.8405556
2000-08,circle,38.7933333,-77.2719444
2000-08,rectangle,42.1291667,-80.0852778
2000-08,changing,40.7141667,-74.0063889
2000-08,changing,45.1608333,-93.2347222
2000-08,flash,52.133333,-106.666667
2000-08,flash,32.0477778,-110.7113889
2000-08,sphere,40.9252778,-74.2769444
2000-08,sphere,40.177431,-74.629447
2000-08,sphere,44.9008333,-93.5888889
2000-08,sphere,30.260227,-81.392207
2000-08,sphere,59.329323,18.068581
2000-08,egg,42.765189,-76.872096
2000-08,disk,-31.95224,115.861397
2000-08,disk,47.6816667,-122.2075000
2000-08,fireball,40.6000000,-112.4636111
2000-08,fireball,46.790144,-2.081802
2000-08,fireball,42.5630556,-114.4600000
2000-08,fireball,32.7458333,-96.9975000
2000-08,teardrop,41.1366667,-95.8905556
2000-09,oval,32.2413889,-96.4072222
2000-09,oval,32.7152778,-117.1563889
2000-09,,34.5636111,-111.8536111
2000-09,,36.9958333,-85.9119444
2000-09,,41.2844444,-84.3558333
2000-09,,44.0522222,-123.0855556
2000-09,,38.8338889,-104.8208333
2000-09,,33.4150000,-111.5488889
2000-09,,43.8494444,-73.0225000
2000-09,,64.282327,-135
2000-09,,40.623333,-74.601111
2000-09,,35.1980556,-111.6505556
2000-09,,60.266667,-134.283333
2000-09,cylinder,29.7630556,-95.3630556
2000-09,cylinder,29.7630556,-95.3630556
2000-09,cylinder,37.8044444,-122.2697222
2000-09,cylinder,34.1141667,-116.4313889
2000-09,triangle,44.0005556,-96.3172222
2000-09,triangle,36.9208333,-89.3505556
2000-09,triangle,34.0522222,-118.2427778
2000-09,triangle,46.8069444,-92.2380556
2000-09,triangle,38.2544444,-104.6086111
2000-09,triangle,43.0480556,-76.1477778
2000-09,triangle,39.7458333,-75.5469444
2000-09,triangle,47.1633333,-122.0255556
2000-09,triangle,44.4469444,-95.7880556
2000-09,triangle,33.4483333,-112.0733333
2000-09,light,35.9925000,-94.5677778
2000-09,light,43.133333,-80.75
2000-09,light,42.0750000,-70.8805556
2000-09,light,33.331749,-105.673041
2000-09,light,45.6388889,-122.6602778
2000-09,light,54.654197,-8.110546
2000-09,light,34.182578,-118.439676
2000-09,light,35.1494444,-90.0488889
2000-09,light,36.9613889,-120.0597222
2000-09,light,34.25046,-118.433834
2000-09,diamond,34.0194444,-118.4902778
2000-09,formation,40.6936111,-89.5888889
2000-09,circle,35.2338889,-92.3875000
2000-09,circle,38.6858333,-121.0811111
2000-09,circle,40.8663889,-73.0361111
2000-09,circle,52.983333,-122.483333
2000-09,circle,38.907231,-77.036464
2000-09,circle,39.0991667,-76.8486111
2000-09,rectangle,40.7141667,-74.0063889
2000-09,changing,33.917315,-102.324902
2000-09,changing,32.256357,-107.780831
2000-09,changing,28.509136,34.513634
2000-09,flash,40.5866667,-122.3905556
2000-09,flash,28.3322222,-98.1172222
2000-09,flash,40.6175000,-91.2877778
2000-09,flash,33.3061111,-111.8405556
2000-09,sphere,34.0202778,-117.8644444
2000-09,sphere,41.6638889,-83.5552778
2000-09,sphere,37.7527778,-100.0166667
2000-09,sphere,39.7683333,-86.1580556
2000-09,sphere,38.2544444,-104.6086111
2000-09,sphere,36.1750000,-115.1363889
2000-09,egg,27.4986111,-82.5750000
2000-09,egg,38.6688889,-120.9861111
2000-09,disk,40.0977778,-74.2180556
2000-09,disk,34.2575000,-88.7033333
2000-09,disk,32.8994444,-105.9597222
2000-09,disk,54.2,-5.883333
2000-09,fireball,33.5091667,-111.8983333
2000-09,fireball,6.812778,116.6675
2000-09,fireball,45.5872222,-122.3983333
2000-09,fireball,34.8697222,-111.7602778
2000-09,fireball,44.166667,-77.383333
2000-09,cigar,45.583333,-72
2000-09,cigar,5.976474,116.115777
2000-09,cigar,44.6669444,-93.6266667
2000-09,cigar,52.65,-106.333333
2000-09,chevron,37.7750000,-122.4183333
2000-10,oval,47.6063889,-122.3308333
2000-10,oval,38.627003,-90.199404
2000-10,oval,36.0725000,-79.7922222
2000-10,oval,42.53003,-82.950156
2000-10,,26.5250000,-80.0666667
2000-10,,41.1016667,-80.7647222
2000-10,,38.70217,-90.168279
2000-10,,30.1763889,-85.8055556
2000-10,,36.1750000,-115.1363889
2000-10,,47.6063889,-122.3308333
2000-10,,54.911944,-1.383333
2000-10,,35.9522222,-86.6694444
2000-10,,46.0086111,-122.8433333
2000-10,,37.3394444,-121.8938889
2000-10,,30.1658333,-81.7066667
2000-10,,37.5202778,-122.2747222
2000-10,,30.2105556,-97.6544444
2000-10,,45.35,-72.516667
2000-10,,32.7555556,-98.9019444
2000-10,,39.6447222,-94.7397222
2000-10,cylinder,47.710982,-118.940846
2000-10,cylinder,46.216667,-63.483333
2000-10,triangle,38.5766667,-92.1733333
2000-10,triangle,40.6833333,-96.2694444
2000-10,triangle,37.4947222,-120.8455556
2000-10,triangle,32.9477778,-112.7161111
2000-10,triangle,47.6063889,-122.3308333
2000-10,triangle,38.8338889,-104.8208333
2000-10,triangle,39.615501,-74.199545
2000-10,triangle,35.1427778,-120.6402778
2000-10,light,43.866667,-79.033333
2000-10,light,38.7138889,-121.4616667
2000-10,light,33.3527778,-111.7883333
2000-10,light,33.348216,-111.789581
2000-10,light,40.7280556,-74.0780556
2000-10,light,26.6155556,-80.0572222
2000-10,light,40.0455556,-86.0086111
2000-10,light,41.663938,-83.555212
2000-10,light,41.1444444,-81.4400000
2000-10,light,34.163156,-84.498691
2000-10,light,33.4483333,-112.0733333
2000-10,light,29.4238889,-98.4933333
2000-10,light,33.3794444,-108.9027778
2000-10,light,42.5847222,-87.8211111
2000-10,light,37.5422222,-122.5150000
2000-10,diamond,39.0991667,-76.5361111
2000-10,diamond,47.5405556,-122.6350000
2000-10,diamond,51.514125,-.093689
2000-10,diamond,42.9047222,-76.3944444
2000-10,diamond,33.7669444,-118.1883333
2000-10,diamond,34.048928,-111.093731
2000-10,diamond,42.6827778,-89.0186111
2000-10,diamond,41.1383333,-81.8638889
2000-10,diamond,32.2216667,-110.9258333
2000-10,formation,41.7000000,-71.4166667
2000-10,formation,-29.906301,-71.250204
2000-10,circle,33.5386111,-112.1852778
2000-10,circle,33.24056,-109.283153
2000-10,circle,35.9488889,-85.0269444
2000-10,circle,34.2541667,-110.0291667
2000-10,circle,47.6063889,-122.3308333
2000-10,circle,42.4394444,-83.7438889
2000-10,flash,48.7597222,-122.4869444
2000-10,sphere,39.0991667,-76.8486111
2000-10,sphere,47.6063889,-122.3308333
2000-10,sphere,37.9577778,-121.2897222
2000-10,egg,41.0036111,-80.3472222
2000-10,egg,53.516667,-113.316667
2000-10,disk,35.7452778,-81.6850000
2000-10,disk,44.7250000,-84.0511111
2000-10,disk,38.9863889,-81.9736111
2000-10,disk,34.4077778,-111.4927778
2000-10,fireball,36.1538889,-95.9925000
2000-10,fireball,7.189464,79.858734
2000-10,fireball,46.9755556,-123.8144444
2000-10,fireball,47.2502778,-122.2925000
2000-10,fireball,35.4119444,-99.4038889
2000-10,cigar,39.9991667,-78.2388889
2000-11,oval,-40.900557,174.885971
2000-11,oval,51.616667,.416667
2000-11,oval,40.5983333,-124.1561111
2000-11,oval,40.0213889,-122.0991667
2000-11,,42.7694444,-71.0763889
2000-11,,31.9491667,-98.7369444
2000-11,,42.5777778,-121.8650000
2000-11,,46.9966667,-120.5466667
2000-11,,46.0927778,-88.6422222
2000-11,,-33.861481,151.205475
2000-11,,32.1530556,-94.7991667
2000-11,,38.0494444,-122.1575000
2000-11,triangle,33.4483333,-112.0733333
2000-11,triangle,35.6144444,-88.8138889
2000-11,triangle,38.7522222,-121.2869444
2000-11,triangle,33.6411111,-117.9177778
2000-11,triangle,43.0480556,-76.1477778
2000-11,triangle,-37.813938,144.963425
2000-11,triangle,32.9341667,-97.0777778
2000-11,triangle,33.4669444,-117.6972222
2000-11,triangle,29.7630556,-95.3630556
2000-11,triangle,-38.416097,-63.616672
2000-11,triangle,33.5091667,-111.8983333
2000-11,light,38.7613889,-120.5855556
2000-11,light,34.2163889,-119.0366667
2000-11,light,43.0905556,-73.4991667
2000-11,light,33.5386111,-112.1852778
2000-11,light,47.6777778,-116.7794444
2000-11,light,33.9022222,-118.0808333
2000-11,light,37.9063889,-122.0638889
2000-11,light,47.6063889,-122.3308333
2000-11,diamond,42.7369444,-84.4838889
2000-11,diamond,51.733333,.483333
2000-11,diamond,32.4561111,-93.2638889
2000-11,formation,33.7488889,-84.3880556
2000-11,formation,37.0561111,-85.0886111
2000-11,formation,38.9536111,-94.7333333
2000-11,circle,33.5805556,-112.2366667
2000-11,circle,36.5877778,-84.1269444
2000-11,circle,44.3936111,-122.9836111
2000-11,circle,44.4130556,-69.7294444
2000-11,rectangle,33.9561111,-83.9880556
2000-11,rectangle,35.6266667,-120.6900000
2000-11,changing,41.6555556,-74.6897222
2000-11,sphere,44.820556,20.462222
2000-11,sphere,36.0525000,-95.7905556
2000-11,egg,39.7686111,-94.8463889
2000-11,disk,38.907231,-77.036464
2000-11,disk,33.6305556,-112.3325000
2000-11,disk,54.574227,-1.234956
2000-11,disk,42.3811111,-71.6375000
2000-11,disk,40.8066667,-74.1858333
2000-11,teardrop,26.1272222,-80.2333333
2000-11,teardrop,40.4277778,-74.4163889
2000-11,chevron,46.9966667,-120.5466667
2000-12,oval,35.1427778,-120.6402778
2000-12,oval,37.6658333,-77.5066667
2000-12,oval,33.533333,-7.583333
2000-12,,35.2269444,-80.8433333
2000-12,,34.1741667,-97.1433333
2000-12,,41.1305556,-85.1288889
2000-12,,40.1294444,-86.6066667
2000-12,,64.7511111,-147.3494444
2000-12,,28.7027778,-81.3386111
2000-12,,38.2544444,-104.6086111
2000-12,,47.5675000,-122.6313889
2000-12,,41.1175000,-73.4083333
2000-12,,47.6063889,-122.3308333
2000-12,,47.3144444,-116.5616667
2000-12,,53.333333,-1.983333
2000-12,cylinder,38.6272222,-90.1977778
2000-12,cylinder,38.584329,-108.073096
2000-12,triangle,28.5380556,-81.3794444
2000-12,triangle,38.5922222,-89.9111111
2000-12,triangle,36.9752778,-121.9522222
2000-12,triangle,40.866487,-73.035662
2000-12,triangle,41.6555556,-74.6897222
2000-12,triangle,28.7027778,-81.3386111
2000-12,triangle,39.79832,-105.777785
2000-12,triangle,33.4355556,-112.3488889
2000-12,triangle,36.1750000,-115.1363889
2000-12,triangle,37.4108333,-94.7047222
2000-12,light,47.0530556,-122.2930556
2000-12,light,38.4344444,-82.1325000
2000-12,light,35.6125000,-77.3666667
2000-12,light,41.4766667,-95.3377778
2000-12,light,38.6244444,-76.9394444
2000-12,light,21.9219444,-159.5094444
2000-12,light,33.4222222,-111.8219444
2000-12,light,33.3527778,-111.7883333
2000-12,light,43.0202778,-78.8805556
2000-12,light,42.4486111,-83.8016667
2000-12,light,33.7488889,-84.3880556
2000-12,light,34.2541667,-110.0291667
2000-12,light,33.011369,-115.473355
2000-12,light,46.2113889,-119.1361111
2000-12,diamond,29.9727778,-98.7205556
2000-12,diamond,38.9594444,-84.3880556
2000-12,diamond,42.2041667,-72.6166667
2000-12,formation,34.2694444,-118.7805556
2000-12,formation,47.4066667,-122.0375000
2000-12,circle,29.591768,52.583698
2000-12,circle,42.0583333,-71.2500000
2000-12,circle,44.233333,-76.483333
2000-12,rectangle,-31.95224,115.861397
2000-12,changing,39.5144444,-76.4113889
2000-12,changing,40.4958333,-74.4247222
2000-12,flash,21.9219444,-159.5094444
2000-12,flash,35.845621,-86.39027
2000-12,sphere,39.8494444,-75.3561111
2000-12,egg,46.35,-72.55
2000-12,cross,32.7425000,-117.0305556
2000-12,cross,35.2269444,-80.8433333
2000-12,disk,37.4419444,-122.1419444
2000-12,disk,41.8500000,-87.6500000
2000-12,disk,13.899561,100.582564
2000-12,disk,52.318362,1.273321
2000-12,disk,33.8313889,-118.2811111
2000-12,disk,43.4441667,-71.6477778
2000-12,fireball,32.8647222,-84.8541667
2000-12,fireball,37.2152778,-93.2980556
2000-12,fireball,42.587915,-72.59941
2000-12,fireball,45.5,-73.583333
2000-12,teardrop,40.6677778,-75.6075000
2000-12,cigar,32.2216667,-110.9258333
2000-12,cigar,47.9505556,-124.3841667
2000-12,chevron,33.3527778,-111.7883333
2001-01,oval,41.8500000,-87.6500000
2001-01,oval,33.6144444,-93.8133333
2001-01,oval,34.1066667,-117.8058333
2001-01,,21.5027778,-158.0236111
2001-01,,33.4222222,-111.8219444
2001-01,,47.7741667,-96.6077778
2001-01,,43.193852,-71.572395
2001-01,,55.833333,-4.25
2001-01,,36.1750000,-115.1363889
2001-01,,41.8500000,-87.6500000
2001-01,,49.3,10.583333
2001-01,cylinder,36.8527778,-75.9783333
2001-01,triangle,44.9902778,-123.0250000
2001-01,triangle,36.0241667,-93.3644444
2001-01,triangle,-33.924868,18.424055
2001-01,triangle,42.3472222,-89.0388889
2001-01,triangle,33.1958333,-117.3786111
2001-01,light,38.0194444,-122.1330556
2001-01,light,57.166667,-2.666667
2001-01,light,25.357522,55.391865
2001-01,light,47.44443,-122.300497
2001-01,light,44.0783333,-116.9327778
2001-01,light,44.6369444,-124.0522222
2001-01,light,33.9325000,-114.0050000
2001-01,light,38.5172222,-75.2352778
2001-01,light,41.7561111,-124.2005556
2001-01,light,33.1958333,-117.3786111
2001-01,light,42.2711111,-89.0938889
2001-01,light,30.4380556,-84.2808333
2001-01,light,44.0783333,-116.9327778
2001-01,light,42.3527778,-72.0458333
2001-01,light,26.9294444,-82.0455556
2001-01,light,-35.3333,-72.4167
2001-01,light,32.7152778,-117.1563889
2001-01,light,35.7719444,-78.6388889
2001-01,light,42.2711111,-89.0938889
2001-01,light,48.2766667,-116.5522222
2001-01,formation,48.273173,-123.398416
2001-01,formation,52.514382,4.964061
2001-01,formation,41.6611111,-91.5300000
2001-01,formation,42.2711111,-89.0938889
2001-01,circle,42.2711111,-89.0938889
2001-01,circle,41.7000000,-71.4166667
2001-01,circle,42.2711111,-89.0938889
2001-01,circle,41.6088889,-73.6822222
2001-01,circle,36.1750000,-115.1363889
2001-01,circle,53.916667,-3
2001-01,circle,40.3977778,-105.0744444
2001-01,circle,44.3125000,-89.9041667
2001-01,circle,38.8113889,-89.9530556
2001-01,rectangle,54.913811,9.792178
2001-01,changing,33.7488889,-84.3880556
2001-01,changing,44.2911111,-105.5016667
2001-01,flash,33.8358333,-118.3397222
2001-01,sphere,43.666667,-79.416667
2001-01,sphere,34.0522222,-118.2427778
2001-01,sphere,38.4177778,-82.5863889
2001-01,egg,36.0688889,-79.4008333
2001-01,disk,64.7511111,-147.3494444
2001-01,disk,47.5675000,-122.6313889
2001-01,fireball,45.5566667,-108.8408333
2001-01,fireball,34.7744444,-96.6780556
2001-01,fireball,34.478889,-105.881944
2001-01,fireball,53.366667,-1.5
2001-01,fireball,38.2544444,-104.6086111
2001-01,fireball,39.8680556,-104.9713889
2001-01,fireball,45.6388889,-122.6602778
2001-01,fireball,46.3,-79.45
2001-01,cigar,34.5033333,-82.6502778
2001-01,cigar,47.6588889,-117.4250000
2001-01,cigar,44.0952778,-69.3761111
2001-01,chevron,34.4208333,-119.6972222
2001-01,cone,41.2411111,-77.0013889
2001-02,oval,55.135307,-101.097164
2001-02,oval,45.5236111,-122.6750000
2001-02,oval,32.2216667,-110.9258333
2001-02,oval,37.1027778,-85.3063889
2001-02,oval,32.8405556,-83.6325000
2001-02,,45.0105556,-93.4552778
2001-02,,29.1869444,-82.1402778
2001-02,,44.5647222,-123.2608333
2001-02,,45.4077778,-122.5691667
2001-02,cylinder,51.083333,-114.083333
2001-02,triangle,37.0475000,-112.5255556
2001-02,triangle,36.6675000,-86.8519444
2001-02,triangle,51.318965,-113.610525
2001-02,triangle,34.4436111,-118.6086111
2001-02,triangle,45.443299,-93.589962
2001-02,triangle,37.9886111,-84.4777778
2001-02,triangle,40.000246,-79.997669
2001-02,light,43.0127778,-88.5880556
2001-02,light,33.5091667,-111.8983333
2001-02,light,35.1477778,-114.5675000
2001-02,light,39.9783333,-86.1180556
2001-02,light,39.7391667,-104.9841667
2001-02,light,47.0380556,-122.8994444
2001-02,light,32.178483,-97.258068
2001-02,light,52.966667,-1.166667
2001-02,light,42.0658333,-94.8666667
2001-02,diamond,42.4361111,-123.1708333
2001-02,diamond,40.789142,-73.13496
2001-02,diamond,33.4222222,-111.8219444
2001-02,formation,42.3222222,-83.1763889
2001-02,formation,38.3497222,-94.5888889
2001-02,circle,33.8900000,-84.1430556
2001-02,circle,44.0463889,-123.0208333
2001-02,flash,51.590278,-2.750278
2001-02,flash,37.6922222,-97.3372222
2001-02,flash,51.269738,-.402165
2001-02,sphere,36.0966667,-81.1825000
2001-02,sphere,41.6141667,-81.1491667
2001-02,sphere,36.8255556,-79.3983333
2001-02,sphere,47.8211111,-122.3138889
2001-02,egg,32.1783333,-97.2577778
2001-02,disk,43.7977778,-123.0583333
2001-02,disk,37.9513889,-86.7677778
2001-02,fireball,32.7152778,-117.1563889
2001-02,fireball,40.248966,-78.449737
2001-02,fireball,36.7280556,-108.2180556
2001-02,cigar,32.7480556,-98.0088889
2001-02,chevron,45.5236111,-122.6750000
2001-02,chevron,47.6063889,-122.3308333
2001-02,cone,35.3733333,-119.0177778
2001-02,cone,55.833333,-4.25
2001-03,oval,33.1858333,-80.5758333
2001-03,oval,40.096629,-111.570679
2001-03,oval,40.7141667,-74.0063889
2001-03,oval,-17.67268,-66.741396
2001-03,,42.8597222,-89.5380556
2001-03,,43.6808333,-114.3627778
2001-03,,34.4438889,-116.9669444
2001-03,,36.8325000,-78.7336111
2001-03,,43.2166667,-123.3405556
2001-03,,40.7608333,-111.8902778
2001-03,,47.2530556,-122.4430556
2001-03,,39.7994444,-88.4622222
2001-03,triangle,46.2752778,-122.9063889
2001-03,triangle,29.229602,-81.010845
2001-03,triangle,30.4505556,-91.1544444
2001-03,triangle,37.0561111,-85.0886111
2001-03,triangle,42.3313889,-83.0458333
2001-03,triangle,37.6938889,-85.8591667
2001-03,light,40.0322222,-75.5563889
2001-03,light,40.5813889,-79.5666667
2001-03,light,36.1750000,-115.1363889
2001-03,light,44.6513889,-73.7438889
2001-03,light,47.0380556,-122.8994444
2001-03,light,61.5997222,-149.1127778
2001-03,light,32.0833333,-81.1000000
2001-03,light,43.6275000,-89.7708333
2001-03,light,48.0841667,-121.9675000
2001-03,light,42.2711111,-89.0938889
2001-03,light,48.7258333,-119.0125000
2001-03,light,33.53195,-112.261664
2001-03,light,34.2477778,-88.9986111
2001-03,light,32.957313,-105.742485
2001-03,light,42.8597222,-89.5380556
2001-03,light,42.3625000,-71.3619444
2001-03,light,47.6063889,-122.3308333
2001-03,diamond,35.1508333,-92.7438889
2001-03,formation,36.1750000,-115.1363889
2001-03,formation,36.1750000,-115.1363889
2001-03,circle,41.6977778,-72.7241667
2001-03,circle,40.4405556,-79.9961111
2001-03,circle,40.7141667,-74.0063889
2001-03,changing,37.3394444,-121.8938889
2001-03,flash,43.2497222,-119.8747222
2001-03,flash,42.2250000,-121.7805556
2001-03,flash,44.300054,-73.048455
2001-03,flash,42.9613889,-88.0125000
2001-03,sphere,47.7544444,-122.1622222
2001-03,sphere,40.2344444,-77.1363889
2001-03,sphere,45.5236111,-122.6750000
2001-03,egg,40.2972222,-74.7300000
2001-03,cross,38.5766667,-92.1733333
2001-03,disk,40.0505556,-77.5205556
2001-03,disk,37.701695,-121.900367
2001-03,disk,-17.383333,-66.166667
2001-03,fireball,48.0841667,-121.9675000
2001-03,fireball,30.378179,76.776697
2001-03,fireball,38.6702778,-89.9844444
2001-03,fireball,45.489564,-73.820557
2001-03,fireball,42.3472222,-89.0388889
2001-03,fireball,30.2669444,-97.7427778
2001-03,cigar,31.968599,-99.901813
2001-03,cigar,37.7022222,-121.9347222
2001-03,cigar,31.9677778,-110.2938889
2001-03,cone,34.108345,-117.289765
2001-04,oval,14.444546,120.993874
2001-04,oval,40.7141667,-74.0063889
2001-04,oval,37.7666667,-120.8461111
2001-04,,36.2694444,-95.8544444
2001-04,,36.1750000,-115.1363889
2001-04,,33.260339,-111.936677
2001-04,,32.8383333,-116.9730556
2001-04,,43.2755556,-82.6211111
2001-04,,32.7252778,-97.3205556
2001-04,,36.0752778,-79.1000000
2001-04,cylinder,40.7927778,-117.1258333
2001-04,triangle,40.0572222,-85.5372222
2001-04,triangle,43.163288,-78.224829
2001-04,triangle,40.5580556,-90.0350000
2001-04,triangle,44.20561,-73.246234
2001-04,triangle,42.0083333,-91.6438889
2001-04,light,39.2902778,-76.6125000
2001-04,light,30.0380556,-82.9402778
2001-04,light,41.3113889,-105.5905556
2001-04,light,35.8483333,-116.2255556
2001-04,light,21.8763889,-159.4538889
2001-04,light,37.8016667,-80.4458333
2001-04,light,41.4619444,-81.0738889
2001-04,light,38.9177778,-83.9833333
2001-04,light,28.635308,77.22496
2001-04,diamond,39.9611111,-82.9988889
2001-04,diamond,42.0333333,-88.0833333
2001-04,formation,36.1750000,-115.1363889
2001-04,formation,51.514125,-.093689
2001-04,formation,42.7369444,-84.4838889
2001-04,circle,36.0600000,-86.6722222
2001-04,circle,39.7391667,-104.9841667
2001-04,circle,62.63227,17.940871
2001-04,circle,39.1958333,-95.2080556
2001-04,circle,39.1111111,-76.9327778
2001-04,rectangle,48.7597222,-122.4869444
2001-04,changing,46.7325000,-116.9991667
2001-04,flash,39.4194444,-76.7805556
2001-04,sphere,52.633333,1.3
2001-04,sphere,42.3427778,-87.9980556
2001-04,egg,42.983333,-81.25
2001-04,disk,32.165622,-82.900075
2001-04,disk,37.9747222,-87.5558333
2001-04,disk,42.9133333,-85.7052778
2001-04,fireball,38.4108333,-87.7613889
2001-04,chevron,34.0522222,-118.2427778
2001-04,cone,43.85,-79.016667
2001-05,oval,35.6527778,-97.4777778
2001-05,oval,37.9830556,-89.0161111
2001-05,oval,33.4147222,-111.9086111
2001-05,oval,40.7141667,-74.0063889
2001-05,,40.3100000,-75.1302778
2001-05,,43.3,21.9
2001-05,,27.7688889,-82.7691667
2001-05,,38.39682,-28.251659
2001-05,,41.6688889,-87.7386111
2001-05,,41.6105556,-86.7225000
2001-05,,44.0536111,-71.1288889
2001-05,,-27.47101,153.024292
2001-05,,41.8500000,-87.6500000
2001-05,,37.5536111,-77.4605556
2001-05,,19.075984,72.877656
2001-05,cylinder,38.7627778,-93.7358333
2001-05,triangle,39.6477778,-104.9872222
2001-05,triangle,41.2041667,-73.7275000
2001-05,triangle,38.2861111,-111.4766667
2001-05,triangle,-37.963402,147.082596
2001-05,triangle,38.3822222,-87.2127778
2001-05,triangle,42.4736111,-73.1666667
2001-05,triangle,35.9986111,-96.1138889
2001-05,triangle,41.6638889,-83.5552778
2001-05,triangle,45.7544444,-122.8763889
2001-05,triangle,38.6105556,-122.8680556
2001-05,triangle,33.2183333,-98.1583333
2001-05,light,29.7630556,-95.3630556
2001-05,light,38.2855556,-85.8241667
2001-05,light,47.497912,19.040235
2001-05,light,45.416667,-75.7
2001-05,light,34.0522222,-118.2427778
2001-05,light,44.244384,-69.771443
2001-05,light,39.4097222,-123.3544444
2001-05,light,34.70713,33.022617
2001-05,light,43.833333,-66.116667
2001-05,light,33.3061111,-111.8405556
2001-05,light,40.8686111,-73.0019444
2001-05,light,51.514125,-.093689
2001-05,diamond,42.4133333,-73.6736111
2001-05,diamond,44.0822222,-69.0577778
2001-05,diamond,32.7252778,-114.6236111
2001-05,diamond,38.2541667,-85.7594444
2001-05,circle,40.0758333,-102.2227778
2001-05,circle,40.4405556,-79.9961111
2001-05,circle,47.6063889,-122.3308333
2001-05,circle,32.2744444,-94.9783333
2001-05,circle,42.3805556,-76.8736111
2001-05,circle,39.9611111,-82.9988889
2001-05,rectangle,35.1391667,-97.3944444
2001-05,rectangle,26.0519444,-80.1441667
2001-05,changing,52.766667,-1.933333
2001-05,changing,40.7141667,-74.0063889
2001-05,sphere,34.4208333,-119.6972222
2001-05,sphere,41.5250000,-88.0816667
2001-05,egg,51.081397,1.169456
2001-05,disk,41.4044444,-80.3913889
2001-05,disk,37.8044444,-122.2697222
2001-05,disk,37.9772222,-122.2941667
2001-05,disk,55.833333,-4.25
2001-05,fireball,38.093307,-77.292293
2001-05,fireball,38.6272222,-90.1977778
2001-05,fireball,34.1397222,-118.0344444
2001-05,fireball,34.4261111,-117.5713889
2001-05,teardrop,47.9791667,-122.2008333
2001-05,teardrop,53.5,-2.216667
2001-05,cigar,42.1102778,-88.0341667
2001-05,cigar,46.7,-75.45
2001-05,cigar,38.4436111,-90.2011111
2001-05,cone,39.5150000,-84.3983333
2001-06,oval,-14.599413,-28.673147
2001-06,oval,-42.717369,170.966543
2001-06,,29.2105556,-81.0230556
2001-06,,47.1700000,-122.6013889
2001-06,,46.05,-64.81
2001-06,,36.0872222,-81.9275000
2001-06,,46.6541667,-120.5288889
2001-06,,42.8713889,-112.4447222
2001-06,,38.8813889,-94.8188889
2001-06,,44.1844444,-69.0766667
2001-06,,35.0844444,-106.6505556
2001-06,,43.666667,-79.416667
2001-06,,26.4611111,-80.0730556
2001-06,,33.6694444,-117.8222222
2001-06,,27.5872222,-82.4252778
2001-06,,36.6222222,-81.1511111
2001-06,cylinder,43.666667,-79.416667
2001-06,triangle,41.257621,-80.732529
2001-06,triangle,53.583333,-1.65
2001-06,triangle,41.6080556,-74.2994444
2001-06,triangle,37.9850000,-103.5433333
2001-06,triangle,38.8516667,-94.3436111
2001-06,triangle,49.916667,-116.916667
2001-06,triangle,36.2841667,-82.1727778
2001-06,triangle,48.4213889,-122.3327778
2001-06,triangle,41.4294444,-88.2286111
2001-06,triangle,42.6380556,-83.6172222
2001-06,triangle,46.2113889,-119.1361111
2001-06,light,26.9338889,-80.0944444
2001-06,light,40.1825000,-80.6913889
2001-06,light,35.126413,33.429859
2001-06,light,41.7469444,-88.0502778
2001-06,light,41.1116667,-114.9636111
2001-06,light,38.0105556,-77.9088889
2001-06,light,39.9369444,-120.9461111
2001-06,light,44.0522222,-123.0855556
2001-06,light,47.7988889,-122.4969444
2001-06,light,43.666667,-79.416667
2001-06,light,41.8650000,-80.7900000
2001-06,light,30.2394444,-81.3858333
2001-06,light,43.0388889,-87.9063889
2001-06,light,43.4194444,-93.5330556
2001-06,light,33.4150000,-111.5488889
2001-06,light,32.8950000,-97.5455556
2001-06,light,37.3541667,-121.9541667
2001-06,light,47.0380556,-122.8994444
2001-06,formation,44.126244,-85.970276
2001-06,circle,19.4975000,-154.9508333
2001-06,circle,-36.121792,146.888092
2001-06,circle,33.4483333,-112.0733333
2001-06,circle,25.858244,-81.385069
2001-06,circle,34.2694444,-118.7805556
2001-06,circle,46.4355556,-109.8336111
2001-06,circle,38.5891667,-121.3016667
2001-06,circle,52.05,-2.716667
2001-06,circle,32.3078,-64.7505
2001-06,rectangle,33.7738889,-117.9405556
2001-06,rectangle,29.2105556,-81.0230556
2001-06,changing,46.8722222,-113.9930556
2001-06,changing,37.8772222,-122.1786111
2001-06,flash,32.7833333,-96.8000000
2001-06,flash,39.895592,-87.651967
2001-06,sphere,42.0697222,-87.7877778
2001-06,sphere,33.6888889,-78.8869444
2001-06,sphere,35.0427778,-120.4750000
2001-06,sphere,35.2494444,-112.1902778
2001-06,disk,27.7705556,-82.6794444
2001-06,disk,40.7230556,-73.9130556
2001-06,disk,60.487778,-151.058333
2001-06,disk,42.6627778,-82.8425000
2001-06,disk,36.9030556,-102.9627778
2001-06,disk,26.6155556,-80.0572222
2001-06,fireball,36.5950000,-82.1888889
2001-06,fireball,37.7105556,-120.1969444
2001-06,fireball,33.2961111,-86.8436111
2001-06,fireball,41.6005556,-93.6088889
2001-06,teardrop,-35.27603,149.13435
2001-06,teardrop,32.6550000,-79.9405556
2001-06,cigar,48.3375000,-117.2961111
2001-06,cigar,40.7141667,-74.0063889
2001-06,chevron,40.9252778,-74.2769444
2001-06,chevron,45.6388889,-122.6602778
2001-06,chevron,35.7330556,-81.3413889
2001-07,oval,-27.47101,153.024292
2001-07,oval,35.2269444,-80.8433333
2001-07,oval,45.5236111,-122.6750000
2001-07,oval,29.7630556,-95.3630556
2001-07,oval,53.7,-2.283333
2001-07,oval,40.765654,-73.015108
2001-07,oval,29.7630556,-95.3630556
2001-07,oval,48.0519444,-122.1758333
2001-07,,40.3977778,-105.0744444
2001-07,,36.1397222,-120.3591667
2001-07,,33.493639,-117.148365
2001-07,,40.5772222,-74.2286111
2001-07,,32.7833333,-96.8000000
2001-07,,35.5913889,-92.4602778
2001-07,,40.9275000,-73.9977778
2001-07,,40.3211111,-79.3797222
2001-07,,45.5236111,-122.6750000
2001-07,,33.7900000,-118.2969444
2001-07,,40.668714,-74.114309
2001-07,,37.564007,-1.266238
2001-07,cylinder,-16.92304,145.766251
2001-07,cylinder,29.8830556,-97.9411111
2001-07,cylinder,42.1130556,-70.8125000
2001-07,cylinder,26.5250000,-80.0666667
2001-07,triangle,32.8722222,-116.4175000
2001-07,triangle,42.7255556,-77.8744444
2001-07,triangle,33.9136111,-98.4930556
2001-07,triangle,35.9130556,-79.0561111
2001-07,triangle,41.652202,-71.576894
2001-07,triangle,37.0802778,-77.9975000
2001-07,triangle,49.793435,-119.013708
2001-07,triangle,35.8550000,-82.1980556
2001-07,triangle,45.3575000,-122.6055556
2001-07,triangle,42.9708333,-82.4250000
2001-07,triangle,32.5158333,-93.7319444
2001-07,triangle,43.3544444,-124.3119444
2001-07,triangle,39.045755,-76.641271
2001-07,light,46.2113889,-119.1361111
2001-07,light,35.1427778,-120.6402778
2001-07,light,35.0072222,-80.9452778
2001-07,light,37.7975000,-120.9955556
2001-07,light,38.5222222,-77.2938889
2001-07,light,37.9363889,-90.7877778
2001-07,light,44.4563889,-89.5438889
2001-07,light,44.9272222,-89.9633333
2001-07,light,39.3266667,-110.9638889
2001-07,light,40.2263889,-76.9008333
2001-07,light,40.7141667,-74.0063889
2001-07,light,45.133333,-76.133333
2001-07,light,36.1302778,-118.8172222
2001-07,light,44.9444444,-93.0930556
2001-07,light,28.0680556,-80.5605556
2001-07,light,48.3597222,-107.8736111
2001-07,light,36.648889,51.496111
2001-07,light,-33.932104,18.860152
2001-07,light,39.4141667,-77.4108333
2001-07,light,29.7630556,-95.3630556
2001-07,light,44.0191667,-84.7994444
2001-07,light,45.5230556,-122.9886111
2001-07,light,39.9522222,-75.1641667
2001-07,light,42.3608333,-85.8794444
2001-07,light,40.7280556,-74.0780556
2001-07,light,52.416667,-1.55
2001-07,diamond,37.3394444,-121.8938889
2001-07,diamond,31.8872222,-100.2913889
2001-07,formation,36.6333333,-93.4166667
2001-07,formation,44.9144444,-92.7655556
2001-07,formation,40.5652778,-74.2608333
2001-07,circle,27.9472222,-82.4586111
2001-07,circle,43.1044444,-74.2652778
2001-07,circle,49.25,-123.133333
2001-07,circle,40.4597222,-79.5233333
2001-07,circle,43.6552778,-88.1644444
2001-07,circle,45.4983333,-122.4302778
2001-07,circle,31.6038889,-89.1955556
2001-07,circle,46.386676,-103.302401
2001-07,circle,36.7472222,-95.9805556
2001-07,circle,52.481138,1.753449
2001-07,circle,39.0997222,-94.5783333
2001-07,circle,38.2050000,-87.5741667
2001-07,flash,33.3316667,-105.6725000
2001-07,sphere,32.7447222,-116.9980556
2001-07,sphere,28.5380556,-81.3794444
2001-07,sphere,51.602987,-2.580896
2001-07,sphere,24.5552778,-81.7827778
2001-07,sphere,45.3205556,-92.7047222
2001-07,sphere,48.2413889,-122.3694444
2001-07,sphere,42.4727778,-122.8016667
2001-07,sphere,41.0813889,-81.5191667
2001-07,sphere,42.2711111,-89.0938889
2001-07,egg,32.7152778,-117.1563889
2001-07,egg,55.766667,-4.033333
2001-07,disk,33.4222222,-111.8219444
2001-07,disk,42.0841667,-88.0130556
2001-07,disk,33.5091667,-111.8983333
2001-07,disk,62.086839,6.86481
2001-07,disk,45.0650000,-88.0341667
2001-07,disk,40.338095,-74.268729
2001-07,disk,40.7141667,-74.0063889
2001-07,disk,51.379444,-2.365556
2001-07,fireball,26.1219444,-80.1436111
2001-07,fireball,39.87678,-75.207958
2001-07,fireball,38.907231,-77.036464
2001-07,fireball,39.5347222,-107.7825000
2001-07,fireball,40.4850000,-106.8311111
2001-07,teardrop,41.9438889,-85.6325000
2001-07,teardrop,41.7122222,-72.6086111
2001-07,teardrop,33.387886,-118.41631
2001-07,chevron,38.917488,-77.237997
2001-07,chevron,43.15,-79.5
2001-08,oval,37.839333,-84.270018
2001-08,oval,49.25,-122.95
2001-08,oval,43.7866667,-75.4922222
2001-08,oval,34.8641667,-118.1625000
2001-08,oval,44.3669444,-97.8505556
2001-08,oval,46.7650000,-122.1925000
2001-08,oval,41.1305556,-85.1288889
2001-08,oval,42.2833333,-71.3500000
2001-08,,40.7258333,-73.5147222
2001-08,,34.2255556,-77.9450000
2001-08,,48.777343,-121.813201
2001-08,,44.1197222,-70.1080556
2001-08,,37.9886111,-84.4777778
2001-08,,44.1002778,-70.2152778
2001-08,,39.0436111,-77.4877778
2001-08,,27.3361111,-82.5308333
2001-08,,40.623333,-74.601111
2001-08,,52.083333,1.166667
2001-08,,42.9980556,-74.6833333
2001-08,,46.3,-79.45
2001-08,,41.8500000,-87.6500000
2001-08,,38.4405556,-122.7133333
2001-08,,44.8738889,-88.1427778
2001-08,triangle,50.94652,-119.258618
2001-08,triangle,26.7080556,-80.2308333
2001-08,triangle,33.3941667,-104.5225000
2001-08,triangle,32.7152778,-117.1563889
2001-08,triangle,39.8027778,-105.0869444
2001-08,triangle,53.933271,-116.576503
2001-08,triangle,44.05,-79.45
2001-08,triangle,40.4925000,-121.8880556
2001-08,triangle,44.9069444,-72.8069444
2001-08,triangle,43.5336111,-109.6297222
2001-08,light,43.3952778,-90.7741667
2001-08,light,37.2638889,-122.0219444
2001-08,light,37.7397222,-121.4241667
2001-08,light,37.9513889,-91.7711111
2001-08,light,33.4483333,-112.0733333
2001-08,light,41.699096,-70.320911
2001-08,light,46.2113889,-119.1361111
2001-08,light,38.7077778,-122.9013889
2001-08,light,45.6388889,-122.6602778
2001-08,light,40.4405556,-79.9961111
2001-08,light,43.133333,-80.75
2001-08,light,44.1316667,-70.4936111
2001-08,light,40.7141667,-74.0063889
2001-08,light,45.35,-72.516667
2001-08,light,41.5980556,-75.7150000
2001-08,light,38.0194444,-122.1330556
2001-08,light,44.0266667,-116.9619444
2001-08,light,30.8897222,-96.2944444
2001-08,light,51.921667,4.481111
2001-08,light,41.1594444,-81.4405556
2001-08,light,32.7152778,-117.1563889
2001-08,diamond,32.9627778,-117.0350000
2001-08,diamond,47.383333,-79.683333
2001-08,diamond,45.6,-73.733333
2001-08,formation,41.8244444,-72.8941667
2001-08,formation,47.2033333,-122.2391667
2001-08,formation,43.3838889,-70.5452778
2001-08,circle,29.1869444,-82.1402778
2001-08,circle,36.7,-3.416667
2001-08,circle,47.8291667,-118.4138889
2001-08,circle,41.3947222,-73.4544444
2001-08,circle,36.2166667,-81.6747222
2001-08,rectangle,39.2477778,-88.1633333
2001-08,rectangle,37.3566667,-77.4419444
2001-08,changing,35.1894444,-114.0522222
2001-08,sphere,32.7947222,-116.9616667
2001-08,sphere,43.6763889,-73.7500000
2001-08,egg,35.1894444,-114.0522222
2001-08,egg,34.1361111,-117.8644444
2001-08,disk,46.5927778,-112.0352778
2001-08,disk,52.133333,-106.666667
2001-08,disk,35.3733333,-119.0177778
2001-08,disk,34.6086111,-98.3900000
2001-08,disk,35.5847222,-80.8102778
2001-08,fireball,47.6741667,-122.1202778
2001-08,fireball,51.509619,5.636418
2001-08,fireball,45.5,-73.583333
2001-08,fireball,39.9369444,-120.9461111
2001-08,fireball,44.65,-63.6
2001-08,fireball,41.3113889,-105.5905556
2001-08,fireball,1.352083,103.819836
2001-08,fireball,45.5236111,-122.6750000
2001-08,teardrop,46.083333,-64.766667
2001-08,cigar,36.5730556,-79.0030556
2001-08,cigar,39.6416667,-77.7202778
2001-08,chevron,45.5236111,-122.6750000
2001-09,oval,38.7508333,-77.4755556
2001-09,oval,40.7141667,-74.0063889
2001-09,,40.7141667,-74.0063889
2001-09,,47.6588889,-117.4250000
2001-09,,40.7425000,-84.1052778
2001-09,,47.7425000,-121.9844444
2001-09,,31.20742,-83.250155
2001-09,,36.1750000,-115.1363889
2001-09,,39.575379,-76.995815
2001-09,,33.4147222,-111.9086111
2001-09,,36.1538889,-95.9925000
2001-09,,40.7141667,-74.0063889
2001-09,,31.4350000,-97.7436111
2001-09,,32.7152778,-117.1563889
2001-09,,37.5536111,-77.4605556
2001-09,,39.9522222,-75.1641667
2001-09,,33.9533333,-117.3952778
2001-09,,41.6088889,-73.6822222
2001-09,,40.7408333,-73.6630556
2001-09,,40.4166667,-86.8752778
2001-09,,41.4138889,-73.3038889
2001-09,,39.5069444,-84.7452778
2001-09,,37.6305556,-122.4100000
2001-09,,40.7141667,-74.0063889
2001-09,triangle,40.1461111,-74.7122222
2001-09,triangle,41.9583333,-85.3250000
2001-09,triangle,44.0522222,-123.0855556
2001-09,triangle,28.9886111,-80.9025000
2001-09,triangle,40.7141667,-74.0063889
2001-09,triangle,28.6986111,-81.3083333
2001-09,triangle,36.4336111,-99.3900000
2001-09,triangle,52.55,-1.533333
2001-09,triangle,47.7625000,-122.2041667
2001-09,triangle,33.6116667,-111.7166667
2001-09,light,32.2986111,-90.1847222
2001-09,light,40.6766667,-95.8588889
2001-09,light,34.0005556,-81.0350000
2001-09,light,40.2727778,-80.9969444
2001-09,light,37.9061111,-122.5438889
2001-09,light,39.7391667,-104.9841667
2001-09,light,40.5794444,-75.3411111
2001-09,light,43.0630556,-83.8511111
2001-09,light,46.7833333,-92.1063889
2001-09,light,38.2541667,-85.7594444
2001-09,light,42.8141667,-73.9400000
2001-09,light,31.3058333,-82.2422222
2001-09,light,34.4963889,-118.3247222
2001-09,light,39.0997222,-94.5783333
2001-09,light,34.3580556,-86.2947222
2001-09,light,34.4113889,-118.5391667
2001-09,light,47.7569444,-122.2797222
2001-09,light,40.7141667,-74.0063889
2001-09,light,50.45,-104.616667
2001-09,light,39.7588889,-84.1916667
2001-09,light,45.8902778,-122.8058333
2001-09,light,42.207039,-71.685624
2001-09,diamond,39.8027778,-105.0869444
2001-09,formation,34.0230556,-84.3616667
2001-09,circle,39.7047222,-105.0808333
2001-09,circle,38.6172222,-121.3272222
2001-09,circle,42.4775000,-83.0277778
2001-09,circle,34.0522222,-118.2427778
2001-09,circle,42.2813889,-83.3863889
2001-09,rectangle,37.0297222,-76.3455556
2001-09,rectangle,43.3247222,-95.1497222
2001-09,rectangle,41.9852778,-72.4466667
2001-09,changing,37.5536111,-77.4605556
2001-09,flash,47.4830556,-122.2158333
2001-09,flash,29.84146,-95.25579
2001-09,flash,36.9786111,-76.4283333
2001-09,sphere,40.7966667,-74.4819444
2001-09,sphere,40.6975000,-74.2636111
2001-09,sphere,39.7047222,-105.0808333
2001-09,sphere,39.487938,-104.932108
2001-09,egg,55.866667,-3.633333
2001-09,cross,38.4405556,-122.7133333
2001-09,cross,38.4405556,-122.7133333
2001-09,disk,38.5816667,-121.4933333
2001-09,disk,42.4775000,-83.0277778
2001-09,disk,42.7369444,-84.4838889
2001-09,disk,35.2219444,-101.8308333
2001-09,disk,41.921111,-71.435
2001-09,disk,32.7833333,-96.8000000
2001-09,disk,1.352083,103.819836
2001-09,fireball,25.8572222,-80.2783333
2001-09,fireball,4.61175,101.113506
2001-09,fireball,42.2711111,-89.0938889
2001-09,fireball,35.5941667,-119.3400000
2001-09,fireball,41.0533333,-73.5391667
2001-09,fireball,46.521858,-84.34609
2001-09,fireball,42.1655556,-88.2941667
2001-09,fireball,34.2077778,-117.1083333
2001-09,teardrop,64.282327,-135
2001-09,teardrop,40.2413889,-75.2841667
2001-09,cigar,41.2586111,-95.9375000
2001-09,cigar,48.0841667,-121.9675000
2001-09,cigar,37.6922222,-97.3372222
2001-09,chevron,38.9858333,-119.1619444
2001-09,chevron,52.133333,-106.666667
2001-09,cone,40.7141667,-74.0063889
2001-09,cone,35.6869444,-105.9372222
2001-10,oval,35.8455556,-86.3902778
2001-10,oval,32.735963,-96.275257
2001-10,oval,36.9902778,-86.4436111
2001-10,,36.4708333,-82.8519444
2001-10,,44.3836111,-89.8172222
2001-10,,33.3941667,-104.5225000
2001-10,,30.7233333,-95.5505556
2001-10,,41.2222222,-73.0569444
2001-10,,41.2613889,-114.1933333
2001-10,,34.1808333,-118.3080556
2001-10,,47.6105556,-122.1994444
2001-10,,43.001143,-84.559152
2001-10,,44.9366667,-93.6658333
2001-10,,-5.129547,-80.120569
2001-10,,49.25,-123.133333
2001-10,triangle,53.533333,-2.616667
2001-10,triangle,42.3952778,-94.6336111
2001-10,triangle,33.4483333,-112.0733333
2001-10,triangle,39.7391667,-104.9841667
2001-10,triangle,38.317271,-88.90312
2001-10,triangle,33.4483333,-112.0733333
2001-10,triangle,38.9516667,-92.3338889
2001-10,triangle,52.683333,-2.016667
2001-10,triangle,37.9577778,-121.2897222
2001-10,triangle,44.0805556,-103.2305556
2001-10,triangle,30.3319444,-81.6558333
2001-10,triangle,40.7141667,-74.0063889
2001-10,triangle,40.7141667,-74.0063889
2001-10,triangle,38.5413889,-89.2636111
2001-10,light,37.315326,-93.5852
2001-10,light,45.7811111,-122.5322222
2001-10,light,40.3044444,-82.6963889
2001-10,light,35.022871,-93.699918
2001-10,light,46.5083333,-99.7708333
2001-10,light,39.7391667,-104.9841667
2001-10,light,29.7630556,-95.3630556
2001-10,light,42.9955556,-71.4552778
2001-10,light,32.272812,-99.456155
2001-10,light,46.216667,-63.483333
2001-10,light,44.8341667,-87.3769444
2001-10,light,48.9466667,-122.4508333
2001-10,light,38.7508333,-77.4755556
2001-10,light,30.3713889,-94.3122222
2001-10,light,41.7566667,-104.8211111
2001-10,diamond,29.3927778,-98.2369444
2001-10,diamond,42.3180556,-84.0205556
2001-10,formation,33.4483333,-112.0733333
2001-10,formation,31.5575000,-85.5455556
2001-10,formation,36.3727778,-94.2086111
2001-10,circle,42.5463889,-71.1741667
2001-10,circle,25.7738889,-80.1938889
2001-10,circle,40.5727778,-81.0858333
2001-10,circle,33.9813889,-81.2363889
2001-10,circle,52.771318,-1.554997
2001-10,circle,33.6888889,-78.8869444
2001-10,circle,35.8680556,-83.5619444
2001-10,circle,34.4441667,-85.7197222
2001-10,circle,26.3394444,-81.7788889
2001-10,circle,32.7358333,-96.2750000
2001-10,rectangle,41.0041667,-92.3736111
2001-10,changing,40.7141667,-74.0063889
2001-10,changing,44.8011111,-68.7783333
2001-10,changing,36.6002778,-121.8936111
2001-10,sphere,41.4036111,-95.0136111
2001-10,egg,46.2652778,-96.6055556
2001-10,disk,36.5822222,-87.0655556
2001-10,disk,51.514125,-.093689
2001-10,disk,38.4022222,-122.8227778
2001-10,disk,34.1397222,-118.0344444
2001-10,disk,42.2188889,-70.7861111
2001-10,disk,39.7391667,-104.9841667
2001-10,fireball,47.3225000,-122.3113889
2001-10,fireball,32.3413889,-90.3216667
2001-10,fireball,41.3113889,-105.5905556
2001-10,fireball,40.1536111,-82.6852778
2001-10,fireball,38.5991667,-83.3188889
2001-10,fireball,47.44732,-122.45985
2001-10,fireball,34.1063889,-117.5922222
2001-10,fireball,30.2669444,-97.7427778
2001-10,fireball,42.9119444,-77.7458333
2001-10,cigar,44.152565,-71.679528
2001-10,chevron,36.1658333,-86.7844444
2001-10,chevron,41.5008333,-93.4908333
2001-11,oval,42.1538889,-88.1361111
2001-11,oval,6.839722,79.875833
2001-11,,38.4191667,-82.4452778
2001-11,,51.514125,-.093689
2001-11,,32.7152778,-117.1563889
2001-11,,30.4063889,-87.6836111
2001-11,,40.2944444,-78.7213889
2001-11,,41.4444444,-87.6313889
2001-11,,30.4380556,-84.2808333
2001-11,,37.4419444,-122.1419444
2001-11,,37.964253,-91.831833
2001-11,,44.9022222,-85.0608333
2001-11,,12.971599,77.594563
2001-11,,28.1758333,-80.5902778
2001-11,,39.5600000,-76.0716667
2001-11,,33.5386111,-112.1852778
2001-11,cylinder,35.2030556,-85.9211111
2001-11,triangle,40.4775000,-104.9008333
2001-11,triangle,32.6208333,-83.6000000
2001-11,triangle,45.5236111,-122.6750000
2001-11,triangle,37.5586111,-122.2700000
2001-11,triangle,38.0080556,-92.7444444
2001-11,triangle,42.6611111,-70.9972222
2001-11,triangle,41.4300000,-73.6805556
2001-11,triangle,38.6272222,-90.1977778
2001-11,triangle,39.5538889,-104.9688889
2001-11,triangle,31.874997,-93.18887
2001-11,light,39.0255556,-77.0766667
2001-11,light,-37.813938,144.963425
2001-11,light,39.1652778,-86.5263889
2001-11,light,36.1658333,-86.7844444
2001-11,light,43.2166667,-123.3405556
2001-11,light,32.7733333,-92.4055556
2001-11,light,-33.933333,138.166667
2001-11,light,-36.84846,174.763332
2001-11,light,37.7477778,-84.2947222
2001-11,light,32.4486111,-81.7833333
2001-11,light,37.7750000,-122.4183333
2001-11,diamond,38.3030556,-77.4608333
2001-11,formation,39.7294444,-104.8313889
2001-11,formation,48.7597222,-122.4869444
2001-11,circle,51.899603,-1.15359
2001-11,circle,41.2586111,-95.9375000
2001-11,circle,32.771523,-89.116728
2001-11,circle,37.6391667,-120.9958333
2001-11,circle,36.1027778,-79.5069444
2001-11,circle,42.8688889,-76.9780556
2001-11,changing,29.4605556,-95.0511111
2001-11,changing,33.4483333,-112.0733333
2001-11,changing,40.0150000,-105.2700000
2001-11,changing,35.1494444,-90.0488889
2001-11,sphere,27.9472222,-82.4586111
2001-11,sphere,34.0522222,-118.2427778
2001-11,sphere,51.189722,-2.547222
2001-11,egg,40.0394444,-84.2033333
2001-11,egg,39.6536111,-105.1905556
2001-11,disk,38.5816667,-121.4933333
2001-11,disk,29.2105556,-81.0230556
2001-11,disk,30.3672222,-89.0927778
2001-11,disk,27.5955556,-81.5063889
2001-11,fireball,47.2044444,-121.9902778
2001-11,fireball,27.8161111,-80.4708333
2001-11,fireball,32.227821,-98.209051
2001-11,chevron,30.1172222,-83.5819444
2001-11,chevron,30.1763889,-85.8055556
2001-11,chevron,40.4861111,-74.4522222
2001-11,chevron,35.9250000,-86.8688889
2001-12,,38.98761,-76.820527
2001-12,,32.656723,-97.056801
2001-12,,54.883333,-2.933333
2001-12,,33.9136111,-98.4930556
2001-12,,27.0438889,-82.2361111
2001-12,,48.7052778,-119.4383333
2001-12,,32.2502778,-101.4783333
2001-12,,39.1619444,-84.4569444
2001-12,,53.41291,-8.24389
2001-12,,30.900965,75.857276
2001-12,,39.2333333,-84.1613889
2001-12,triangle,47.5002778,-111.3000000
2001-12,triangle,30.3880556,-95.6961111
2001-12,triangle,38.7838889,-90.4811111
2001-12,triangle,39.9402778,-82.0133333
2001-12,light,29.7630556,-95.3630556
2001-12,light,34.1477778,-118.1436111
2001-12,light,35.2822222,-91.3652778
2001-12,light,38.9716667,-95.2350000
2001-12,light,47.5002778,-111.3000000
2001-12,light,33.8708333,-79.7555556
2001-12,light,36.1538889,-95.9925000
2001-12,light,38.8302778,-77.1966667
2001-12,light,38.2544444,-104.6086111
2001-12,light,40.7141667,-74.0063889
2001-12,light,52.516667,13.4
2001-12,light,38.6038889,-89.8072222
2001-12,formation,35.925978,-97.049844
2001-12,formation,38.9716667,-95.2350000
2001-12,formation,35.0844444,-106.6505556
2001-12,circle,40.7141667,-74.0063889
2001-12,circle,33.7455556,-117.8669444
2001-12,circle,36.1880556,-94.5402778
2001-12,circle,49.883333,-97.166667
2001-12,circle,43.25,-79.833333
2001-12,rectangle,36.1750000,-115.1363889
2001-12,rectangle,43.2080556,-71.5380556
2001-12,changing,34.6086111,-98.3900000
2001-12,sphere,39.2902778,-76.6125000
2001-12,sphere,34.6172222,-79.6850000
2001-12,sphere,37.5630556,-122.3244444
2001-12,sphere,34.0230556,-84.3616667
2001-12,disk,28.8827778,-81.3088889
2001-12,fireball,39.2672222,-76.7986111
2001-12,fireball,30.8483333,-93.7572222
2001-12,fireball,36.3230556,-86.7133333
2001-12,fireball,38.7183333,-95.0813889
2001-12,cigar,35.2847222,-81.2841667
2001-12,cigar,50.539418,-96.149489
2001-12,chevron,41.8800000,-88.0077778
2001-12,cone,47.7625000,-122.2041667
2002-01,oval,35.759573,-79.0193
2002-01,,33.3941667,-104.5225000
2002-01,,34.8525000,-82.3941667
2002-01,,43.8,-79.416667
2002-01,,34.2011111,-118.5355556
2002-01,,36.6002778,-121.8936111
2002-01,,42.0341667,-91.5975000
2002-01,,33.4483333,-112.0733333
2002-01,,33.1505556,-96.8233333
2002-01,,41.6105556,-86.7225000
2002-01,,28.632996,-106.0691
2002-01,triangle,41.4813889,-74.3605556
2002-01,triangle,37.5697222,-85.2527778
2002-01,triangle,35.1980556,-111.6505556
2002-01,triangle,36.6002778,-121.8936111
2002-01,triangle,34.2477778,-88.9986111
2002-01,triangle,45.5236111,-122.6750000
2002-01,triangle,30.0969444,-95.6158333
2002-01,triangle,35.9000000,-109.0333333
2002-01,light,-37.813938,144.963425
2002-01,light,36.7544444,-79.4000000
2002-01,light,40.7616667,-73.3297222
2002-01,light,43.25,-79.833333
2002-01,light,37.8044444,-122.2697222
2002-01,light,38.3363889,-75.0852778
2002-01,light,29.7630556,-95.3630556
2002-01,light,53.633333,-113.633333
2002-01,light,40.3100000,-75.1302778
2002-01,light,33.3763889,-117.2502778
2002-01,light,53.133333,-1.2
2002-01,formation,43.0905556,-73.4991667
2002-01,circle,47.6816667,-122.2075000
2002-01,circle,40.8263889,-74.1072222
2002-01,circle,-33.46912,-70.641997
2002-01,circle,39.9283333,-75.2741667
2002-01,circle,40.5983333,-124.1561111
2002-01,rectangle,45.8994444,-108.3008333
2002-01,sphere,26.0108333,-80.1497222
2002-01,sphere,50.45,-3.5
2002-01,sphere,49.25,-123.133333
2002-01,sphere,30.0797222,-95.4169444
2002-01,cross,41.0111111,-73.9138889
2002-01,disk,34.4208333,-119.6972222
2002-01,disk,40.7141667,-74.0063889
2002-01,disk,42.05,-82.583333
2002-01,fireball,38.8902778,-77.0844444
2002-01,fireball,38.3605556,-75.5997222
2002-01,fireball,36.1630556,-81.8716667
2002-01,fireball,36.1658333,-78.8769444
2002-01,teardrop,38.7072222,-77.0233333
2002-01,cigar,38.1502778,-92.6177778
2002-01,cigar,40.0580556,-82.4013889
2002-01,chevron,44.088104,-69.802574
2002-01,cone,56.733333,-111.383333
2002-02,oval,33.6305556,-112.3325000
2002-02,oval,42.0083333,-91.6438889
2002-02,oval,31.967861,-110.294517
2002-02,oval,25.800693,55.976199
2002-02,,33.2147222,-97.1327778
2002-02,,41.1158333,-98.0013889
2002-02,,39.7555556,-105.2205556
2002-02,,34.120284,-118.931763
2002-02,,36.1750000,-115.1363889
2002-02,,39.74,-75.068333
2002-02,,33.4483333,-112.0733333
2002-02,cylinder,-25.420039,-49.265097
2002-02,cylinder,38.4344444,-82.1325000
2002-02,triangle,40.4863889,-79.4516667
2002-02,triangle,39.2688889,-84.2638889
2002-02,triangle,40.7608333,-111.8902778
2002-02,light,28.5380556,-81.3794444
2002-02,light,28.2486111,-81.2813889
2002-02,light,44.4644444,-68.7116667
2002-02,light,33.4483333,-112.0733333
2002-02,light,40.1163889,-88.2433333
2002-02,light,44.9800000,-93.2636111
2002-02,light,42.4727778,-122.8016667
2002-02,light,46.0400000,-118.6711111
2002-02,light,32.3122222,-106.7777778
2002-02,light,27.745863,-81.530631
2002-02,light,52.35826,6.593873
2002-02,light,32.2502778,-101.4783333
2002-02,light,62.3238889,-150.1094444
2002-02,light,41.0983333,-83.9847222
2002-02,formation,42.2047222,-83.4852778
2002-02,formation,57.466667,-4.233333
2002-02,circle,42.5175000,-123.4186111
2002-02,circle,40.6813889,-73.4002778
2002-02,circle,45.4358333,-89.1833333
2002-02,circle,44.8113889,-91.4983333
2002-02,changing,33.7444444,-113.7513889
2002-02,flash,39.8744444,-76.8661111
2002-02,sphere,42.5175000,-123.4186111
2002-02,sphere,51.083333,-114.083333
2002-02,sphere,43.6366667,-113.2994444
2002-02,egg,44.6286111,-73.5583333
2002-02,disk,34.6980556,-118.1358333
2002-02,disk,47.0380556,-122.8994444
2002-02,disk,43.179832,-71.822287
2002-02,fireball,27.7000000,-80.9044444
2002-02,fireball,41.1400000,-104.8197222
2002-02,fireball,41.5605556,-99.2500000
2002-02,fireball,43.15,-79.5
2002-02,fireball,47.6063889,-122.3308333
2002-02,fireball,-35.987951,146.006691
2002-02,cigar,40.8688889,-74.2086111
2002-02,cigar,35.1800000,-120.7308333
2002-02,cone,44.2511111,-116.9683333
2002-03,oval,31.9972222,-102.0775000
2002-03,oval,26.5625000,-81.9497222
2002-03,oval,32.9480556,-96.7294444
2002-03,,37.3688889,-122.0352778
2002-03,,39.3436111,-90.2125000
2002-03,,39.2655556,-123.2033333
2002-03,,-24.957777,-53.459511
2002-03,,47.7558333,-122.3402778
2002-03,,29.9972222,-98.0983333
2002-03,,35.517491,-86.580447
2002-03,,53.233333,-.533333
2002-03,,33.6355556,-96.6086111
2002-03,,33.4483333,-112.0733333
2002-03,,41.0380556,-74.2944444
2002-03,triangle,38.9783333,-76.4925000
2002-03,triangle,27.8161111,-80.4708333
2002-03,light,36.0725000,-79.7922222
2002-03,light,45.4983333,-122.4302778
2002-03,light,40.4416667,-75.3419444
2002-03,light,34.1083333,-117.2888889
2002-03,light,38.7908333,-121.2347222
2002-03,light,38.5991667,-83.3188889
2002-03,light,44.3877778,-71.1736111
2002-03,light,46.0647222,-118.3419444
2002-03,light,32.7252778,-114.6236111
2002-03,diamond,40.8883333,-73.8286111
2002-03,circle,33.3527778,-111.7883333
2002-03,circle,36.1750000,-115.1363889
2002-03,circle,31.316667,-113.536944
2002-03,circle,35.6677778,-101.3969444
2002-03,circle,42.2047222,-83.4852778
2002-03,circle,33.4483333,-112.0733333
2002-03,circle,41.3958333,-72.8972222
2002-03,circle,49.304444,-124.419444
2002-03,changing,30.3319444,-81.6558333
2002-03,sphere,33.9191667,-118.4155556
2002-03,egg,41.4994444,-81.6955556
2002-03,egg,39.7408333,-103.5911111
2002-03,disk,34.1066667,-117.8058333
2002-03,disk,30.4211111,-87.2169444
2002-03,disk,36.1658333,-86.7844444
2002-03,fireball,41.7075000,-86.8950000
2002-03,fireball,47.2791667,-122.2508333
2002-03,teardrop,-37.813938,144.963425
2002-04,oval,45.416667,-75.7
2002-04,,38.5816667,-121.4933333
2002-04,,44.7563889,-122.4155556
2002-04,,42.6011111,-76.1808333
2002-04,,35.5322222,-97.9547222
2002-04,,43.073052,-89.40123
2002-04,,47.095848,-120.474026
2002-04,,38.5433333,-90.4950000
2002-04,cylinder,39.5538889,-104.9688889
2002-04,triangle,36.7944444,-108.0797222
2002-04,triangle,39.5150000,-84.3983333
2002-04,triangle,31.6716667,-97.0986111
2002-04,triangle,47.2530556,-122.4430556
2002-04,triangle,42.9038889,-78.6925000
2002-04,triangle,47.9791667,-122.2008333
2002-04,triangle,45.2102778,-123.1975000
2002-04,triangle,30.9936111,-87.8580556
2002-04,light,32.7152778,-117.1563889
2002-04,light,33.9791667,-118.0319444
2002-04,light,33.4919444,-105.3833333
2002-04,light,35.3766667,-87.0061111
2002-04,light,35.9380556,-77.7908333
2002-04,light,39.7047222,-105.0808333
2002-04,light,36.6208333,-90.8233333
2002-04,diamond,40.7608333,-111.8902778
2002-04,diamond,32.2216667,-110.9258333
2002-04,formation,41.7000000,-71.6833333
2002-04,circle,40.4236111,-75.0600000
2002-04,circle,37.3394444,-121.8938889
2002-04,circle,33.1191667,-117.0855556
2002-04,rectangle,44.314844,-85.602364
2002-04,changing,40.7141667,-74.0063889
2002-04,changing,37.3183333,-84.9394444
2002-04,sphere,47.6063889,-122.3308333
2002-04,sphere,30.2669444,-97.7427778
2002-04,sphere,29.4238889,-98.4933333
2002-04,sphere,28.0680556,-80.5605556
2002-04,sphere,41.2683333,-110.9625000
2002-04,sphere,38.9516667,-92.3338889
2002-04,disk,39.62699,-78.227196
2002-04,disk,42.7652778,-71.4680556
2002-04,disk,39.9522222,-75.1641667
2002-04,disk,33.5205556,-86.8025000
2002-04,cigar,32.8950000,-97.5455556
2002-04,chevron,47.7544444,-122.1622222
2002-05,oval,45.5,-73.583333
2002-05,,40.7608333,-111.8902778
2002-05,,31.5491667,-97.1463889
2002-05,,46.4163889,-117.0441667
2002-05,,34.0952778,-118.1261111
2002-05,,40.7141667,-74.0063889
2002-05,,41.5569444,-83.6272222
2002-05,,33.6305556,-112.3325000
2002-05,,43.2363889,-120.6358333
2002-05,,39.2183333,-77.9055556
2002-05,,42.7875000,-86.1088889
2002-05,triangle,40.8352778,-73.6241667
2002-05,triangle,37.370885,-86.245251
2002-05,triangle,35.8680556,-83.5619444
2002-05,triangle,52.266667,-113.8
2002-05,triangle,37.6922222,-97.3372222
2002-05,light,46.4163889,-117.0441667
2002-05,light,44.9194444,-123.3158333
2002-05,light,43.193852,-71.572395
2002-05,light,34.5127778,-78.2713889
2002-05,light,40.7933333,-77.8602778
2002-05,light,-36.07494,146.923935
2002-05,light,36.8050000,-98.6661111
2002-05,light,35.1186111,-120.5897222
2002-05,light,36.611111,-121.844722
2002-05,light,39.0061111,-77.4288889
2002-05,light,40.8533333,-73.4119444
2002-05,light,33.9830556,-118.0958333
2002-05,light,42.5847222,-87.8211111
2002-05,light,-33.46912,-70.641997
2002-05,light,29.4238889,-98.4933333
2002-05,diamond,33.0369444,-117.2911111
2002-05,circle,45.0994444,-123.3936111
2002-05,circle,38.9458333,-105.2888889
2002-05,rectangle,37.0833333,-88.6000000
2002-05,changing,39.7686111,-76.6800000
2002-05,changing,30.5080556,-97.6786111
2002-05,changing,36.181801,-119.063698
2002-05,changing,37.7750000,-122.4183333
2002-05,sphere,-37.813938,144.963425
2002-05,sphere,38.6269444,-88.9455556
2002-05,disk,28.5380556,-81.3794444
2002-05,disk,41.6097222,-83.5644444
2002-05,disk,40.070784,-76.332601
2002-05,disk,34.8697222,-111.7602778
2002-05,disk,32.9027778,-96.5636111
2002-05,disk,47.6063889,-122.3308333
2002-05,disk,33.8847222,-118.4100000
2002-05,fireball,32.3480556,-93.5525000
2002-05,teardrop,42.8125000,-70.8777778
2002-05,cigar,39.0997222,-94.5783333
2002-05,chevron,41.2788889,-75.8786111
2002-06,,43.755115,-71.396531
2002-06,,43.5277778,-71.4708333
2002-06,,36.1658333,-86.7844444
2002-06,,36.8466667,-76.2855556
2002-06,,49.25,-123.133333
2002-06,,42.833333,-80.3
2002-06,,38.9338889,-76.8969444
2002-06,,51.733333,.483333
2002-06,,42.0833333,-71.0188889
2002-06,,43.7547222,-71.3972222
2002-06,,37.5536111,-77.4605556
2002-06,,51.883333,-.416667
2002-06,,-38.136848,176.249746
2002-06,,38.8941667,-77.4313889
2002-06,,30.2669444,-97.7427778
2002-06,,41.1175000,-73.4083333
2002-06,,32.2047222,-95.8552778
2002-06,,32.7833333,-96.8000000
2002-06,cylinder,45.416667,-75.7
2002-06,cylinder,40.7141667,-74.0063889
2002-06,triangle,37.0058333,-121.5672222
2002-06,triangle,42.3313889,-83.0458333
2002-06,triangle,40.9033333,-73.4602778
2002-06,triangle,10.542484,-83.502355
2002-06,triangle,47.5675000,-122.6313889
2002-06,triangle,34.1591667,-118.5002778
2002-06,light,34.1850000,-83.9252778
2002-06,light,43.048677,-76.56272
2002-06,light,37.4994444,-91.8569444
2002-06,light,39.9522222,-75.1641667
2002-06,light,44.9430556,-123.0338889
2002-06,light,39.7597222,-121.6208333
2002-06,light,30.4141667,-87.5977778
2002-06,light,32.8111111,-115.3794444
2002-06,light,47.7544444,-122.1622222
2002-06,light,26.7052778,-80.0366667
2002-06,light,33.4483333,-112.0733333
2002-06,light,44.8508333,-93.7866667
2002-06,light,45.266667,-66.066667
2002-06,light,34.46735,-114.37574
2002-06,light,38.1361111,-81.0997222
2002-06,light,39.7391667,-104.9841667
2002-06,light,38.5172222,-75.2352778
2002-06,light,27.0438889,-82.2361111
2002-06,light,46.521858,-84.34609
2002-06,light,34.193917,-118.606891
2002-06,light,32.2216667,-110.9258333
2002-06,light,33.5172222,-82.0758333
2002-06,light,46.4022222,-120.2608333
2002-06,light,43.9577778,-71.1680556
2002-06,light,37.2705556,-76.7077778
2002-06,formation,31.9972222,-102.0775000
2002-06,circle,40.3013889,-79.5391667
2002-06,circle,42.0411111,-87.6900000
2002-06,circle,32.7833333,-96.8000000
2002-06,circle,46.766667,23.583333
2002-06,circle,40.8050000,-81.9352778
2002-06,rectangle,55.833333,-4.5
2002-06,changing,38.907231,-77.036464
2002-06,changing,29.7177778,-81.5083333
2002-06,flash,33.873415,-115.900992
2002-06,sphere,41.8438889,-79.1452778
2002-06,sphere,45.012466,-92.991883
2002-06,sphere,37.26546,-122.009598
2002-06,sphere,39.4886111,-83.6369444
2002-06,sphere,39.3769444,-97.1244444
2002-06,disk,38.9516667,-92.3338889
2002-06,disk,7.930835,81.045104
2002-06,fireball,42.0427778,-88.0797222
2002-06,fireball,43.7569444,-71.6886111
2002-06,fireball,33.8752778,-117.5655556
2002-06,fireball,40.7141667,-74.0063889
2002-06,fireball,46.721211,25.585527
2002-06,fireball,51.45,-2.583333
2002-06,teardrop,37.6922222,-97.3372222
2002-06,cigar,-33.861481,151.205475
2002-07,oval,37.2294444,-80.4141667
2002-07,oval,34.2694444,-118.7805556
2002-07,oval,35.1477778,-114.5675000
2002-07,,48.9202778,-122.3413889
2002-07,,34.4358333,-119.8266667
2002-07,,50.683333,-3.25
2002-07,,56.490671,-4.202646
2002-07,,43.1547222,-77.6158333
2002-07,,45.6366667,-89.4119444
2002-07,,54.983333,-1.7
2002-07,,50.35,-125.916667
2002-07,,38.9458333,-84.6805556
2002-07,,39.2805556,-80.3447222
2002-07,,34.4436111,-118.6086111
2002-07,,40.324935,-74.281432
2002-07,,34.0522222,-118.2427778
2002-07,,35.909444,14.478611
2002-07,,55.15,-107.616667
2002-07,,39.3994444,-84.5613889
2002-07,,53.633333,-113.633333
2002-07,,27.9655556,-82.8002778
2002-07,,49.883333,-97.166667
2002-07,,-28.03484,151.980576
2002-07,,39.7200000,-84.3250000
2002-07,cylinder,32.3122222,-106.7777778
2002-07,triangle,50.467388,4.871985
2002-07,triangle,42.6836111,-78.3380556
2002-07,triangle,40.2455556,-74.8463889
2002-07,triangle,44.0583333,-121.3141667
2002-07,triangle,34.0027778,-84.1447222
2002-07,triangle,42.9033333,-78.7550000
2002-07,triangle,42.6605556,-84.0730556
2002-07,triangle,33.3427778,-118.3269444
2002-07,triangle,49.25,-123.133333
2002-07,triangle,34.0194444,-118.4902778
2002-07,triangle,34.2011111,-118.5355556
2002-07,light,38.626512,-76.910548
2002-07,light,42.1958333,-70.7263889
2002-07,light,48.3858333,-114.0600000
2002-07,light,48.1183333,-123.4294444
2002-07,light,48.583333,-85.283333
2002-07,light,43.166667,-79.233333
2002-07,light,40.9008333,-73.3436111
2002-07,light,52.166667,-2.166667
2002-07,light,35.2269444,-80.8433333
2002-07,light,41.616777,-70.43697
2002-07,light,30.6580556,-98.4402778
2002-07,light,41.3977778,-79.8316667
2002-07,light,56.2,-3.183333
2002-07,light,35.0525000,-118.1730556
2002-07,light,44.314844,-85.602364
2002-07,light,52.497193,0.918423
2002-07,light,39.5127778,-80.2491667
2002-07,light,45.5236111,-122.6750000
2002-07,light,33.8752778,-117.5655556
2002-07,light,37.309723,-81.135076
2002-07,light,36.0041667,-120.1280556
2002-07,formation,40.9444444,-74.0758333
2002-07,formation,33.3427778,-118.3269444
2002-07,formation,34.0350000,-77.8938889
2002-07,circle,47.9130556,-122.0969444
2002-07,circle,36.042343,-86.549854
2002-07,circle,35.899473,-85.023346
2002-07,circle,33.7488889,-84.3880556
2002-07,circle,44.383333,-79.7
2002-07,circle,39.2072222,-86.2511111
2002-07,circle,41.3502778,-83.1219444
2002-07,circle,36.9786111,-76.4283333
2002-07,circle,33.1730556,-86.2516667
2002-07,circle,50.802145,-96.995181
2002-07,circle,39.5488889,-89.2944444
2002-07,circle,39.8680556,-104.9713889
2002-07,circle,40.7091667,-112.1008333
2002-07,circle,38.6244444,-76.9394444
2002-07,circle,43.0116667,-88.2313889
2002-07,changing,40.7141667,-74.0063889
2002-07,changing,40.7538889,-79.8102778
2002-07,changing,38.8202778,-81.7797222
2002-07,flash,43.1052778,-75.2916667
2002-07,flash,42.9300000,-75.8530556
2002-07,flash,45.5322222,-92.0191667
2002-07,flash,30.3411111,-95.0852778
2002-07,flash,43.0805556,-88.2611111
2002-07,flash,39.2902778,-76.6125000
2002-07,flash,43.683333,-79.766667
2002-07,sphere,43.6136111,-116.2025000
2002-07,sphere,32.5600000,-80.2800000
2002-07,sphere,53.416667,-3
2002-07,cross,46.2108333,-119.0066667
2002-07,disk,38.882334,-77.171091
2002-07,disk,34.7694444,-92.2669444
2002-07,disk,47.2033333,-122.2391667
2002-07,disk,42.9302778,-73.2430556
2002-07,disk,44.588405,-69.598647
2002-07,disk,38.7838889,-90.4811111
2002-07,disk,33.4016667,-86.9544444
2002-07,disk,43.258158,-79.094062
2002-07,fireball,37.6300000,-93.5730556
2002-07,fireball,51.514125,-.093689
2002-07,fireball,27.8002778,-97.3961111
2002-07,fireball,38.907231,-77.036464
2002-07,fireball,40.7141667,-74.0063889
2002-07,teardrop,32.9536111,-96.8900000
2002-07,teardrop,39.9205556,-105.0861111
2002-07,cigar,43.0650000,-124.1377778
2002-07,cigar,42.1591667,-79.5955556
2002-07,cigar,44.8011111,-68.7783333
2002-07,chevron,35.7547222,-118.4244444
2002-07,cone,32.7152778,-117.1563889
2002-07,cone,49.7,-123.15
2002-08,oval,31.1169444,-97.7275000
2002-08,oval,41.6833333,-86.2500000
2002-08,oval,33.6888889,-78.8869444
2002-08,,35.0227778,-94.3811111
2002-08,,41.1419444,-87.8611111
2002-08,,54.5,-128.583333
2002-08,,37.9780556,-122.0300000
2002-08,,48.766667,-80.666667
2002-08,,42.7008333,-82.9591667
2002-08,,56.6,-169.541667
2002-08,,47.2152778,-123.0994444
2002-08,,42.3313889,-83.0458333
2002-08,,38.6652778,-78.4597222
2002-08,,37.6655556,-82.7716667
2002-08,,26.846511,80.946683
2002-08,,36.5950000,-82.1888889
2002-08,,40.8916667,-76.7977778
2002-08,,42.1666667,-83.7816667
2002-08,,44.65,-63.6
2002-08,,34.2163889,-119.0366667
2002-08,,34.4716667,-104.2450000
2002-08,,44.3022222,-87.5630556
2002-08,,49.216667,-122.916667
2002-08,,47.4705556,-122.3455556
2002-08,,44.1980556,-70.4069444
2002-08,,52.966667,-1.166667
2002-08,cylinder,40.9152778,-81.1061111
2002-08,cylinder,44.4758333,-73.2125000
2002-08,triangle,46.8791667,-102.7891667
2002-08,triangle,40.784101,-73.958513
2002-08,triangle,43.666667,-79.416667
2002-08,triangle,43.0730556,-89.4011111
2002-08,triangle,44.3836111,-89.8172222
2002-08,triangle,43.1547222,-77.6158333
2002-08,triangle,43.0480556,-76.1477778
2002-08,triangle,34.048928,-111.093731
2002-08,triangle,45.3575000,-122.3577778
2002-08,triangle,44.6216667,-123.9372222
2002-08,triangle,39.7294444,-104.8313889
2002-08,light,44.75,-79.9
2002-08,light,44.8897222,-73.4363889
2002-08,light,41.1544444,-96.0419444
2002-08,light,39.5611111,-76.2458333
2002-08,light,36.1397222,-120.3591667
2002-08,light,47.4741667,-122.2597222
2002-08,light,42.7325000,-84.5555556
2002-08,light,52.497193,0.918423
2002-08,light,35.0844444,-106.6505556
2002-08,light,47.4066667,-122.0375000
2002-08,light,44.563164,-78.979981
2002-08,light,20.798363,-156.331925
2002-08,light,38.2325000,-122.6355556
2002-08,light,43.985519,-77.233248
2002-08,light,45.6647222,-97.0494444
2002-08,light,26.9616667,-82.3527778
2002-08,light,45.6,-73.733333
2002-08,light,34.2255556,-77.9450000
2002-08,light,51.883333,-.416667
2002-08,light,40.7519444,-80.3194444
2002-08,light,40.623333,-74.601111
2002-08,light,39.7277778,-76.4522222
2002-08,light,48.5277778,-121.4483333
2002-08,light,45.5236111,-122.6750000
2002-08,light,48.2413889,-122.3694444
2002-08,light,42.5047222,-71.1961111
2002-08,light,41.3950000,-82.5552778
2002-08,light,33.9686111,-112.7288889
2002-08,light,32.7666667,-96.5988889
2002-08,light,36.8527778,-75.9783333
2002-08,light,42.1947222,-122.7083333
2002-08,diamond,40.2572222,-74.3961111
2002-08,formation,38.5994444,-77.7247222
2002-08,formation,44.307257,4.472312
2002-08,circle,34.7697222,-84.9702778
2002-08,circle,43.666667,-79.416667
2002-08,circle,43.9144444,-69.9658333
2002-08,circle,-36.07494,146.923935
2002-08,circle,40.4416667,-74.1302778
2002-08,circle,51.441642,5.469722
2002-08,circle,39.2786111,-93.9766667
2002-08,circle,39.9611111,-82.9988889
2002-08,circle,35.0844444,-106.6505556
2002-08,circle,41.5733333,-87.7844444
2002-08,rectangle,47.8555556,-121.9697222
2002-08,rectangle,35.6633333,-95.1977778
2002-08,rectangle,39.092035,-77.21009
2002-08,changing,33.9938889,-96.3705556
2002-08,changing,49.516667,-96.683333
2002-08,changing,52.25,-.883333
2002-08,flash,37.9886111,-84.4777778
2002-08,sphere,36.9741667,-122.0297222
2002-08,sphere,44.193264,-70.709174
2002-08,sphere,32.3480556,-93.5525000
2002-08,sphere,47.002378,-71.194212
2002-08,sphere,38.8002778,-90.6263889
2002-08,egg,32.8744444,-95.7652778
2002-08,disk,52.498662,4.812462
2002-08,disk,40.8916667,-76.7977778
2002-08,disk,40.7355556,-74.1727778
2002-08,disk,42.9633333,-85.6680556
2002-08,disk,45.6388889,-122.6602778
2002-08,disk,32.514947,-117.038247
2002-08,disk,40.8916667,-76.7977778
2002-08,disk,36.8527778,-75.9783333
2002-08,disk,29.0488889,-82.4611111
2002-08,fireball,42.9336111,-85.3419444
2002-08,fireball,38.3363889,-75.0852778
2002-08,teardrop,32.7833333,-96.8000000
2002-08,teardrop,41.8500000,-87.6500000
2002-08,cigar,35.80757,-118.453874
2002-08,cigar,47.0530556,-122.2930556
2002-08,cigar,40.7608333,-111.8902778
2002-08,chevron,40.9083333,-90.2847222
2002-09,oval,43.1547222,-77.6158333
2002-09,oval,41.2616667,-75.8972222
2002-09,oval,53.5,-2.216667
2002-09,oval,41.6216667,-83.7116667
2002-09,oval,30.4055556,-86.6188889
2002-09,oval,30.2669444,-97.7427778
2002-09,oval,41.0358333,-107.6569444
2002-09,,37.1230556,-120.2591667
2002-09,,47.6063889,-122.3308333
2002-09,,45.416667,-75.7
2002-09,,45.5236111,-122.6750000
2002-09,,41.1305556,-85.1288889
2002-09,,41.8500000,-87.6500000
2002-09,,40.15209,-84.375233
2002-09,,43.033333,-80.883333
2002-09,,-25.420039,-49.265097
2002-09,,48.558371,-124.082637
2002-09,,40.5983333,-76.0936111
2002-09,,34.4725000,-81.8808333
2002-09,,32.216316,-80.752608
2002-09,,37.4419444,-122.1419444
2002-09,,38.39278,-121.57194
2002-09,,39.9611111,-82.9988889
2002-09,,38.4405556,-122.7133333
2002-09,cylinder,39.1625000,-76.6250000
2002-09,triangle,45.9975000,-121.5269444
2002-09,triangle,45.9975000,-121.5269444
2002-09,triangle,42.0652778,-71.2483333
2002-09,triangle,39.9611111,-82.9988889
2002-09,triangle,39.0483333,-95.6777778
2002-09,triangle,52.299465,5.243393
2002-09,light,41.3100000,-122.3094444
2002-09,light,40.7141667,-74.0063889
2002-09,light,43.0730556,-89.4011111
2002-09,light,44.3352778,-85.2150000
2002-09,light,52.091874,5.096623
2002-09,light,39.4652778,-95.7361111
2002-09,light,52.583333,-.25
2002-09,light,40.5866667,-122.3905556
2002-09,light,38.910841,-94.382172
2002-09,light,38.8461111,-77.3066667
2002-09,light,42.495556,-82.900278
2002-09,light,40.8622222,-73.6341667
2002-09,light,42.566667,-81.683333
2002-09,light,38.4088889,-121.3705556
2002-09,light,1.352083,103.819836
2002-09,light,51.883333,.9
2002-09,diamond,43.666667,-79.416667
2002-09,diamond,48.117266,-1.677793
2002-09,formation,41.677835,-79.879777
2002-09,formation,45.416667,-75.7
2002-09,formation,46.803283,-71.242796
2002-09,formation,50.3,-89.033333
2002-09,formation,39.550051,-105.782067
2002-09,formation,41.8500000,-87.6500000
2002-09,formation,41.4994444,-81.6955556
2002-09,circle,34.0552778,-117.7513889
2002-09,circle,43.7102778,-75.4025000
2002-09,circle,29.6483333,-81.6377778
2002-09,circle,41.2230556,-111.9730556
2002-09,circle,39.6133333,-105.0161111
2002-09,rectangle,40.0655556,-79.8919444
2002-09,changing,33.7797222,-116.4644444
2002-09,changing,33.1433333,-117.1652778
2002-09,flash,26.6250000,-81.6250000
2002-09,sphere,50.833333,-.783333
2002-09,sphere,35.1494444,-90.0488889
2002-09,egg,37.834509,-85.731904
2002-09,egg,52.166667,-2.166667
2002-09,disk,43.2866667,-76.1463889
2002-09,disk,40.6913889,-73.8061111
2002-09,disk,51.516667,-1.783333
2002-09,disk,42.9075000,-71.7669444
2002-09,disk,29.7630556,-95.3630556
2002-09,disk,48.5344444,-123.0158333
2002-09,disk,32.6108333,-110.7702778
2002-09,disk,41.658445,-70.128629
2002-09,fireball,37.7750000,-122.4183333
2002-09,fireball,40.519759,-87.247792
2002-09,fireball,36.1750000,-115.1363889
2002-09,teardrop,34.6888889,-89.3583333
2002-09,teardrop,54.572778,-1.162778
2002-09,teardrop,40.6263889,-105.1711111
2002-09,teardrop,41.8977778,-87.8138889
2002-09,chevron,38.1302778,-121.2713889
2002-09,chevron,41.5633333,-76.0608333
2002-09,chevron,32.7355556,-97.1077778
2002-10,oval,-27.47101,153.024292
2002-10,oval,42.3316667,-71.1216667
2002-10,oval,47.497912,19.040235
2002-10,oval,35.8233333,-78.8258333
2002-10,,40.1672222,-105.1013889
2002-10,,45.4975000,-95.7963889
2002-10,,42.6525000,-73.7566667
2002-10,,38.3500000,-104.7222222
2002-10,,5.976474,116.115777
2002-10,,42.6525000,-73.7566667
2002-10,,29.9544444,-90.0750000
2002-10,,47.6063889,-122.3308333
2002-10,,32.0833333,-81.1000000
2002-10,,42.353244,-114.575039
2002-10,,35.0241667,-110.6966667
2002-10,,37.7750000,-122.4183333
2002-10,,37.2708333,-79.9416667
2002-10,,32.3122222,-106.7777778
2002-10,,33.8005556,-118.3891667
2002-10,,48.9202778,-122.3413889
2002-10,,27.7636111,-98.2386111
2002-10,,35.9605556,-85.8141667
2002-10,cylinder,42.6525000,-73.7566667
2002-10,triangle,42.983333,-81.25
2002-10,triangle,40.7336111,-82.7900000
2002-10,triangle,39.4300000,-77.8044444
2002-10,triangle,38.2544444,-104.6086111
2002-10,triangle,49.1,-122.65
2002-10,triangle,42.0333333,-87.8833333
2002-10,triangle,42.1872222,-93.5955556
2002-10,light,37.7975000,-121.2150000
2002-10,light,37.9063889,-122.0638889
2002-10,light,26.3583333,-80.0833333
2002-10,light,43.2127778,-75.4561111
2002-10,light,44.8486111,-74.2952778
2002-10,light,32.9125000,-96.6386111
2002-10,light,28.5555556,-82.4505556
2002-10,light,33.4708333,-81.9750000
2002-10,light,47.5388889,-116.4708333
2002-10,light,42.3266667,-122.8744444
2002-10,light,49.883333,-97.166667
2002-10,light,42.3500000,-71.1569444
2002-10,light,40.6219444,-73.7472222
2002-10,diamond,29.7630556,-95.3630556
2002-10,formation,31.7586111,-106.4863889
2002-10,formation,49.683333,-124.933333
2002-10,circle,33.8313889,-118.2811111
2002-10,circle,33.4936111,-117.1475000
2002-10,circle,34.0522222,-118.2427778
2002-10,circle,49.216667,-122.916667
2002-10,circle,8.454236,124.631898
2002-10,rectangle,38.3500000,-104.7222222
2002-10,rectangle,43.9747222,-75.9111111
2002-10,changing,12.879721,121.774017
2002-10,changing,48.1183333,-123.4294444
2002-10,flash,39.7294444,-104.8313889
2002-10,flash,39.7683333,-86.1580556
2002-10,sphere,45.371271,-116.638199
2002-10,sphere,47.5675000,-122.6313889
2002-10,sphere,36.1750000,-115.1363889
2002-10,sphere,41.591051,-111.384926
2002-10,egg,35.6869444,-105.9372222
2002-10,egg,35.6869444,-105.9372222
2002-10,egg,50.06465,19.94498
2002-10,egg,36.1750000,-115.1363889
2002-10,cross,40.7372222,-114.0366667
2002-10,disk,35.7141667,-83.5102778
2002-10,disk,32.3122222,-106.7777778
2002-10,disk,66.8983333,-162.5966667
2002-10,disk,40.76067,-8.708204
2002-10,disk,44.139644,12.246429
2002-10,disk,33.7669444,-118.1883333
2002-10,fireball,36.0652778,-119.0158333
2002-10,fireball,40.2338889,-111.6577778
2002-10,fireball,45.6388889,-122.6602778
2002-10,fireball,41.8500000,-87.6500000
2002-10,fireball,39.8402778,-88.9547222
2002-10,fireball,28.3197222,-80.6077778
2002-10,teardrop,47.6063889,-122.3308333
2002-10,cigar,37.7750000,-122.4183333
2002-10,cigar,33.4483333,-112.0733333
2002-10,chevron,44.6336111,-121.1283333
2002-10,chevron,39.3280556,-120.1822222
2002-10,chevron,48.1172222,-122.7591667
2002-10,chevron,41.8794444,-87.8136111
2002-11,oval,40.7141667,-74.0063889
2002-11,oval,37.2752778,-107.8794444
2002-11,,45.5608333,-94.1622222
2002-11,,42.3313889,-83.0458333
2002-11,,47.4830556,-122.2158333
2002-11,,41.2411111,-77.0013889
2002-11,,45.4944444,-122.8658333
2002-11,,54.687156,25.279651
2002-11,,42.1816667,-87.8002778
2002-11,,35.4675000,-97.5161111
2002-11,,39.3330556,-82.9825000
2002-11,,37.5536111,-77.4605556
2002-11,,38.7544444,-90.3311111
2002-11,,33.5830556,-84.3394444
2002-11,,33.7763889,-112.5277778
2002-11,,35.7325000,-78.8505556
2002-11,,38.4405556,-122.7133333
2002-11,,12.879721,121.774017
2002-11,,40.8000000,-96.6666667
2002-11,,42.4733333,-83.2219444
2002-11,cylinder,42.4602778,-71.3494444
2002-11,cylinder,44.8011111,-68.7783333
2002-11,cylinder,39.0997222,-94.5783333
2002-11,cylinder,34.2563889,-99.5163889
2002-11,triangle,33.7358333,-118.2913889
2002-11,triangle,39.6883333,-79.9802778
2002-11,triangle,28.5491667,-81.7730556
2002-11,triangle,42.8858333,-87.8630556
2002-11,triangle,37.7750000,-122.4183333
2002-11,triangle,33.8536111,-118.1330556
2002-11,triangle,38.5922222,-89.9111111
2002-11,triangle,14.083333,-87.216667
2002-11,triangle,33.1958333,-117.3786111
2002-11,triangle,38.907231,-77.036464
2002-11,triangle,39.2402778,-76.8397222
2002-11,light,52.6,-2
2002-11,light,-31.95224,115.861397
2002-11,light,45.1200000,-93.2875000
2002-11,light,48.0841667,-121.9675000
2002-11,light,49.366667,-126.2625
2002-11,light,42.2438889,-71.9927778
2002-11,light,44.3105556,-69.7800000
2002-11,light,37.3394444,-121.8938889
2002-11,light,39.7155556,-82.9530556
2002-11,light,36.2613889,-90.9711111
2002-11,light,41.6763889,-91.5802778
2002-11,diamond,40.3355556,-75.9272222
2002-11,formation,48.7597222,-122.4869444
2002-11,circle,35.3900000,-120.6080556
2002-11,circle,47.5405556,-122.6350000
2002-11,circle,42.9786111,-93.3166667
2002-11,circle,29.954726,-93.931365
2002-11,circle,35.6263889,-86.6933333
2002-11,circle,34.3644444,-80.4361111
2002-11,circle,38.76376,30.54034
2002-11,circle,34.4208333,-119.6972222
2002-11,circle,41.4875000,-82.1016667
2002-11,changing,36.9741667,-122.0297222
2002-11,changing,37.7750000,-122.4183333
2002-11,flash,39.0483333,-95.6777778
2002-11,sphere,34.0233333,-84.6155556
2002-11,sphere,41.2411111,-77.0013889
2002-11,sphere,42.8805556,-71.3277778
2002-11,egg,40.1163889,-88.2433333
2002-11,egg,37.6688889,-122.0797222
2002-11,egg,43.9561111,-89.8180556
2002-11,disk,36.2083333,-115.9830556
2002-11,disk,47.4905556,-100.7105556
2002-11,disk,51.266667,1.083333
2002-11,disk,40.083845,-111.59603
2002-11,disk,43.0125000,-83.6875000
2002-11,fireball,39.7294444,-104.8313889
2002-11,fireball,46.1383333,-122.9369444
2002-11,fireball,35.9605556,-83.9208333
2002-11,fireball,39.7075000,-90.8475000
2002-11,fireball,33.5091667,-111.8983333
2002-11,cigar,29.7630556,-95.3630556
2002-11,cigar,36.6386111,-95.1538889
2002-11,chevron,40.160667,-74.067975
2002-12,oval,42.2222222,-71.0000000
2002-12,,47.7425000,-121.9844444
2002-12,,42.3802778,-72.5236111
2002-12,,42.1355556,-71.9705556
2002-12,,25.686614,-100.316113
2002-12,,40.981163,-90.408404
2002-12,,41.5386111,-75.9469444
2002-12,,-25.274398,133.775136
2002-12,,45.361131,-122.770037
2002-12,triangle,55.378051,-3.435973
2002-12,triangle,39.9858333,-78.7730556
2002-12,triangle,39.9858333,-78.7730556
2002-12,triangle,38.4325000,-82.0202778
2002-12,triangle,33.4483333,-112.0733333
2002-12,triangle,40.0872222,-74.9038889
2002-12,light,32.7252778,-97.3205556
2002-12,light,33.3763889,-117.2502778
2002-12,light,42.1041667,-72.3194444
2002-12,light,46.9005556,-102.0450000
2002-12,light,52.133333,-106.666667
2002-12,light,30.2263889,-93.2172222
2002-12,light,18.4683333,-66.1061111
2002-12,light,40.1672222,-105.1013889
2002-12,light,30.4380556,-84.2808333
2002-12,light,37.5155556,-92.1388889
2002-12,light,36.9066667,-82.7819444
2002-12,light,36.2977778,-119.2058333
2002-12,light,51.514125,-.093689
2002-12,formation,47.4236111,-120.3091667
2002-12,formation,43.2505556,-89.5013889
2002-12,circle,37.3688889,-122.0352778
2002-12,circle,39.7683333,-86.1580556
2002-12,circle,38.4405556,-122.7133333
2002-12,circle,34.2283333,-118.5358333
2002-12,changing,33.8358333,-118.3397222
2002-12,sphere,33.144444,-116.134167
2002-12,egg,29.6513889,-82.3250000
2002-12,egg,41.2591667,-80.4722222
2002-12,disk,26.9294444,-82.0455556
2002-12,disk,38.7208333,-75.0763889
2002-12,disk,35.7211111,-77.9158333
2002-12,disk,47.6063889,-122.3308333
2002-12,fireball,36.1750000,-115.1363889
2002-12,fireball,38.932515,28.290666
2002-12,teardrop,32.7763889,-79.9311111
2002-12,teardrop,38.8402778,-77.4291667
2002-12,cigar,41.2377778,-80.6644444
2002-12,cigar,41.2591667,-80.4722222
2002-12,chevron,31.3180556,-95.4563889
2002-12,cone,43.2813889,-83.5297222
2003-01,oval,36.0861111,-93.7411111
2003-01,oval,32.7252778,-114.6236111
2003-01,oval,34.1808333,-118.3080556
2003-01,,30.7636111,-88.0747222
2003-01,,32.6780556,-117.0983333
2003-01,,42.1944444,-71.2000000
2003-01,,46.1469444,-122.9072222
2003-01,,39.2494444,-77.9588889
2003-01,,41.8500000,-87.6500000
2003-01,,33.4936111,-117.1475000
2003-01,,49.3,-124.316667
2003-01,,49.683333,-125
2003-01,,32.8544444,-79.9750000
2003-01,,39.9611111,-82.9988889
2003-01,,43.797762,-88.003208
2003-01,,37.2705556,-76.7077778
2003-01,,41.5022222,-72.9791667
2003-01,,49.883333,-97.166667
2003-01,cylinder,44.9430556,-123.0338889
2003-01,triangle,32.3663889,-96.1005556
2003-01,triangle,29.902478,-94.162299
2003-01,triangle,47.8211111,-122.3138889
2003-01,triangle,28.669997,-81.20812
2003-01,triangle,37.3394444,-121.8938889
2003-01,triangle,35.223141,-93.157953
2003-01,light,25.7738889,-80.1938889
2003-01,light,45.5236111,-122.6750000
2003-01,light,27.7177778,-82.3519444
2003-01,light,33.6675000,-84.0177778
2003-01,light,40.1738889,-80.2463889
2003-01,light,-36.84846,174.763332
2003-01,light,43.6275000,-89.7708333
2003-01,light,47.9130556,-122.0969444
2003-01,light,34.1808333,-118.3080556
2003-01,light,35.8683333,-92.1175000
2003-01,light,29.7630556,-95.3630556
2003-01,light,40.7536111,-86.0688889
2003-01,light,39.0169444,-94.2813889
2003-01,light,53.533333,-.05
2003-01,light,41.9125000,-88.1347222
2003-01,light,38.907231,-77.036464
2003-01,diamond,47.1219444,-88.5688889
2003-01,diamond,34.1141667,-116.4313889
2003-01,diamond,40.4405556,-79.9961111
2003-01,circle,34.2005556,-86.1663889
2003-01,circle,34.1975000,-119.1761111
2003-01,circle,39.4019444,-75.0397222
2003-01,circle,34.2694444,-118.7805556
2003-01,circle,35.1427778,-120.6402778
2003-01,circle,37.7750000,-122.4183333
2003-01,circle,34.2247222,-118.4488889
2003-01,circle,28.9002778,-81.2638889
2003-01,changing,32.9975000,-87.6300000
2003-01,changing,43.3902778,-123.3113889
2003-01,changing,40.3100000,-75.1302778
2003-01,changing,34.4208333,-119.6972222
2003-01,changing,44.7702778,-90.5991667
2003-01,flash,33.8358333,-118.3397222
2003-01,flash,41.449722,-72.818889
2003-01,flash,46.216667,-63.483333
2003-01,sphere,35.3658333,-120.8488889
2003-01,sphere,32.7833333,-96.8000000
2003-01,sphere,34.7730556,-80.3919444
2003-01,sphere,27.8425000,-82.6997222
2003-01,sphere,35.1055556,-83.0966667
2003-01,sphere,37.3394444,-121.8938889
2003-01,sphere,27.858635,-80.449774
2003-01,sphere,41.7197222,-72.8325000
2003-01,sphere,31.3222222,-92.4341667
2003-01,sphere,-28.64201,153.611938
2003-01,disk,33.888629,35.495479
2003-01,disk,33.9533333,-117.3952778
2003-01,disk,42.8805556,-71.3277778
2003-01,disk,39.9522222,-75.1641667
2003-01,disk,51.514125,-.093689
2003-01,fireball,38.7725000,-112.0833333
2003-01,fireball,36.1988889,-115.1166667
2003-01,fireball,32.5838889,-117.1122222
2003-01,fireball,43.5325000,-90.0025000
2003-01,teardrop,39.9611111,-82.9988889
2003-01,teardrop,39.028469,-104.484128
2003-01,cigar,43.6136111,-116.2025000
2003-01,cigar,35.759573,-79.0193
2003-01,cigar,35.76411,-95.30718
2003-02,oval,41.4169444,-87.3652778
2003-02,oval,42.7652778,-71.4680556
2003-02,oval,42.2911111,-71.1250000
2003-02,,44.8397222,-117.9205556
2003-02,,41.8661111,-88.1069444
2003-02,,37.7750000,-122.4183333
2003-02,,31.968599,-99.901813
2003-02,,33.7069444,-117.2441667
2003-02,,33.5177778,-84.6697222
2003-02,,25.4683333,-80.4777778
2003-02,cylinder,-34.928661,138.598633
2003-02,triangle,28.5380556,-81.3794444
2003-02,triangle,40.6994444,-99.0811111
2003-02,triangle,40.7408333,-74.3841667
2003-02,triangle,45.4983333,-122.4302778
2003-02,triangle,41.7880556,-71.9502778
2003-02,light,48.766256,-117.378181
2003-02,light,38.5816667,-121.4933333
2003-02,light,39.0916667,-104.8722222
2003-02,light,34.1808333,-118.3080556
2003-02,light,30.1894444,-82.6394444
2003-02,light,39.5363889,-83.4391667
2003-02,light,34.1511111,-118.4483333
2003-02,light,46.5,-80.966667
2003-02,light,42.5630556,-114.4600000
2003-02,light,41.3494444,-85.1355556
2003-02,light,3.013086,101.613804
2003-02,light,35.0427778,-120.4750000
2003-02,diamond,43.263013,-2.934985
2003-02,diamond,48.187056,-122.507847
2003-02,circle,41.0533333,-73.5391667
2003-02,circle,42.5091667,-84.6558333
2003-02,circle,48.783333,-123.7
2003-02,circle,53.55,10
2003-02,circle,37.7750000,-122.4183333
2003-02,circle,37.685096,-121.767491
2003-02,circle,38.1750000,-122.2597222
2003-02,changing,42.3944444,-77.6969444
2003-02,changing,37.3861111,-122.0827778
2003-02,flash,36.8527778,-75.9783333
2003-02,flash,32.7152778,-117.1563889
2003-02,sphere,33.3527778,-111.7883333
2003-02,sphere,-36.84846,174.763332
2003-02,egg,49.25,-123.133333
2003-02,disk,47.83,-123.83
2003-02,disk,39.0066667,-76.7794444
2003-02,disk,42.518191,-88.998889
2003-02,disk,40.9730556,-117.7347222
2003-02,disk,53.970571,-111.689885
2003-02,disk,25.7738889,-80.1938889
2003-02,fireball,27.9375000,-82.2861111
2003-02,fireball,25.740174,-100.378335
2003-02,fireball,34.1808333,-118.3080556
2003-02,fireball,38.3030556,-77.4608333
2003-02,fireball,53.533333,-1.116667
2003-02,cigar,38.4191667,-82.4452778
2003-03,oval,34.0005556,-81.0350000
2003-03,,34.7575000,-112.4530556
2003-03,,29.4238889,-98.4933333
2003-03,,43.0905556,-73.4991667
2003-03,,37.9522222,-122.5561111
2003-03,,38.7741667,-76.0766667
2003-03,,52.473931,6.068176
2003-03,,43.0125000,-82.9280556
2003-03,,51.083333,1.183333
2003-03,cylinder,59.754722,-154.906111
2003-03,cylinder,51.514125,-.093689
2003-03,triangle,41.8616667,-88.1608333
2003-03,triangle,41.4047222,-81.7230556
2003-03,triangle,41.4552778,-88.2616667
2003-03,triangle,39.9611111,-82.9988889
2003-03,light,40.4166667,-86.8752778
2003-03,light,55.338056,-123.094444
2003-03,light,36.1750000,-115.1363889
2003-03,light,54.5,-128.583333
2003-03,light,43.9,-78.866667
2003-03,light,43.3263889,-83.6572222
2003-03,light,29.1894444,-98.8622222
2003-03,formation,40.1855556,-75.4519444
2003-03,circle,-36.84846,174.763332
2003-03,circle,38.7744444,-92.2569444
2003-03,circle,50.454722,-104.606667
2003-03,rectangle,41.7472222,-73.1891667
2003-03,changing,41.00527,28.97696
2003-03,sphere,53.283333,-2.9
2003-03,sphere,39.2822222,-82.3950000
2003-03,disk,-29.600607,30.379412
2003-03,disk,39.6444444,-80.8577778
2003-03,disk,35.4675000,-97.5161111
2003-03,disk,32.7833333,-96.8000000
2003-03,fireball,48.583333,-89.9
2003-03,fireball,34.1808333,-118.3080556
2003-03,teardrop,33.325,44.422
2003-03,teardrop,52.355518,-1.17432
2003-03,cigar,-35.27603,149.13435
2003-03,chevron,43.479929,-110.762428
2003-03,chevron,30.1586111,-85.6602778
2003-04,oval,41.8488889,-72.5722222
2003-04,,33.1550000,-83.3191667
2003-04,,27.8336111,-97.0608333
2003-04,,34.1577778,-118.6375000
2003-04,,51.083333,-114.083333
2003-04,,51.75,-.333333
2003-04,,33.1550000,-83.3191667
2003-04,,54.4,-126.65
2003-04,cylinder,39.0519444,-82.6366667
2003-04,cylinder,33.1550000,-83.3191667
2003-04,cylinder,33.8752778,-117.5655556
2003-04,triangle,42.077535,-72.654684
2003-04,triangle,39.4494444,-75.7166667
2003-04,triangle,49.25,-123.133333
2003-04,light,32.7355556,-97.1077778
2003-04,light,54.5,-128.583333
2003-04,light,61.2180556,-149.9002778
2003-04,light,40.7141667,-74.0063889
2003-04,light,30.4211111,-87.2169444
2003-04,light,37.0475000,-112.5255556
2003-04,light,33.9533333,-117.3952778
2003-04,light,34.1791667,-118.7619444
2003-04,light,33.6411111,-117.9177778
2003-04,light,40.5677778,-84.1936111
2003-04,diamond,41.7141667,-72.6530556
2003-04,formation,50.45,-3.5
2003-04,formation,34.8525000,-82.3941667
2003-04,formation,34.0522222,-118.2427778
2003-04,circle,47.0380556,-122.8994444
2003-04,circle,36.6002778,-121.8936111
2003-04,circle,40.2986111,-83.0680556
2003-04,circle,34.150179,-118.354961
2003-04,rectangle,42.3516667,-71.8638889
2003-04,changing,42.3638889,-71.8813889
2003-04,sphere,42.983333,-81.25
2003-04,sphere,38.6630556,-90.5769444
2003-04,egg,43.733333,-81.7
2003-04,disk,37.7750000,-122.4183333
2003-04,disk,35.9250000,-86.8688889
2003-04,disk,14.676041,121.0437
2003-04,disk,34.5113889,-93.2408333
2003-04,fireball,32.7152778,-117.1563889
2003-04,fireball,-1.396389,-78.424722
2003-04,cigar,34.0194444,-118.4902778
2003-04,cigar,32.972579,-96.834854
2003-04,chevron,34.1486111,-118.3955556
2003-05,oval,33.6863889,-117.6600000
2003-05,oval,32.8341667,-97.2286111
2003-05,,45.5,-73.583333
2003-05,,43.369174,5.631363
2003-05,,34.2977778,-83.8241667
2003-05,,44.0886111,-87.6575000
2003-05,,13.052414,80.250825
2003-05,,48.29001,-119.406729
2003-05,,39.3600000,-84.3100000
2003-05,,30.5080556,-97.6786111
2003-05,,40.8050000,-81.9352778
2003-05,,34.4358333,-119.8266667
2003-05,,30.984298,-91.962333
2003-05,,37.6811111,-122.1233333
2003-05,,30.5080556,-97.6786111
2003-05,,38.2541667,-85.7594444
2003-05,,51.5,-3.2
2003-05,cylinder,33.7513889,-84.7477778
2003-05,cylinder,36.4011111,-93.7377778
2003-05,triangle,44.05,-79.45
2003-05,triangle,35.9555556,-80.0055556
2003-05,triangle,40.7141667,-74.0063889
2003-05,triangle,47.9791667,-122.2008333
2003-05,triangle,45.489564,-73.820557
2003-05,triangle,-34.928661,138.598633
2003-05,triangle,52.350785,5.264702
2003-05,triangle,31.897423,54.356856
2003-05,triangle,39.3375000,-78.9183333
2003-05,light,54.5,-128.583333
2003-05,light,51.75,-1.25
2003-05,light,29.229602,-81.010845
2003-05,light,40.7205556,-76.1913889
2003-05,light,44.1986111,-88.6647222
2003-05,light,30.5080556,-97.6786111
2003-05,light,-38.11095,147.068024
2003-05,light,28.699369,-81.32689
2003-05,light,41.2736111,-82.8416667
2003-05,light,45.416667,-75.7
2003-05,light,29.4238889,-98.4933333
2003-05,light,52.466667,-1.916667
2003-05,light,42.2791667,-71.4166667
2003-05,light,49.683333,-115.983333
2003-05,light,40.5852778,-105.0838889
2003-05,light,52.083333,1.166667
2003-05,diamond,38.7297222,-120.7975000
2003-05,formation,48.5500000,-109.6833333
2003-05,changing,33.4213889,-81.6858333
2003-05,changing,40.7608333,-111.8902778
2003-05,sphere,41.6005556,-93.6088889
2003-05,sphere,33.8302778,-116.5444444
2003-05,sphere,50.683333,-4.683333
2003-05,sphere,53.133333,-1.2
2003-05,egg,50.7967,-1.083333
2003-05,disk,33.6408333,-117.6022222
2003-05,disk,-37.813938,144.963425
2003-05,disk,42.7480556,-71.8547222
2003-05,disk,33.4483333,-112.0733333
2003-05,disk,29.907448,-96.781645
2003-05,fireball,52.239989,4.450009
2003-05,teardrop,30.1658333,-81.7066667
2003-05,cigar,41.5936111,-87.6947222
2003-05,cigar,33.4483333,-112.0733333
2003-05,cigar,33.4483333,-112.0733333
2003-05,cigar,38.910841,-94.382172
2003-05,chevron,34.0194444,-118.4902778
2003-05,chevron,37.8869444,-122.2966667
2003-06,oval,42.6702778,-71.3025000
2003-06,oval,34.9919444,-86.8469444
2003-06,oval,46.8261111,-119.1741667
2003-06,,51.733333,-2.366667
2003-06,,30.9036111,-84.5755556
2003-06,,27.9091667,-82.7875000
2003-06,,41.0036111,-76.4552778
2003-06,,39.1405556,-121.6158333
2003-06,,47.7544444,-122.1622222
2003-06,,49.25,-123.133333
2003-06,,41.769753,-87.935893
2003-06,,54.4,-126.65
2003-06,,37.9000000,-86.7550000
2003-06,,39.0319444,-76.5030556
2003-06,,27.9472222,-82.4586111
2003-06,,32.7947222,-116.9616667
2003-06,,18.220833,-66.590149
2003-06,,29.2105556,-81.0230556
2003-06,,30.0463889,-94.8850000
2003-06,triangle,35.1405556,-85.2327778
2003-06,triangle,41.6005556,-93.6088889
2003-06,triangle,41.5066667,-90.5150000
2003-06,light,45.5236111,-122.6750000
2003-06,light,42.9955556,-71.4552778
2003-06,light,29.4238889,-98.4933333
2003-06,light,36.8527778,-75.9783333
2003-06,light,33.4483333,-112.0733333
2003-06,light,41.0602778,-111.9702778
2003-06,light,39.36069,-74.435443
2003-06,light,36.8527778,-75.9783333
2003-06,diamond,39.2902778,-76.6125000
2003-06,diamond,36.1333333,-98.5502778
2003-06,formation,38.0044444,-122.2977778
2003-06,formation,35.122573,-85.343849
2003-06,formation,34.5227778,-82.4944444
2003-06,circle,28.5380556,-81.3794444
2003-06,circle,32.7833333,-96.8000000
2003-06,circle,43.8422222,-88.8358333
2003-06,circle,39.5994444,-110.8100000
2003-06,circle,38.86468,-120.137278
2003-06,rectangle,36.1658333,-86.7844444
2003-06,rectangle,34.8986111,-117.0219444
2003-06,changing,39.1011111,-74.7180556
2003-06,changing,-35.27603,149.13435
2003-06,sphere,34.5400000,-112.4677778
2003-06,sphere,34.334639,-118.159079
2003-06,sphere,32.318231,-86.902298
2003-06,sphere,42.2141667,-83.1500000
2003-06,egg,34.9919444,-86.8466667
2003-06,egg,54.5,-128.583333
2003-06,egg,32.7325000,-89.5361111
2003-06,disk,37.7058333,-122.4608333
2003-06,disk,34.7302778,-86.5861111
2003-06,disk,35.232754,-106.663044
2003-06,disk,36.0155556,-86.5819444
2003-06,disk,40.6669444,-74.8961111
2003-06,disk,34.1083333,-117.2888889
2003-06,disk,40.7141667,-74.0063889
2003-06,disk,38.1366667,-93.1694444
2003-06,disk,41.6027778,-87.7438889
2003-06,fireball,47.1855556,-122.2916667
2003-06,teardrop,41.8500000,-87.6500000
2003-06,cigar,34.772013,32.429737
2003-06,cigar,43.837208,-79.508276
2003-06,cone,20.8783333,-156.6825000
2003-07,oval,35.7511111,-86.9300000
2003-07,oval,38.111526,-88.970108
2003-07,oval,53.416667,-3
2003-07,oval,44.306513,-91.996147
2003-07,oval,39.1433333,-77.2016667
2003-07,oval,53.273014,-2.769426
2003-07,oval,46.6022222,-120.5047222
2003-07,oval,42.5636111,-84.8358333
2003-07,oval,54.5,-128.583333
2003-07,,34.261118,-116.84503
2003-07,,48.783333,-123.7
2003-07,,46.3,-63.216667
2003-07,,47.4830556,-122.2158333
2003-07,,48.2766667,-116.5522222
2003-07,,34.51994,-105.87009
2003-07,,38.9125000,-75.4283333
2003-07,,40.7722222,-79.5300000
2003-07,,52.933333,-4.116667
2003-07,,41.8083333,-71.3375000
2003-07,,27.876394,-82.777858
2003-07,,49.516667,-115.766667
2003-07,,51.514125,-.093689
2003-07,,46.2858333,-119.2833333
2003-07,,52.966667,-1.166667
2003-07,,47.6741667,-122.1202778
2003-07,,41.8666667,-103.6666667
2003-07,,41.213673,-74.494364
2003-07,cylinder,42.3702778,-87.9019444
2003-07,triangle,34.9083333,-111.4625000
2003-07,triangle,34.2875000,-85.9941667
2003-07,triangle,35.584324,-78.800013
2003-07,triangle,34.5861111,-94.2394444
2003-07,triangle,45.8686111,-84.7277778
2003-07,triangle,34.8697222,-111.7602778
2003-07,triangle,34.9530556,-120.4347222
2003-07,triangle,45.416667,-75.7
2003-07,triangle,46.800569,-122.017018
2003-07,light,36.0644444,-75.7061111
2003-07,light,37.9513889,-91.7711111
2003-07,light,40.2322222,-76.8850000
2003-07,light,31.4227778,-103.4927778
2003-07,light,41.9561111,-121.4763889
2003-07,light,42.4405556,-76.4969444
2003-07,light,40.6805556,-122.3697222
2003-07,light,49.416667,-115.4
2003-07,light,48.4,-89.233333
2003-07,light,41.5236111,-90.5775000
2003-07,light,41.3572222,-88.4211111
2003-07,light,47.4019444,-122.3230556
2003-07,light,33.7800000,-118.2616667
2003-07,light,39.943757,-75.393681
2003-07,light,51.02081,-0.21921
2003-07,light,45.5200000,-123.1094444
2003-07,light,45.06,-74.91
2003-07,light,35.816389,-91.909444
2003-07,light,39.7391667,-104.9841667
2003-07,light,35.0886111,-92.4419444
2003-07,light,40.7250000,-73.2458333
2003-07,light,49.766667,-115.716667
2003-07,light,51.535849,4.465321
2003-07,light,54.988056,-1.619444
2003-07,light,38.9780556,-122.8383333
2003-07,light,36.1538889,-95.9925000
2003-07,light,47.4158333,-120.2919444
2003-07,light,60.566667,-140.403889
2003-07,formation,39.6291667,-75.6586111
2003-07,formation,41.0050000,-75.2800000
2003-07,formation,40.7141667,-74.0063889
2003-07,formation,36.9486111,-84.0969444
2003-07,formation,43.6136111,-116.2025000
2003-07,circle,46.2858333,-119.2833333
2003-07,circle,21.2827778,-157.8294444
2003-07,circle,32.7763889,-79.9311111
2003-07,circle,43.1547222,-77.6158333
2003-07,circle,47.6063889,-122.3308333
2003-07,circle,41.5336111,-84.9127778
2003-07,circle,49.216667,-122.916667
2003-07,circle,42.8713889,-112.4447222
2003-07,circle,54.5,-128.583333
2003-07,circle,45.583333,-72
2003-07,circle,33.9547222,-118.2111111
2003-07,rectangle,30.2452778,-85.6483333
2003-07,rectangle,43.75,-79.2
2003-07,changing,42.2011111,-85.5800000
2003-07,flash,49.84,-119.61
2003-07,sphere,47.0800000,-122.0502778
2003-07,sphere,33.0183333,-80.1758333
2003-07,sphere,38.6275000,-92.5663889
2003-07,sphere,29.7855556,-95.8241667
2003-07,sphere,45.5236111,-122.6750000
2003-07,sphere,51.514125,-.093689
2003-07,sphere,40.7141667,-74.0063889
2003-07,sphere,51.514125,-.093689
2003-07,egg,45.6388889,-122.6602778
2003-07,disk,34.048928,-111.093731
2003-07,disk,37.7944444,-95.1500000
2003-07,disk,42.534322,-74.254177
2003-07,disk,37.1288889,-84.0833333
2003-07,disk,32.7152778,-117.1563889
2003-07,disk,39.8913889,-75.0380556
2003-07,disk,29.31166,47.481766
2003-07,disk,41.4038889,-88.1116667
2003-07,disk,45.266667,-66.066667
2003-07,disk,33.9616667,-118.3522222
2003-07,disk,40.7208333,-73.2677778
2003-07,disk,24.5552778,-81.7827778
2003-07,disk,46.829939,-89.572519
2003-07,disk,32.7947222,-116.9616667
2003-07,disk,10.266182,123.997295
2003-07,fireball,44.1522222,-72.0377778
2003-07,fireball,41.8500000,-87.6500000
2003-07,fireball,45.0563889,-92.8058333
2003-07,fireball,41.8500000,-87.6500000
2003-07,fireball,29.7630556,-95.3630556
2003-07,fireball,43.316667,-79.8
2003-07,teardrop,31.3380556,-94.7288889
2003-07,teardrop,47.6063889,-122.3308333
2003-07,cigar,36.0458333,-108.9655556
2003-07,cigar,41.6005556,-93.6088889
2003-07,chevron,38.5472222,-122.8152778
2003-08,oval,34.8697222,-111.7602778
2003-08,oval,48.2325000,-101.2958333
2003-08,oval,42.1947222,-122.7083333
2003-08,oval,48.2325000,-101.2958333
2003-08,oval,46.7586111,-122.0297222
2003-08,oval,25.7738889,-80.1938889
2003-08,,28.3505556,-80.7255556
2003-08,,45.0861111,-93.2630556
2003-08,,40.177431,-74.629447
2003-08,,54.898521,23.903597
2003-08,,50.413532,-97.940939
2003-08,,29.2105556,-81.0230556
2003-08,,33.7488889,-84.3880556
2003-08,,41.4500000,-87.4700000
2003-08,,40.2986111,-83.0680556
2003-08,,33.4483333,-112.0733333
2003-08,,60.691944,-141.243333
2003-08,,29.9402778,-91.0247222
2003-08,,50.7,-3.533333
2003-08,,40.6627778,-73.5519444
2003-08,,49.25,-123.133333
2003-08,,41.8500000,-87.6500000
2003-08,,49.543185,8.351234
2003-08,,40.7230556,-74.3111111
2003-08,,52.466667,-1.916667
2003-08,,51.266667,-114.016667
2003-08,,29.7630556,-95.3630556
2003-08,,42.535793,-70.966568
2003-08,,54.5,-128.583333
2003-08,,46.5205556,-94.2883333
2003-08,cylinder,47.6063889,-122.3308333
2003-08,cylinder,36.1750000,-115.1363889
2003-08,triangle,41.5283333,-87.4236111
2003-08,triangle,53.075394,-1.39816
2003-08,triangle,29.7630556,-95.3630556
2003-08,triangle,35.1894444,-114.0522222
2003-08,triangle,37.8044444,-122.2697222
2003-08,triangle,34.0983333,-118.3258333
2003-08,triangle,30.1894444,-82.6394444
2003-08,triangle,49.166667,-121.95
2003-08,triangle,46.6022222,-120.5047222
2003-08,triangle,41.7594444,-80.9469444
2003-08,triangle,40.5725,-111.859722
2003-08,triangle,51.292669,6.054004
2003-08,triangle,46.6066667,-93.3136111
2003-08,light,34.0522222,-118.2427778
2003-08,light,45.416667,-75.7
2003-08,light,12.879721,121.774017
2003-08,light,54.4,-126.65
2003-08,light,41.2338889,-96.3533333
2003-08,light,34.0522222,-118.2427778
2003-08,light,37.1327778,-104.8483333
2003-08,light,34.0625000,-118.1219444
2003-08,light,51.25,.75
2003-08,light,35.3561111,-95.2652778
2003-08,light,34.274583,-81.618718
2003-08,light,38.6244444,-76.9394444
2003-08,light,47.45,-72.783333
2003-08,light,43.0730556,-89.4011111
2003-08,light,46.521858,-84.34609
2003-08,light,47.6816667,-122.2075000
2003-08,light,49.066667,-81.016667
2003-08,light,33.7458333,-117.8252778
2003-08,light,42.0986111,-75.9183333
2003-08,light,45.9933333,-123.9213889
2003-08,light,34.1083333,-117.2888889
2003-08,light,47.55,-52.666667
2003-08,light,48.5038889,-122.2361111
2003-08,light,33.827395,-78.642792
2003-08,light,36.7472222,-95.9805556
2003-08,light,43.0730556,-89.4011111
2003-08,light,29.4238889,-98.4933333
2003-08,light,40.5408333,-74.5880556
2003-08,light,37.9736111,-122.5300000
2003-08,light,29.132876,-80.980941
2003-08,light,43.75,-79.2
2003-08,light,43.8666667,-79.5
2003-08,light,33.8444444,-117.7763889
2003-08,diamond,34.0522222,-118.2427778
2003-08,diamond,41.7213889,-85.8175000
2003-08,diamond,34.8986111,-117.0219444
2003-08,diamond,46.216667,-63.483333
2003-08,formation,34.0702778,-117.3950000
2003-08,formation,46.3580556,-94.2005556
2003-08,formation,41.385064,2.173403
2003-08,formation,34.1347222,-116.3122222
2003-08,formation,48.1183333,-123.4294444
2003-08,circle,47.1955556,-120.9380556
2003-08,circle,43.0019444,-75.9772222
2003-08,circle,-30.034647,-51.217658
2003-08,circle,35.377546,-104.23378
2003-08,circle,32.5419444,-97.3205556
2003-08,circle,26.3583333,-80.0833333
2003-08,circle,41.4227778,-122.3850000
2003-08,circle,41.0813889,-81.5191667
2003-08,circle,50.9,-1.4
2003-08,rectangle,34.2083333,-77.7966667
2003-08,changing,42.5702,-82.507759
2003-08,changing,47.9791667,-122.2008333
2003-08,changing,33.9294444,-116.9763889
2003-08,flash,48.633082,-122.928982
2003-08,flash,46.22,-63.10
2003-08,flash,41.8072222,-77.0777778
2003-08,flash,36.7236111,-120.0588889
2003-08,flash,41.2338889,-96.3533333
2003-08,sphere,34.0483333,-117.2602778
2003-08,sphere,34.0522222,-118.2427778
2003-08,sphere,46.15,-60.166667
2003-08,sphere,43.25,-79.833333
2003-08,sphere,46.553733,-120.383162
2003-08,sphere,51.514125,-.093689
2003-08,sphere,51.5,-3.2
2003-08,cross,33.3527778,-111.7883333
2003-08,disk,41.2619444,-95.8608333
2003-08,disk,42.3241667,-83.4002778
2003-08,disk,34.6391667,-120.4569444
2003-08,disk,52.133333,-106.666667
2003-08,disk,33.7838889,-116.9577778
2003-08,disk,47.2530556,-122.4430556
2003-08,disk,45.416667,-75.7
2003-08,disk,37.292893,140.356975
2003-08,disk,43.6155556,-84.2472222
2003-08,disk,36.5950000,-82.1888889
2003-08,disk,54.5,-128.583333
2003-08,fireball,47.8555556,-121.9697222
2003-08,fireball,34.0094444,-118.1044444
2003-08,fireball,47.0044444,-122.5386111
2003-08,fireball,35.1883333,-98.2602778
2003-08,teardrop,40.7230556,-74.3111111
2003-08,teardrop,40.7141667,-74.0063889
2003-08,teardrop,35.493727,-118.85968
2003-08,cigar,47.6063889,-122.3308333
2003-08,cigar,29.4238889,-98.4933333
2003-08,cigar,30.6322222,-87.0397222
2003-08,cigar,37.6922222,-97.3372222
2003-08,cigar,38.5816667,-121.4933333
2003-08,chevron,44.56179,-80.452939
2003-08,chevron,32.221743,-110.926479
2003-08,chevron,53.533333,-1.116667
2003-08,cone,41.5627778,-83.6538889
2003-09,oval,44.0463889,-123.0208333
2003-09,oval,37.9513889,-91.7711111
2003-09,oval,41.1413889,-73.3583333
2003-09,oval,29.2855556,-81.0561111
2003-09,oval,39.5183333,-119.9877778
2003-09,oval,32.7152778,-117.1563889
2003-09,oval,32.514947,-117.038247
2003-09,oval,43.666667,-79.416667
2003-09,oval,38.2616667,-89.5013889
2003-09,oval,51.833333,-2.166667
2003-09,oval,43.945283,-79.969193
2003-09,oval,52.3,-1.116667
2003-09,,39.9611111,-82.9988889
2003-09,,39.7391667,-104.9841667
2003-09,,47.2530556,-122.4430556
2003-09,,37.4283333,-121.9055556
2003-09,,38.9988889,-84.6266667
2003-09,,35.6869444,-105.9372222
2003-09,,44.6286111,-74.8141667
2003-09,,35.2147222,-80.0025000
2003-09,,41.2586111,-95.9375000
2003-09,,37.2575000,-87.1511111
2003-09,,40.8000000,-96.6666667
2003-09,,52.664913,-1.034894
2003-09,,46.6022222,-120.5047222
2003-09,,42.5391667,-82.9494444
2003-09,,47.6063889,-122.3308333
2003-09,,38.7725000,-112.0833333
2003-09,,40.7141667,-74.0063889
2003-09,,38.0627778,-91.4033333
2003-09,,33.4483333,-112.0733333
2003-09,,30.4380556,-84.2808333
2003-09,cylinder,34.0105556,-95.5094444
2003-09,triangle,44.0977778,-70.2316667
2003-09,triangle,36.1658333,-86.7844444
2003-09,triangle,27.9655556,-82.8002778
2003-09,triangle,37.3394444,-121.8938889
2003-09,triangle,36.5950000,-82.1888889
2003-09,triangle,46.9422222,-122.6047222
2003-09,triangle,44.2194444,-123.2044444
2003-09,triangle,25.7738889,-80.1938889
2003-09,triangle,30.3580556,-90.0655556
2003-09,triangle,26.1219444,-80.1436111
2003-09,triangle,42.1033333,-88.3727778
2003-09,triangle,28.5380556,-81.3794444
2003-09,triangle,40.5852778,-105.0838889
2003-09,triangle,47.2358333,-122.5491667
2003-09,triangle,39.2672222,-76.7986111
2003-09,triangle,53.2,-2.916667
2003-09,triangle,26.1219444,-80.1436111
2003-09,triangle,33.3061111,-111.8405556
2003-09,triangle,38.0608333,-97.9294444
2003-09,triangle,43.5758333,-124.1738889
2003-09,triangle,37.332163,-122.055334
2003-09,light,48.1988889,-122.1238889
2003-09,light,47.5,-76.7
2003-09,light,42.3683333,-88.8219444
2003-09,light,47.6063889,-122.3308333
2003-09,light,44.1669444,-74.5383333
2003-09,light,32.7252778,-97.3205556
2003-09,light,49.9,-119.483333
2003-09,light,44.175278,-87.649167
2003-09,light,44.1811111,-75.2825000
2003-09,light,41.5783333,-70.5591667
2003-09,light,45.5236111,-122.6750000
2003-09,light,38.9516667,-92.3338889
2003-09,light,33.6355556,-96.6086111
2003-09,light,32.4366667,-111.2247222
2003-09,light,46.983182,-120.41701
2003-09,light,39.8680556,-104.9713889
2003-09,light,31.4144444,-86.0677778
2003-09,light,40.6916667,-81.1813889
2003-09,light,33.6888889,-78.8869444
2003-09,light,42.5391667,-82.9494444
2003-09,light,43.866667,-79.433333
2003-09,light,42.2791667,-71.4166667
2003-09,light,38.7741667,-87.3077778
2003-09,light,45.5236111,-122.6750000
2003-09,light,48.0152778,-122.0625000
2003-09,light,39.7391667,-104.9841667
2003-09,light,47.0561111,-93.9158333
2003-09,light,40.2247222,-105.2708333
2003-09,light,38.9974000,-94.1440000
2003-09,light,48.7597222,-122.4869444
2003-09,light,33.6355556,-96.6086111
2003-09,light,47.4066667,-122.0375000
2003-09,diamond,27.7705556,-82.6794444
2003-09,diamond,51.266667,-114.016667
2003-09,formation,46.550684,-119.488974
2003-09,formation,47.6063889,-122.3308333
2003-09,formation,39.7391667,-104.9841667
2003-09,formation,47.2530556,-122.4430556
2003-09,formation,29.4238889,-98.4933333
2003-09,circle,35.7330556,-81.3413889
2003-09,circle,51.266667,-114.016667
2003-09,circle,40.7683333,-74.1458333
2003-09,circle,38.5891667,-121.3016667
2003-09,circle,38.8047222,-77.0472222
2003-09,circle,26.2030556,-98.2297222
2003-09,circle,42.1155556,-75.9591667
2003-09,circle,40.7438889,-74.0327778
2003-09,circle,32.6788889,-115.4980556
2003-09,circle,37.4688889,-122.1400000
2003-09,circle,37.9063889,-122.0638889
2003-09,circle,37.1297222,-80.4091667
2003-09,circle,33.6888889,-78.8869444
2003-09,circle,51.514125,-.093689
2003-09,circle,32.2216667,-110.9258333
2003-09,circle,48.1988889,-122.1238889
2003-09,rectangle,35.3786111,-81.3791667
2003-09,changing,36.1627778,-85.5016667
2003-09,changing,41.5783333,-70.5591667
2003-09,changing,39.7683333,-86.1580556
2003-09,flash,37.1041667,-113.5833333
2003-09,flash,48.5038889,-122.2361111
2003-09,flash,40.3469444,-74.0647222
2003-09,flash,32.7591667,-97.7969444
2003-09,flash,29.4238889,-98.4933333
2003-09,sphere,39.7683333,-86.1580556
2003-09,sphere,33.9841667,-88.4880556
2003-09,sphere,20.299546,-103.263441
2003-09,sphere,39.2505556,-76.5208333
2003-09,sphere,50.666667,-120.333333
2003-09,sphere,40.7141667,-74.0063889
2003-09,sphere,38.3122222,-109.2475000
2003-09,sphere,34.6980556,-118.1358333
2003-09,egg,46.072735,18.232266
2003-09,egg,35.6869444,-105.9372222
2003-09,cross,37.9886111,-84.4777778
2003-09,disk,45.5200000,-123.0586111
2003-09,disk,33.6888889,-78.8869444
2003-09,disk,44.9633333,-73.5877778
2003-09,disk,36.7069444,-97.0852778
2003-09,disk,53.166667,-1.583333
2003-09,disk,40.2794444,-86.5108333
2003-09,fireball,30.4211111,-87.2169444
2003-09,fireball,37.4850000,-119.9652778
2003-09,fireball,41.9238889,-89.0686111
2003-09,fireball,26.575128,-80.063918
2003-09,fireball,36.2441667,-80.8486111
2003-09,teardrop,53.019796,6.741305
2003-09,teardrop,35.61251,-106.350511
2003-09,cigar,51.266667,-1.083333
2003-09,cigar,36.3352778,-92.3850000
2003-09,cigar,26.7052778,-80.0366667
2003-09,cigar,32.827806,-96.973687
2003-09,cigar,51.514125,-.093689
2003-10,oval,42.0986111,-75.9183333
2003-10,oval,41.8500000,-87.6500000
2003-10,oval,40.6686111,-73.5275000
2003-10,oval,35.1980556,-111.6505556
2003-10,oval,46.8397222,-119.0511111
2003-10,oval,41.7791667,-83.5688889
2003-10,oval,34.0952778,-118.1261111
2003-10,oval,43.1897222,-112.5338889
2003-10,oval,34.2308333,-111.3244444
2003-10,oval,42.8713889,-112.4447222
2003-10,,44.5647222,-123.2608333
2003-10,,25.789097,-80.204044
2003-10,,35.631159,-98.317285
2003-10,,28.8997222,-82.3747222
2003-10,,39.4808333,-84.4577778
2003-10,,47.4830556,-122.2158333
2003-10,,36.7477778,-119.7713889
2003-10,,35.1302778,-96.7755556
2003-10,,41.6833333,-86.2500000
2003-10,,42.7836111,-76.5594444
2003-10,,52.983333,-122.483333
2003-10,,29.7352778,-94.9772222
2003-10,,33.7669444,-118.1883333
2003-10,,39.6977778,-76.0630556
2003-10,,52.983333,-122.483333
2003-10,,39.7972222,-84.3113889
2003-10,,-33.861481,151.205475
2003-10,,43.25,-79.833333
2003-10,,38.3500000,-104.7222222
2003-10,,39.7683333,-86.1580556
2003-10,,33.2055556,-80.6480556
2003-10,cylinder,48.433333,-71.066667
2003-10,triangle,30.3077778,-104.0186111
2003-10,triangle,37.3394444,-121.8938889
2003-10,triangle,38.9783333,-76.4925000
2003-10,triangle,43.6136111,-116.2025000
2003-10,triangle,48.2413889,-122.3694444
2003-10,triangle,45.7544444,-122.8763889
2003-10,light,38.9805556,-76.3147222
2003-10,light,30.2238889,-92.0197222
2003-10,light,39.9336111,-82.4725000
2003-10,light,40.2986111,-83.0680556
2003-10,light,39.5152778,-84.6094444
2003-10,light,34.1866667,-118.4480556
2003-10,light,46.216667,-63.483333
2003-10,light,36.778261,-119.417932
2003-10,light,39.9611111,-82.9988889
2003-10,light,40.8825000,-74.3819444
2003-10,light,51.396531,0.177326
2003-10,light,43.3269444,-83.0802778
2003-10,light,41.5716667,-101.6911111
2003-10,light,38.8813889,-94.8188889
2003-10,light,29.7630556,-95.3630556
2003-10,light,57.186758,-111.636785
2003-10,light,53.630507,-122.663428
2003-10,light,37.3394444,-121.8938889
2003-10,diamond,39.4277778,-86.4283333
2003-10,formation,43.0480556,-76.1477778
2003-10,formation,41.6266667,-93.7119444
2003-10,circle,32.9480556,-96.7294444
2003-10,circle,34.493484,-118.21636
2003-10,circle,34.7463889,-92.2894444
2003-10,circle,35.7069444,-118.4552778
2003-10,changing,41.5316667,-89.2797222
2003-10,changing,25.566699,-108.467305
2003-10,changing,36.5483333,-82.5619444
2003-10,changing,36.6102778,-88.3147222
2003-10,flash,34.4463889,-82.3916667
2003-10,sphere,33.4483333,-112.0733333
2003-10,sphere,29.8641667,-82.1311111
2003-10,sphere,34.0752778,-84.2941667
2003-10,sphere,30.4380556,-84.2808333
2003-10,sphere,40.7141667,-74.0063889
2003-10,sphere,36.6322222,-93.6341667
2003-10,sphere,-33.924868,18.424055
2003-10,cross,37.6922222,-97.3372222
2003-10,disk,39.8016667,-89.6436111
2003-10,disk,41.5580556,-73.0519444
2003-10,disk,43.61887,-80.144189
2003-10,disk,33.5508333,-79.0416667
2003-10,disk,32.7866667,-79.7950000
2003-10,disk,47.4705556,-122.3455556
2003-10,fireball,33.8816667,-118.1161111
2003-10,fireball,35.3083333,-77.1544444
2003-10,fireball,30.3319444,-81.6558333
2003-10,fireball,36.7097222,-81.9775000
2003-10,fireball,42.8666667,-88.3333333
2003-10,fireball,54.4,-126.65
2003-10,fireball,36.663447,-87.47739
2003-10,fireball,33.5172222,-82.0758333
2003-10,cigar,46.2677778,-89.1777778
2003-10,cigar,26.3180556,-80.1000000
2003-10,cigar,30.0033333,-91.8186111
2003-10,cigar,40.773662,-81.460856
2003-10,cigar,40.7608333,-111.8902778
2003-10,chevron,46.6461111,-94.3344444
2003-10,chevron,39.0875000,-81.9227778
2003-10,chevron,39.7391667,-104.9841667
2003-10,cone,47.6063889,-122.3308333
2003-10,cone,42.7875000,-86.1088889
2003-11,oval,55.64191,12.087845
2003-11,oval,35.0844444,-106.6505556
2003-11,oval,42.9633333,-85.6680556
2003-11,oval,19.075984,72.877656
2003-11,oval,35.6308333,-91.4602778
2003-11,,34.6086111,-98.3900000
2003-11,,41.993389,-79.502828
2003-11,,33.6741667,-94.1311111
2003-11,,33.4147222,-111.9086111
2003-11,,37.8091667,-85.4669444
2003-11,,38.893002,-77.045526
2003-11,,34.1991667,-118.1869444
2003-11,,41.6977778,-72.7241667
2003-11,,42.2711111,-89.0938889
2003-11,,34.9494444,-81.9322222
2003-11,,38.1838889,-83.4327778
2003-11,,43.6613889,-70.2558333
2003-11,,40.8152778,-73.0455556
2003-11,,46.729553,-94.6859
2003-11,,36.2686111,-76.5361111
2003-11,,25.7738889,-80.1938889
2003-11,,30.0797222,-95.4169444
2003-11,,47.6063889,-122.3308333
2003-11,,40.7141667,-74.0063889
2003-11,triangle,35.8808333,-84.5086111
2003-11,triangle,34.4436111,-118.6086111
2003-11,triangle,41.9994444,-88.1450000
2003-11,triangle,40.4991667,-74.3994444
2003-11,triangle,42.4775000,-83.0277778
2003-11,triangle,44.2891667,-69.2513889
2003-11,triangle,40.7141667,-74.0063889
2003-11,triangle,32.7152778,-117.1563889
2003-11,triangle,33.5386111,-112.1852778
2003-11,triangle,40.2308333,-75.5225000
2003-11,triangle,40.633125,-89.398528
2003-11,triangle,40.7141667,-74.0063889
2003-11,triangle,34.0522222,-118.2427778
2003-11,triangle,40.2413889,-75.2841667
2003-11,triangle,39.2544444,-76.7002778
2003-11,triangle,35.868034,-92.003053
2003-11,triangle,41.9444444,-71.2861111
2003-11,triangle,40.0788889,-93.6163889
2003-11,triangle,33.7475000,-116.9711111
2003-11,triangle,41.0086111,-91.9625000
2003-11,light,37.0808333,-119.4844444
2003-11,light,31.3352778,-109.9475000
2003-11,light,32.7833333,-96.8000000
2003-11,light,53.7,-1.483333
2003-11,light,47.375658,-121.868444
2003-11,light,45.373902,-84.496697
2003-11,light,33.8752778,-117.5655556
2003-11,light,38.7244444,-83.0133333
2003-11,light,46.2677778,-89.1777778
2003-11,light,41.8500000,-87.6500000
2003-11,light,34.0522222,-118.2427778
2003-11,light,35.2269444,-80.8433333
2003-11,light,32.2216667,-110.9258333
2003-11,light,28.8002778,-81.2733333
2003-11,light,46.183333,-62.883333
2003-11,light,40.9275000,-73.9977778
2003-11,light,37.2266667,-121.9736111
2003-11,light,38.7244444,-83.0133333
2003-11,light,49.9,-119.483333
2003-11,light,-26.899363,152.956306
2003-11,light,43.666667,-79.416667
2003-11,light,42.4605556,-83.6516667
2003-11,light,37.5880556,-90.6288889
2003-11,light,34.0555556,-117.1816667
2003-11,diamond,42.3211111,-85.1797222
2003-11,diamond,37.949888,27.370142
2003-11,formation,29.9744444,-92.1341667
2003-11,formation,40.7141667,-74.0063889
2003-11,formation,40.7875000,-73.8463889
2003-11,circle,42.1250000,-71.1027778
2003-11,circle,32.7152778,-117.1563889
2003-11,circle,33.9533333,-117.3952778
2003-11,circle,34.5025000,-84.9511111
2003-11,circle,45.416667,-75.7
2003-11,circle,46.5483333,-110.9013889
2003-11,circle,37.9236111,-104.9297222
2003-11,changing,35.8944444,-79.9911111
2003-11,changing,30.36742,-89.092816
2003-11,flash,43.5455556,-116.8122222
2003-11,flash,32.7833333,-96.8000000
2003-11,sphere,26.0713889,-97.4761111
2003-11,sphere,40.2247222,-105.2708333
2003-11,sphere,32.5888889,-96.3086111
2003-11,sphere,53.8,-2.233333
2003-11,sphere,43.9,-78.866667
2003-11,sphere,33.2938889,-111.0955556
2003-11,sphere,48.831635,-64.486902
2003-11,egg,50.716667,-1.883333
2003-11,disk,41.0391667,-96.3680556
2003-11,disk,-37.813938,144.963425
2003-11,disk,36.8527778,-75.9783333
2003-11,disk,40.7141667,-74.0063889
2003-11,disk,37.566535,126.977969
2003-11,disk,34.0900000,-117.8894444
2003-11,disk,30.3155556,-89.2475000
2003-11,disk,45.7858333,-92.3808333
2003-11,disk,27.9375000,-82.2861111
2003-11,disk,32.2686111,-107.7580556
2003-11,fireball,49.25,-123.133333
2003-11,fireball,42.4927778,-92.3427778
2003-11,fireball,49.25,-122.95
2003-11,fireball,48.0841667,-121.9675000
2003-11,fireball,36.3433333,-106.1880556
2003-11,fireball,32.7152778,-117.1563889
2003-11,fireball,45.6625000,-110.5602778
2003-11,cigar,40.7141667,-74.0063889
2003-11,cone,33.2097222,-87.5691667
2003-12,oval,38.0863889,-83.1263889
2003-12,oval,37.7750000,-122.4183333
2003-12,oval,32.2686111,-107.7580556
2003-12,oval,40.5186111,-74.4125000
2003-12,oval,43.263013,-2.934985
2003-12,oval,32.9411111,-97.1338889
2003-12,,39.1652778,-86.5263889
2003-12,,38.8794444,-82.9969444
2003-12,,36.1538889,-95.9925000
2003-12,,41.3966667,-73.0763889
2003-12,,34.6855556,-82.9533333
2003-12,,9.931233,76.267304
2003-12,,37.0113889,-95.9350000
2003-12,,37.7361111,-120.9344444
2003-12,,37.1800000,-89.6550000
2003-12,,40.9275000,-73.9977778
2003-12,,-2.170998,-79.922359
2003-12,,29.7630556,-95.3630556
2003-12,,37.690968,-122.310752
2003-12,,39.5775000,-123.7736111
2003-12,,47.2530556,-122.4430556
2003-12,,43.0183333,-78.6969444
2003-12,,47.2530556,-122.4430556
2003-12,,41.4169444,-81.6061111
2003-12,,32.7947222,-116.9616667
2003-12,,52.355518,-1.17432
2003-12,,42.4394444,-83.7438889
2003-12,triangle,39.9527778,-105.1680556
2003-12,triangle,40.868788,-73.061533
2003-12,triangle,37.6305556,-122.4100000
2003-12,triangle,39.6416667,-77.7202778
2003-12,triangle,42.4894444,-83.1447222
2003-12,triangle,34.1283333,-117.2077778
2003-12,triangle,32.234587,-97.755306
2003-12,light,43.1302778,-77.4758333
2003-12,light,40.5866667,-122.3905556
2003-12,light,38.4219444,-77.4086111
2003-12,light,38.8047222,-77.0472222
2003-12,light,37.6938889,-85.8591667
2003-12,light,38.3397222,-122.7000000
2003-12,light,47.44732,-122.45985
2003-12,light,32.9622222,-108.6105556
2003-12,light,38.780114,-77.386653
2003-12,light,28.2916667,-81.4077778
2003-12,light,43.066667,-79.95
2003-12,light,34.1477778,-118.1436111
2003-12,light,42.670782,-83.032993
2003-12,light,36.8744444,-94.8772222
2003-12,light,41.898794,-87.946681
2003-12,light,44.372973,-71.950838
2003-12,diamond,37.3394444,-121.8938889
2003-12,diamond,50.833333,-119
2003-12,diamond,33.8352778,-117.9136111
2003-12,formation,38.9716667,-95.2350000
2003-12,circle,38.1302778,-121.2713889
2003-12,circle,47.3811111,-122.2336111
2003-12,circle,19.4975000,-154.9508333
2003-12,circle,44.9430556,-123.0338889
2003-12,circle,35.6469444,-117.8116667
2003-12,circle,35.0525000,-78.8786111
2003-12,circle,38.2972222,-122.2844444
2003-12,rectangle,30.4952778,-97.9230556
2003-12,rectangle,-39.492844,176.912018
2003-12,sphere,29.1894444,-98.8622222
2003-12,sphere,34.0522222,-118.2427778
2003-12,sphere,46.5927778,-112.0352778
2003-12,sphere,51.266667,-114.016667
2003-12,sphere,41.2402778,-75.9450000
2003-12,egg,37.9747222,-87.5558333
2003-12,egg,45.3322222,-97.5197222
2003-12,cross,33.6850000,-117.2722222
2003-12,disk,27.3361111,-82.5308333
2003-12,disk,43.604652,1.444209
2003-12,disk,33.4708333,-81.9750000
2003-12,disk,34.9386111,-82.2272222
2003-12,disk,32.9050000,-80.6669444
2003-12,disk,34.8697222,-111.7602778
2003-12,disk,34.1013889,-84.5194444
2003-12,fireball,40.3100000,-75.1302778
2003-12,fireball,51.89408,-102.259836
2003-12,fireball,37.2938889,-87.1233333
2003-12,fireball,47.6063889,-122.3308333
2003-12,fireball,37.0058333,-121.5672222
2003-12,fireball,38.8047222,-77.0472222
2003-12,cigar,45.1666667,-68.8450000
2003-12,cigar,25.4683333,-80.4777778
2003-12,cigar,46.8722222,-113.9930556
2003-12,cone,34.955447,-117.912853
2004-01,oval,47.6063889,-122.3308333
2004-01,oval,35.5780556,-108.3213889
2004-01,oval,29.7630556,-95.3630556
2004-01,,34.3697222,-83.2352778
2004-01,,41.4858333,-73.0511111
2004-01,,32.2986111,-90.1847222
2004-01,,20.798363,-156.331925
2004-01,,35.0844444,-106.6505556
2004-01,,32.9311111,-96.4594444
2004-01,,29.2163889,-82.0577778
2004-01,,40.9483333,-74.6175000
2004-01,,40.8358333,-78.8766667
2004-01,,32.9311111,-96.4594444
2004-01,,40.164579,-74.208267
2004-01,cylinder,45.4077778,-122.5691667
2004-01,triangle,41.2097222,-93.8463889
2004-01,triangle,53.032812,-7.298793
2004-01,triangle,31.7586111,-106.4863889
2004-01,triangle,39.8494444,-75.3561111
2004-01,triangle,38.8813889,-94.8188889
2004-01,triangle,36.778261,-119.417932
2004-01,triangle,34.0027778,-84.1447222
2004-01,light,51.514125,-.093689
2004-01,light,38.3686111,-93.7780556
2004-01,light,44.0977778,-70.2316667
2004-01,light,32.9544444,-97.0147222
2004-01,light,35.3255556,-112.8766667
2004-01,light,42.5555556,-72.0680556
2004-01,light,25.8897222,-80.1869444
2004-01,light,-20.917574,142.702796
2004-01,light,32.755488,-97.330766
2004-01,light,35.1980556,-111.6505556
2004-01,formation,42.3583333,-71.0602778
2004-01,formation,46.0038889,-112.5338889
2004-01,circle,43.7508333,-87.7144444
2004-01,circle,38.45312,-85.670241
2004-01,circle,40.2077778,-75.0730556
2004-01,circle,43.2488889,-70.5997222
2004-01,circle,41.2888889,-72.6822222
2004-01,rectangle,33.9611111,-116.5008333
2004-01,rectangle,-33.417358,149.581284
2004-01,changing,41.7658333,-83.6280556
2004-01,changing,33.7488889,-84.3880556
2004-01,sphere,34.5058333,-109.3602778
2004-01,sphere,33.9191667,-118.4155556
2004-01,sphere,48.50389,-122.23611
2004-01,egg,36.5950000,-82.1888889
2004-01,egg,37.3769444,-77.5061111
2004-01,egg,37.6688889,-122.0797222
2004-01,egg,39.9258333,-75.1200000
2004-01,egg,37.6688889,-122.0797222
2004-01,disk,40.3355556,-75.9272222
2004-01,disk,-33.924868,18.424055
2004-01,disk,36.3916667,-75.9800000
2004-01,fireball,34.3675000,-77.7108333
2004-01,fireball,41.1305556,-85.1288889
2004-01,fireball,37.6144444,-93.4102778
2004-01,fireball,44.9800000,-93.2636111
2004-01,fireball,38.9822222,-94.6705556
2004-01,fireball,39.4097222,-123.3544444
2004-01,cigar,43.41136,-106.280024
2004-01,cigar,35.3255556,-112.8766667
2004-01,cigar,35.0866667,-89.8100000
2004-02,oval,41.8530556,-74.1394444
2004-02,,45.8563889,-96.9200000
2004-02,,35.0716667,-81.6500000
2004-02,,-37.813938,144.963425
2004-02,,38.1075000,-122.5686111
2004-02,,28.5380556,-81.3794444
2004-02,,42.4527778,-75.0641667
2004-02,,42.1666667,-83.7816667
2004-02,,44.0583333,-121.3141667
2004-02,,51.9756,5.33845
2004-02,,33.3761111,-110.7530556
2004-02,,35.6708333,-80.4744444
2004-02,,40.8808333,-88.6297222
2004-02,,33.938371,-80.364638
2004-02,cylinder,35.2480556,-93.0488889
2004-02,triangle,30.4055556,-86.6188889
2004-02,triangle,32.3641667,-88.7036111
2004-02,triangle,42.8666667,-106.3125000
2004-02,triangle,39.7588889,-84.1916667
2004-02,light,51.514125,-.093689
2004-02,light,45.3144444,-107.3625000
2004-02,light,47.4830556,-122.2158333
2004-02,light,49.133333,-122.3
2004-02,light,33.9533333,-117.3952778
2004-02,light,44.233333,-76.483333
2004-02,light,35.696111,51.423056
2004-02,light,34.8038889,-81.2394444
2004-02,light,38.6772222,-87.5286111
2004-02,light,21.161908,-86.851528
2004-02,light,37.3394444,-121.8938889
2004-02,light,45.666667,-72.15
2004-02,light,42.7119444,-76.0288889
2004-02,light,47.4236111,-120.3091667
2004-02,light,41.7625000,-70.7222222
2004-02,light,47.4625000,-92.5397222
2004-02,light,40.258946,-74.123996
2004-02,light,56.089141,-96.101163
2004-02,light,41.652202,-71.576894
2004-02,light,45.607126,-74.604189
2004-02,diamond,30.0797222,-95.4169444
2004-02,formation,34.048928,-111.093731
2004-02,formation,47.7180556,-116.9505556
2004-02,formation,36.1538889,-95.9925000
2004-02,circle,32.2216667,-110.9258333
2004-02,circle,40.8455556,-74.0883333
2004-02,circle,33.663914,-114.229949
2004-02,circle,40.5472222,-86.5244444
2004-02,circle,33.5091667,-111.8983333
2004-02,circle,38.0330556,-122.2658333
2004-02,circle,40.9255556,-73.1413889
2004-02,circle,53.299814,-6.501024
2004-02,circle,40.6083333,-75.4905556
2004-02,circle,32.2216667,-110.9258333
2004-02,circle,29.4238889,-98.4933333
2004-02,changing,44.2727778,-121.1727778
2004-02,changing,48.1183333,-123.4294444
2004-02,sphere,35.2619444,-81.1875000
2004-02,sphere,41.3450000,-81.5286111
2004-02,sphere,33.7091667,-117.1963889
2004-02,egg,33.6694444,-117.8222222
2004-02,egg,40.4405556,-79.9961111
2004-02,disk,32.6958333,-97.6019444
2004-02,disk,33.4483333,-112.0733333
2004-02,disk,40.858433,-74.163755
2004-02,disk,40.6669444,-75.1577778
2004-02,disk,33.4222222,-111.8219444
2004-02,disk,-23.697479,133.883621
2004-02,disk,36.5950000,-82.1888889
2004-02,fireball,40.7563889,-73.6452778
2004-02,fireball,38.9686111,-77.3413889
2004-02,fireball,35.7825000,-80.8875000
2004-02,fireball,40.7141667,-74.0063889
2004-02,fireball,42.5000000,-71.5833333
2004-02,fireball,54.267778,-110.750833
2004-02,fireball,46.3,-79.45
2004-02,fireball,47.6063889,-122.3308333
2004-02,teardrop,43.2369444,-94.0411111
2004-02,cigar,39.2050000,-76.6530556
2004-03,oval,33.7358333,-94.5727778
2004-03,oval,33.3427778,-118.3269444
2004-03,oval,52.698223,5.222918
2004-03,,28.5491667,-81.7730556
2004-03,,54.283333,-125.833333
2004-03,,42.6333333,-71.3166667
2004-03,,41.4200000,-73.9550000
2004-03,,64.133333,-21.933333
2004-03,,37.4083333,-102.6138889
2004-03,,26.9616667,-82.3527778
2004-03,,31.905079,-110.990341
2004-03,,41.1400000,-104.8197222
2004-03,,40.4861111,-74.4522222
2004-03,,28.5380556,-81.3794444
2004-03,,37.9736111,-122.5300000
2004-03,,46.9966667,-120.5466667
2004-03,,47.0075000,-122.9080556
2004-03,cylinder,47.6063889,-122.3308333
2004-03,triangle,40.8766667,-73.3250000
2004-03,triangle,40.7594444,-82.5902778
2004-03,triangle,50.833333,-.15
2004-03,triangle,51.833333,-.25
2004-03,triangle,37.6688889,-122.0797222
2004-03,triangle,40.8577778,-74.4263889
2004-03,triangle,40.8527778,-73.1155556
2004-03,light,34.4436111,-118.6086111
2004-03,light,37.3394444,-121.8938889
2004-03,light,40.3355556,-75.9272222
2004-03,light,41.2841667,-81.0966667
2004-03,light,42.3952778,-94.6336111
2004-03,light,36.8572222,-88.3502778
2004-03,light,40.8813889,-82.6619444
2004-03,light,53.916667,-122.766667
2004-03,light,31.1036111,-82.5733333
2004-03,light,45.5647222,-88.6738889
2004-03,light,64.8377778,-147.7163889
2004-03,light,33.4355556,-112.3488889
2004-03,light,39.8966667,-79.9747222
2004-03,light,38.9716667,-95.2350000
2004-03,light,33.0580556,-112.0469444
2004-03,light,40.5533333,-85.1500000
2004-03,light,40.0377778,-76.3058333
2004-03,light,41.7383333,-95.7025000
2004-03,light,36.1750000,-115.1363889
2004-03,light,48.1958333,-114.3119444
2004-03,diamond,37.4136111,-79.1425000
2004-03,diamond,25.047664,55.181741
2004-03,diamond,38.9330556,-104.6080556
2004-03,formation,53.55,-113.5
2004-03,formation,29.7630556,-95.3630556
2004-03,formation,36.142124,-86.701016
2004-03,circle,33.7488889,-84.3880556
2004-03,circle,36.0652778,-119.0158333
2004-03,circle,49.1,-117.716667
2004-03,circle,50.964704,-119.163761
2004-03,circle,39.0061111,-85.6236111
2004-03,circle,41.885278,-72.261389
2004-03,circle,27.4986111,-82.5750000
2004-03,circle,32.7152778,-117.1563889
2004-03,circle,37.9780556,-122.0300000
2004-03,changing,33.1019444,-82.8038889
2004-03,changing,42.7261111,-71.1913889
2004-03,changing,35.273967,-88.032252
2004-03,changing,41.0338889,-73.7633333
2004-03,changing,39.7391667,-104.9841667
2004-03,flash,35.2827778,-120.6586111
2004-03,sphere,27.3361111,-82.5308333
2004-03,sphere,48.366667,-53.866667
2004-03,sphere,43.666667,-79.416667
2004-03,sphere,22.396428,114.109497
2004-03,sphere,39.7941667,-91.5230556
2004-03,sphere,30.4063889,-87.6836111
2004-03,egg,32.7677778,-117.0222222
2004-03,egg,42.683333,-81.797222
2004-03,disk,47.4602778,-114.8819444
2004-03,disk,40.8766667,-73.3250000
2004-03,disk,42.8741667,-77.2883333
2004-03,disk,19.432608,-99.133208
2004-03,disk,51.55,-103.966667
2004-03,disk,40.581761,-104.983766
2004-03,fireball,45.416667,-75.7
2004-03,fireball,43.15,-79.5
2004-03,fireball,33.4708333,-81.9750000
2004-03,fireball,40.2344444,-84.4094444
2004-03,fireball,46.4477778,-120.4191667
2004-03,teardrop,40.6836111,-73.5105556
2004-03,teardrop,43.2341667,-86.2483333
2004-03,cigar,32.7152778,-117.1563889
2004-03,cigar,12.971599,77.594563
2004-03,cigar,37.7261111,-77.0230556
2004-03,chevron,34.2255556,-77.9450000
2004-03,chevron,33.4355556,-112.3488889
2004-04,oval,33.6102778,-114.5955556
2004-04,oval,51.083333,-114.083333
2004-04,oval,35.0525000,-78.8786111
2004-04,oval,28.5380556,-81.3794444
2004-04,,53.760861,-98.813876
2004-04,,52.566667,-1.55
2004-04,,33.8702778,-117.9244444
2004-04,,40.7141667,-74.0063889
2004-04,,47.6063889,-122.3308333
2004-04,,44.166667,-77.383333
2004-04,,42.560184,-90.36542
2004-04,,35.1477778,-114.5675000
2004-04,,33.8838889,-84.5144444
2004-04,,40.8372222,-81.2597222
2004-04,,-36.84846,174.763332
2004-04,,35.9605556,-83.9208333
2004-04,,35.9669444,-83.1877778
2004-04,,45.5236111,-122.6750000
2004-04,,28.5380556,-81.3794444
2004-04,,38.6447222,-121.2711111
2004-04,,33.639099,-112.395758
2004-04,,38.0050000,-121.8047222
2004-04,,41.5733333,-87.7844444
2004-04,cylinder,39.7391667,-104.9841667
2004-04,cylinder,42.1416667,-71.3972222
2004-04,cylinder,35.2783333,-93.1336111
2004-04,cylinder,47.6063889,-122.3308333
2004-04,triangle,49.9,-119.483333
2004-04,triangle,51.514125,-.093689
2004-04,triangle,41.9761111,-72.5922222
2004-04,triangle,34.0522222,-118.2427778
2004-04,triangle,40.7441667,-73.4825000
2004-04,triangle,37.315326,-93.5852
2004-04,triangle,40.6669444,-111.8872222
2004-04,triangle,32.7833333,-96.8000000
2004-04,triangle,-37.813938,144.963425
2004-04,triangle,28.061407,-82.302313
2004-04,triangle,40.7722222,-79.5300000
2004-04,triangle,49.136353351,-122.821343315
2004-04,triangle,33.6411111,-117.9177778
2004-04,triangle,33.183126,-102.82689
2004-04,triangle,42.9955556,-71.4552778
2004-04,light,33.5480556,-86.5444444
2004-04,light,29.186896,-89.936737
2004-04,light,26.3583333,-80.0833333
2004-04,light,35.8938889,-80.5616667
2004-04,light,40.489787,-81.445671
2004-04,light,45.366667,-63.3
2004-04,light,35.3733333,-119.0177778
2004-04,light,39.8638889,-86.4669444
2004-04,light,40.5686111,-74.7380556
2004-04,light,25.7738889,-80.1938889
2004-04,light,32.3458333,-111.2455556
2004-04,light,43.633333,-80.033333
2004-04,light,44.4258333,-69.0069444
2004-04,light,36.7855556,-108.6863889
2004-04,light,30.8461111,-93.2888889
2004-04,light,24.861462,67.009939
2004-04,light,33.4147222,-111.9086111
2004-04,light,37.9841667,-120.3811111
2004-04,diamond,42.1291667,-80.0852778
2004-04,diamond,29.1380556,-80.9958333
2004-04,formation,34.5361111,-117.2902778
2004-04,formation,45.666667,-72.15
2004-04,circle,41.0647222,-86.2158333
2004-04,circle,45.5236111,-122.6750000
2004-04,circle,35.499425,-119.535096
2004-04,rectangle,37.714145,-122.25
2004-04,changing,35.4713889,-93.4663889
2004-04,changing,41.6005556,-93.6088889
2004-04,changing,41.4244444,-91.0430556
2004-04,sphere,39.7091667,-84.0633333
2004-04,sphere,30.2941667,-87.5736111
2004-04,sphere,41.6833333,-86.2500000
2004-04,sphere,34.8150000,-79.1833333
2004-04,disk,35.9605556,-83.9208333
2004-04,disk,36.2050000,-94.7975000
2004-04,disk,3.139003,101.686855
2004-04,disk,33.4269444,-117.6111111
2004-04,disk,38.0291667,-78.4769444
2004-04,disk,35.2269444,-80.8433333
2004-04,disk,10.9,123.083333
2004-04,fireball,35.0525000,-78.8786111
2004-04,fireball,26.1219444,-80.1436111
2004-04,fireball,47.44732,-122.45985
2004-04,fireball,39.034832,-76.907474
2004-04,fireball,29.1869444,-82.1402778
2004-04,teardrop,37.3541667,-121.9541667
2004-04,cigar,31.7586111,-106.4863889
2004-04,chevron,40.5186111,-78.3950000
2004-04,chevron,44.7750000,-117.8333333
2004-04,cone,10.640739,122.968956
2004-05,oval,43.6136111,-116.2025000
2004-05,oval,26.2169444,-80.2261111
2004-05,oval,37.6688889,-122.0797222
2004-05,oval,36.3941667,-87.0366667
2004-05,oval,8.38,-80.17
2004-05,oval,30.2263889,-93.2172222
2004-05,oval,28.370029,-80.801516
2004-05,oval,41.8266667,-74.1266667
2004-05,oval,42.5277778,-92.4452778
2004-05,oval,-25.275014,-57.548353
2004-05,,33.9908333,-118.4591667
2004-05,,33.8352778,-117.9136111
2004-05,,33.5805556,-112.2366667
2004-05,,46.183333,-62.883333
2004-05,,47.5675000,-122.6313889
2004-05,,55.433029,-116.4744
2004-05,,41.2377778,-81.9316667
2004-05,,46.183333,-62.883333
2004-05,,32.721163,-114.61601
2004-05,,45.416667,-75.7
2004-05,,32.4419444,-97.7938889
2004-05,,21.3069444,-157.8583333
2004-05,,37.6391667,-120.9958333
2004-05,,38.907231,-77.036464
2004-05,,47.6063889,-122.3308333
2004-05,cylinder,35.6144444,-88.8138889
2004-05,triangle,43.42519,6.76837
2004-05,triangle,26.2375000,-80.1250000
2004-05,triangle,38.4247222,-82.2133333
2004-05,triangle,45.416667,-75.7
2004-05,triangle,38.4363889,-122.8686111
2004-05,triangle,39.7530556,-105.0636111
2004-05,triangle,46.0038889,-112.5338889
2004-05,triangle,40.6936111,-89.5888889
2004-05,triangle,41.9761111,-72.5922222
2004-05,triangle,39.7391667,-104.9841667
2004-05,triangle,37.8347222,-97.3730556
2004-05,triangle,30.5061111,-90.3408333
2004-05,triangle,38.80261,-116.419389
2004-05,triangle,44.916667,-79.366667
2004-05,triangle,49.1,-117.716667
2004-05,triangle,42.4405556,-76.4969444
2004-05,light,35.0844444,-106.6505556
2004-05,light,34.0522222,-118.2427778
2004-05,light,-27.47101,153.024292
2004-05,light,32.2216667,-110.9258333
2004-05,light,34.8697222,-111.7602778
2004-05,light,35.5155556,-93.3247222
2004-05,light,54.465,-110.183056
2004-05,light,37.3394444,-121.8938889
2004-05,light,34.4480556,-119.2419444
2004-05,light,28.7925000,-81.4241667
2004-05,light,38.3269444,-122.7061111
2004-05,light,44.9800000,-93.2636111
2004-05,light,30.4055556,-86.6188889
2004-05,light,27.1972222,-80.2530556
2004-05,light,33.3941667,-104.5225000
2004-05,light,35.5280556,-108.7419444
2004-05,light,40.0072222,-104.7155556
2004-05,light,40.2433333,-88.6425000
2004-05,light,47.6063889,-122.3308333
2004-05,formation,51.514125,-.093689
2004-05,formation,53.55,-113.5
2004-05,formation,47.1916667,-114.8908333
2004-05,formation,34.048928,-111.093731
2004-05,circle,30.2750000,-89.7811111
2004-05,circle,39.7994444,-88.4622222
2004-05,circle,34.0522222,-118.2427778
2004-05,circle,32.7700000,-108.2797222
2004-05,circle,38.4783333,-107.8755556
2004-05,circle,39.9536111,-74.1983333
2004-05,circle,39.7391667,-104.9841667
2004-05,changing,37.0841667,-94.5130556
2004-05,changing,30.1758333,-84.3752778
2004-05,changing,51.833333,-.25
2004-05,sphere,33.5016667,-117.6616667
2004-05,sphere,40.417287,-82.907123
2004-05,sphere,37.6941667,-122.0852778
2004-05,sphere,61.2180556,-149.9002778
2004-05,sphere,39.7391667,-104.9841667
2004-05,sphere,43.0630556,-86.2283333
2004-05,sphere,34.8697222,-111.7602778
2004-05,sphere,34.9022222,-110.1575000
2004-05,cross,29.5847222,-81.2080556
2004-05,disk,37.9841667,-120.3811111
2004-05,disk,38.7908333,-121.2347222
2004-05,disk,40.0438889,-75.3880556
2004-05,disk,37.7397222,-121.4241667
2004-05,disk,42.9825000,-77.4091667
2004-05,fireball,39.8366667,-105.0366667
2004-05,fireball,32.2216667,-110.9258333
2004-05,fireball,43.0388889,-87.9063889
2004-05,teardrop,52.118759,5.40633
2004-05,teardrop,39.0508333,-74.7583333
2004-05,cigar,40.5580556,-90.0350000
2004-05,cigar,50.833333,-.15
2004-05,chevron,33.2961111,-86.8436111
2004-06,oval,40.640063,22.944419
2004-06,oval,41.3661111,-81.8544444
2004-06,oval,49.266667,-122.783333
2004-06,oval,45.5230556,-122.9886111
2004-06,oval,50.045029,-119.412162
2004-06,oval,-8.783195,-124.508523
2004-06,oval,33.4483333,-112.0733333
2004-06,oval,40.9172222,-80.6063889
2004-06,,36.5330556,-82.3269444
2004-06,,34.2255556,-77.9450000
2004-06,,39.7286111,-121.8363889
2004-06,,32.342222,-117.056111
2004-06,,44.4097222,-103.5086111
2004-06,,20.593684,78.96288
2004-06,,28.1875000,-82.7397222
2004-06,,36.5950000,-82.1888889
2004-06,,44.8408333,-93.2980556
2004-06,,47.9130556,-122.0969444
2004-06,,43.666667,-79.416667
2004-06,,50.833333,-.15
2004-06,,49.25,-123.133333
2004-06,,41.0266667,-92.8055556
2004-06,,40.9561111,-72.9683333
2004-06,,42.0750000,-72.0338889
2004-06,,48.0355556,-111.8391667
2004-06,,40.0638889,-80.7211111
2004-06,,33.3061111,-111.8405556
2004-06,,46.2113889,-119.1361111
2004-06,cylinder,50.9,-1.4
2004-06,cylinder,37.9841667,-120.3811111
2004-06,cylinder,25.7738889,-80.1938889
2004-06,triangle,47.6063889,-122.3308333
2004-06,triangle,36.0080556,-93.1863889
2004-06,triangle,36.1302778,-118.8172222
2004-06,triangle,30.6325000,-97.6769444
2004-06,triangle,40.5725,-111.859722
2004-06,triangle,39.0908333,-84.8500000
2004-06,triangle,37.089072,-8.24788
2004-06,triangle,33.7513889,-84.7477778
2004-06,light,42.7919444,-83.6277778
2004-06,light,37.4108333,-94.7047222
2004-06,light,33.5633333,-88.3161111
2004-06,light,33.5633333,-88.3161111
2004-06,light,34.8697222,-111.7602778
2004-06,light,40.0638889,-80.7211111
2004-06,light,28.3641667,-82.6936111
2004-06,light,38.4405556,-122.7133333
2004-06,light,40.0377778,-76.3058333
2004-06,light,21.161908,-86.851528
2004-06,light,31.7586111,-106.4863889
2004-06,light,45.1002778,-91.4886111
2004-06,light,41.4952778,-79.4561111
2004-06,light,37.7808333,-90.4216667
2004-06,light,46.521858,-84.34609
2004-06,light,34.1083333,-117.2888889
2004-06,light,40.5408333,-74.5880556
2004-06,light,40.2291667,-74.9372222
2004-06,light,33.4483333,-112.0733333
2004-06,light,33.9966667,-77.9075000
2004-06,light,29.760193,-95.36939
2004-06,light,39.5297222,-119.8127778
2004-06,light,48.8211111,-119.6322222
2004-06,light,30.4380556,-84.2808333
2004-06,light,45.8152778,-122.7413889
2004-06,light,40.5866667,-122.3905556
2004-06,light,39.399835,-8.22491
2004-06,light,34.5361111,-117.2902778
2004-06,diamond,50.566667,10.183333
2004-06,formation,38.3269444,-122.7061111
2004-06,formation,33.4483333,-112.0733333
2004-06,formation,34.1072222,-118.0569444
2004-06,formation,42.346214,-84.054466
2004-06,formation,33.9166667,-117.8991667
2004-06,formation,38.0494444,-122.1575000
2004-06,circle,34.048928,-111.093731
2004-06,circle,36.1750000,-115.1363889
2004-06,circle,33.4355556,-112.3488889
2004-06,changing,41.1883333,-80.9783333
2004-06,changing,43.666667,-79.416667
2004-06,changing,40.7391667,-89.0163889
2004-06,changing,33.4222222,-111.8219444
2004-06,changing,46.9813889,-123.6013889
2004-06,flash,36.8055556,-114.0663889
2004-06,sphere,47.4158333,-120.2919444
2004-06,sphere,35.9197222,-88.7588889
2004-06,sphere,33.5091667,-111.8983333
2004-06,sphere,26.7052778,-80.0366667
2004-06,sphere,39.5297222,-119.8127778
2004-06,sphere,30.7194444,-86.0444444
2004-06,sphere,35.3847222,-77.9930556
2004-06,sphere,-34.823879,138.884674
2004-06,sphere,52.133333,-106.666667
2004-06,sphere,32.7152778,-117.1563889
2004-06,sphere,31.5686111,-93.4838889
2004-06,sphere,46.853704,-121.75895
2004-06,egg,30.1900000,-98.0863889
2004-06,egg,41.9583333,-70.6677778
2004-06,disk,40.6997222,-73.8316667
2004-06,disk,42.0347222,-93.6197222
2004-06,disk,48.7597222,-122.4869444
2004-06,disk,33.4147222,-111.9086111
2004-06,disk,45.992375,-74.882067
2004-06,disk,47.6063889,-122.3308333
2004-06,disk,33.8358333,-118.3397222
2004-06,disk,37.6144444,-93.4102778
2004-06,disk,43.866667,-78.933333
2004-06,fireball,43.666667,-79.416667
2004-06,fireball,41.3116667,-81.5683333
2004-06,fireball,30.5080556,-97.6786111
2004-06,fireball,45.5236111,-122.6750000
2004-06,teardrop,47.4705556,-122.3455556
2004-06,cigar,44.0522222,-123.0855556
2004-06,cigar,51.189722,-2.547222
2004-06,cigar,47.6063889,-122.3308333
2004-06,cigar,42.3583333,-71.0602778
2004-07,oval,37.8347222,-97.3730556
2004-07,oval,39.6005556,-82.9461111
2004-07,oval,34.0686111,-118.0266667
2004-07,,46.6022222,-120.5047222
2004-07,,41.1586111,-101.0022222
2004-07,,49.25,-123.133333
2004-07,,36.6177778,-121.9155556
2004-07,,39.9755556,-111.7844444
2004-07,,45.6,-73.45
2004-07,,52.133333,-106.666667
2004-07,,53.55,-113.5
2004-07,,40.43495,49.867623
2004-07,,38.5063889,-82.2986111
2004-07,,46.7833333,-92.1063889
2004-07,,62.45,-114.35
2004-07,,37.6922222,-97.3372222
2004-07,,47.7575000,-122.2427778
2004-07,,30.6277778,-96.3341667
2004-07,,-37.813938,144.963425
2004-07,,43.883333,-79.733333
2004-07,,25.7738889,-80.1938889
2004-07,,55.833333,-4.25
2004-07,,34.90999,-109.806792
2004-07,,35.7547222,-118.4244444
2004-07,,34.1063889,-117.3694444
2004-07,,38.9805556,-76.9372222
2004-07,cylinder,32.2216667,-110.9258333
2004-07,triangle,39.8461111,-84.5397222
2004-07,triangle,34.7463889,-92.2894444
2004-07,triangle,42.2527778,-73.7913889
2004-07,triangle,53.888996,-2.633778
2004-07,triangle,34.7302778,-86.5861111
2004-07,triangle,26.7052778,-80.0366667
2004-07,triangle,51.514125,-.093689
2004-07,triangle,48.1172222,-122.7591667
2004-07,light,51.481581,-3.17909
2004-07,light,32.7947222,-116.9616667
2004-07,light,49.136353351,-122.821343315
2004-07,light,56.533333,-79.233333
2004-07,light,42.1416667,-71.2500000
2004-07,light,49.883333,-97.166667
2004-07,light,47.9791667,-122.2008333
2004-07,light,34.1500000,-114.2883333
2004-07,light,32.7947222,-116.9616667
2004-07,light,50.833333,-119
2004-07,light,47.0344444,-122.8219444
2004-07,light,48.1183333,-123.4294444
2004-07,light,39.7683333,-86.1580556
2004-07,light,38.7358333,-85.3800000
2004-07,light,45.433333,-72.883333
2004-07,light,21.161908,-86.851528
2004-07,diamond,36.7477778,-119.7713889
2004-07,diamond,45.4358333,-89.1833333
2004-07,diamond,44.0522222,-123.0855556
2004-07,formation,46.216667,-63.483333
2004-07,circle,40.7933333,-77.8602778
2004-07,circle,32.7152778,-117.1563889
2004-07,circle,40.7141667,-74.0063889
2004-07,circle,45.5236111,-122.6750000
2004-07,circle,29.7630556,-95.3630556
2004-07,circle,36.3486111,-82.2108333
2004-07,circle,52.133333,-106.666667
2004-07,circle,42.4152778,-71.1569444
2004-07,circle,38.7316667,-82.9977778
2004-07,rectangle,32.7833333,-96.8000000
2004-07,rectangle,29.4238889,-98.4933333
2004-07,rectangle,29.7630556,-95.3630556
2004-07,changing,35.500514,-119.271776
2004-07,changing,43.316667,-79.8
2004-07,changing,53.4,-2.15
2004-07,flash,41.735088,-75.139615
2004-07,sphere,45.0655556,-93.2016667
2004-07,sphere,36.1750000,-115.1363889
2004-07,sphere,39.6477778,-104.9872222
2004-07,sphere,45.5608333,-94.1622222
2004-07,sphere,47.6816667,-122.2075000
2004-07,sphere,38.2547222,-121.2988889
2004-07,sphere,40.0150000,-105.2700000
2004-07,disk,50.183333,-5.566667
2004-07,disk,36.0816667,-84.0538889
2004-07,disk,40.827045,-73.975694
2004-07,disk,-40.900557,174.885971
2004-07,disk,28.6775000,-81.3280556
2004-07,disk,40.7719444,-98.3691667
2004-07,disk,40.5533333,-74.5319444
2004-07,disk,50.8,-1.133333
2004-07,disk,39.0483333,-95.6777778
2004-07,fireball,43.75,-79.2
2004-07,fireball,47.1855556,-122.2916667
2004-07,fireball,34.8891667,-94.6005556
2004-07,fireball,41.8500000,-87.6500000
2004-07,cigar,33.926491,-92.161255
2004-07,cone,40.5791667,-74.4119444
2004-08,oval,34.1083333,-117.2888889
2004-08,oval,40.7141667,-74.0063889
2004-08,oval,45.0105556,-93.4552778
2004-08,oval,-25.285,152.873
2004-08,oval,60.983693,25.650317
2004-08,oval,-6.15129,106.89078
2004-08,oval,-33.861481,151.205475
2004-08,,39.492824,-74.559688
2004-08,,36.289762,-119.125912
2004-08,,40.7036111,-89.4072222
2004-08,,37.09024,-95.712891
2004-08,,47.7625000,-122.2041667
2004-08,,54.55,-3.6
2004-08,,44.4416667,-73.6750000
2004-08,,43.0255556,-74.9863889
2004-08,,38.5833333,-90.4066667
2004-08,,40.2969444,-111.6938889
2004-08,,34.1511111,-118.4483333
2004-08,,41.9291667,-72.6277778
2004-08,,47.5708333,-122.2208333
2004-08,,42.3236111,-92.5991667
2004-08,,45.433333,-72.883333
2004-08,,41.5733333,-87.7844444
2004-08,,30.3569444,-87.1638889
2004-08,,41.4902778,-72.2758333
2004-08,,41.6252778,-87.7175000
2004-08,,41.5733333,-87.7844444
2004-08,,41.7486111,-77.3008333
2004-08,triangle,40.0608333,-95.6016667
2004-08,triangle,47.3894444,-119.4894444
2004-08,triangle,34.7502778,-98.1713889
2004-08,triangle,29.846244,-95.645792
2004-08,triangle,45.8527778,-87.0216667
2004-08,triangle,30.4783333,-90.0375000
2004-08,triangle,38.4022222,-122.8227778
2004-08,triangle,41.5733333,-87.7844444
2004-08,triangle,41.3775000,-71.8277778
2004-08,triangle,33.401498,-86.856101
2004-08,triangle,32.0833333,-81.1000000
2004-08,triangle,38.4966667,-84.5641667
2004-08,triangle,33.4352778,-112.2972222
2004-08,triangle,32.7947222,-116.9616667
2004-08,triangle,36.3711111,-86.7100000
2004-08,triangle,41.2794444,-72.5988889
2004-08,triangle,41.6005556,-93.6088889
2004-08,triangle,33.588859,-112.00665
2004-08,triangle,34.0522222,-118.2427778
2004-08,triangle,42.7044444,-73.9119444
2004-08,triangle,51.666667,-114.133333
2004-08,triangle,41.6027778,-87.7438889
2004-08,triangle,48.0841667,-121.9675000
2004-08,triangle,43.1008333,-75.2330556
2004-08,triangle,41.8500000,-87.6500000
2004-08,light,41.5733333,-87.7844444
2004-08,light,32.7152778,-117.1563889
2004-08,light,47.492483,-122.196438
2004-08,light,43.992634,-78.023383
2004-08,light,30.5880556,-91.1680556
2004-08,light,41.5733333,-87.7844444
2004-08,light,45.3841667,-122.7627778
2004-08,light,45.6797222,-111.0377778
2004-08,light,49.866667,-99.35
2004-08,light,30.0858333,-94.1016667
2004-08,light,26.7052778,-80.0366667
2004-08,light,37.1772222,-96.7141667
2004-08,light,41.5733333,-87.7844444
2004-08,light,33.9525000,-84.5500000
2004-08,light,35.58486,-80.810072
2004-08,light,39.4666667,-87.4138889
2004-08,light,40.4591667,-90.6716667
2004-08,light,41.5733333,-87.7844444
2004-08,light,33.3869444,-84.2830556
2004-08,light,41.1616667,-112.0255556
2004-08,light,32.5091667,-92.1191667
2004-08,light,37.0297222,-76.3455556
2004-08,light,44.314844,-85.602364
2004-08,light,40.3275000,-80.0397222
2004-08,light,53.038633,-114.09533
2004-08,light,49.5,-119.583333
2004-08,light,41.6302778,-87.8538889
2004-08,light,41.6638889,-83.5552778
2004-08,diamond,37.3394444,-121.8938889
2004-08,diamond,48.287264,14.718697
2004-08,formation,44.9444444,-93.0930556
2004-08,formation,39.5297222,-119.8127778
2004-08,formation,48.0511111,-122.6897222
2004-08,formation,40.4975000,-74.4888889
2004-08,formation,34.2083333,-77.7966667
2004-08,formation,45.5113889,-92.9800000
2004-08,circle,-33.861481,151.205475
2004-08,circle,44.9800000,-93.2636111
2004-08,circle,44.9444444,-93.0930556
2004-08,circle,37.6241667,-104.7797222
2004-08,circle,37.8216667,-121.9988889
2004-08,circle,61.2180556,-149.9002778
2004-08,circle,39.1619444,-84.4569444
2004-08,circle,37.6459000,-93.0942000
2004-08,circle,30.2941667,-87.5736111
2004-08,changing,48.0841667,-121.9675000
2004-08,changing,34.2163889,-119.0366667
2004-08,changing,34.2163889,-119.0366667
2004-08,changing,37.347717,-120.609084
2004-08,changing,38.9258333,-79.8469444
2004-08,changing,33.4483333,-112.0733333
2004-08,flash,55.009962,-1.628304
2004-08,flash,42.1969444,-88.0933333
2004-08,sphere,39.6477778,-104.9872222
2004-08,sphere,32.7252778,-97.3205556
2004-08,sphere,35.0525000,-118.1730556
2004-08,egg,32.7355556,-97.1077778
2004-08,disk,40.7141667,-74.0063889
2004-08,disk,-2.165109,-55.115513
2004-08,disk,50.531939,-99.468598
2004-08,disk,39.5350000,-119.7516667
2004-08,disk,33.1580556,-117.3497222
2004-08,disk,43.75,-79.2
2004-08,disk,33.220795,-117.383362
2004-08,disk,47.751074,-120.740139
2004-08,fireball,41.5733333,-87.7844444
2004-08,fireball,34.1072222,-118.0569444
2004-08,fireball,39.3330556,-82.9825000
2004-08,fireball,-33.861481,151.205475
2004-08,fireball,33.7738889,-117.9405556
2004-08,fireball,37.7750000,-122.4183333
2004-08,teardrop,44.9444444,-93.0930556
2004-08,teardrop,41.0705556,-85.0144444
2004-08,cigar,46.8772222,-96.7894444
2004-08,cigar,34.3319444,-92.9130556
2004-08,cigar,40.1672222,-105.1013889
2004-08,cigar,42.883333,-79.233333
2004-08,chevron,35.1494444,-90.0488889
2004-08,chevron,42.966667,-82.4
2004-08,chevron,45.047375,9.686581
2004-09,oval,26.7052778,-80.0366667
2004-09,oval,39.0638889,-108.5500000
2004-09,oval,43.45,-80.5
2004-09,oval,40.7141667,-74.0063889
2004-09,oval,40.4652778,-88.3758333
2004-09,,26.5863889,-80.0522222
2004-09,,54.766667,-1.566667
2004-09,,44.6497222,-93.2425000
2004-09,,33.0461111,-96.9938889
2004-09,,43.5455556,-116.8122222
2004-09,,26.9616667,-82.3527778
2004-09,,38.7236111,-85.3694444
2004-09,,50.95,-2.633333
2004-09,,45.815011,15.981919
2004-09,,44.4563889,-89.5438889
2004-09,,37.9413889,-93.3161111
2004-09,,49.316667,-123.066667
2004-09,,31.5602778,-91.4030556
2004-09,,33.4483333,-112.0733333
2004-09,,33.5538889,-117.2130556
2004-09,,36.589245,-85.28518
2004-09,cylinder,39.6263889,-111.4388889
2004-09,triangle,42.9819444,-84.1177778
2004-09,triangle,40.4811111,-74.4836111
2004-09,triangle,38.122485,20.625761
2004-09,triangle,40.057838,-74.137183
2004-09,triangle,48.0519444,-122.1758333
2004-09,triangle,51.2,-1.483333
2004-09,triangle,33.4483333,-112.0733333
2004-09,triangle,44.9180556,-69.8672222
2004-09,triangle,45.526917,-75.804361
2004-09,triangle,41.4994444,-81.6955556
2004-09,triangle,44.1036111,-69.1094444
2004-09,triangle,33.4483333,-112.0733333
2004-09,light,46.3238889,-120.0075000
2004-09,light,37.7750000,-122.4183333
2004-09,light,33.1283333,-107.2522222
2004-09,light,42.3313889,-83.0458333
2004-09,light,41.7055556,-70.2291667
2004-09,light,41.3950000,-82.5552778
2004-09,light,41.8005556,-73.1216667
2004-09,light,37.8100000,-85.9813889
2004-09,light,51.514125,-.093689
2004-09,light,47.6063889,-122.3308333
2004-09,light,28.0391667,-81.9500000
2004-09,light,37.865101,-119.538329
2004-09,light,47.6816667,-122.2075000
2004-09,light,40.7694444,-74.0208333
2004-09,light,41.8500000,-87.6500000
2004-09,light,44.4563889,-89.5438889
2004-09,light,37.8091667,-85.4669444
2004-09,light,37.6430556,-91.1891667
2004-09,light,39.6580556,-78.9286111
2004-09,light,37.8044444,-122.2697222
2004-09,light,40.8841667,-72.9377778
2004-09,light,65.683333,-18.1
2004-09,light,40.4863889,-86.1336111
2004-09,light,41.6269444,-79.6738889
2004-09,light,39.1855556,-78.1636111
2004-09,light,34.5400000,-112.4677778
2004-09,formation,42.9222222,-88.0994444
2004-09,formation,41.700101,-71.416167
2004-09,formation,38.2325000,-122.6355556
2004-09,circle,45.5236111,-122.6750000
2004-09,circle,40.7608333,-111.8902778
2004-09,circle,37.9747222,-87.5558333
2004-09,circle,41.8500000,-87.6500000
2004-09,circle,44.333333,-66.116667
2004-09,circle,30.8469444,-90.1530556
2004-09,circle,44.6336111,-121.1283333
2004-09,rectangle,42.7261111,-87.7827778
2004-09,rectangle,41.2375000,-80.8186111
2004-09,changing,37.9836111,-122.0741667
2004-09,changing,45.3247222,-118.0866667
2004-09,changing,32.8138889,-96.9486111
2004-09,flash,39.7683333,-86.1580556
2004-09,flash,52.355518,-1.17432
2004-09,flash,42.983333,-81.25
2004-09,flash,44.3522222,-103.7647222
2004-09,sphere,43.4716667,-72.9777778
2004-09,sphere,33.5386111,-112.1852778
2004-09,sphere,40.058324,-74.405661
2004-09,sphere,34.7247222,-100.5336111
2004-09,egg,33.8894444,-118.1588889
2004-09,disk,34.1283333,-117.2077778
2004-09,disk,43.710173,7.261953
2004-09,disk,32.3263889,-109.4863889
2004-09,disk,46.7833333,-92.1063889
2004-09,disk,35.3069444,-106.4241667
2004-09,disk,40.7141667,-74.0063889
2004-09,disk,35.2269444,-80.8433333
2004-09,disk,43.9552778,-86.4525000
2004-09,disk,42.9038889,-78.6925000
2004-09,disk,39.0638889,-108.5500000
2004-09,fireball,43.3163889,-76.7025000
2004-09,fireball,29.3102778,-100.4175000
2004-09,fireball,26.1000000,-98.2627778
2004-09,teardrop,51.883333,-.516667
2004-09,teardrop,34.9808333,-79.2244444
2004-09,cigar,39.7011111,-89.1230556
2004-09,chevron,38.8338889,-104.8208333
2004-10,oval,51.586357,-2.102834
2004-10,,34.0900000,-117.8894444
2004-10,,29.6513889,-82.3250000
2004-10,,50.269136,-96.719609
2004-10,,32.2216667,-110.9258333
2004-10,,40.8000000,-96.6666667
2004-10,,39.8275000,-75.4147222
2004-10,,39.9402778,-82.0133333
2004-10,,41.5733333,-87.7844444
2004-10,,34.5027778,-81.6116667
2004-10,,41.6302778,-87.8538889
2004-10,,45.416667,-80.1
2004-10,,41.5733333,-87.7844444
2004-10,cylinder,33.745573,-117.867834
2004-10,triangle,41.5733333,-87.7844444
2004-10,triangle,41.3316667,-74.3572222
2004-10,triangle,39.7391667,-104.9841667
2004-10,triangle,41.4958333,-87.8486111
2004-10,triangle,43.1836111,-89.2136111
2004-10,triangle,41.6302778,-87.8538889
2004-10,triangle,41.5733333,-87.7844444
2004-10,triangle,44.65,-63.6
2004-10,triangle,34.2738889,-92.0908333
2004-10,triangle,42.3316667,-71.1216667
2004-10,triangle,34.7744444,-96.6780556
2004-10,triangle,37.5536111,-77.4605556
2004-10,triangle,41.5733333,-87.7844444
2004-10,light,43.1008333,-75.2330556
2004-10,light,41.5733333,-87.7844444
2004-10,light,34.8525000,-82.3941667
2004-10,light,33.4483333,-112.0733333
2004-10,light,34.6458333,-94.6486111
2004-10,light,37.6688889,-122.0797222
2004-10,light,28.6802778,-81.5097222
2004-10,light,37.7622222,-84.8433333
2004-10,light,41.5733333,-87.7844444
2004-10,light,41.6027778,-87.7438889
2004-10,light,50.843196,3.23472
2004-10,light,44.166667,-81.633333
2004-10,light,40.7141667,-74.0063889
2004-10,light,41.5733333,-87.7844444
2004-10,light,41.5733333,-87.7844444
2004-10,light,47.6063889,-122.3308333
2004-10,light,34.5861111,-94.2394444
2004-10,light,42.7283333,-73.6922222
2004-10,light,41.6005556,-93.6088889
2004-10,light,38.4405556,-122.7133333
2004-10,light,40.7583333,-82.5155556
2004-10,light,39.4561111,-77.9641667
2004-10,light,40.8688889,-72.5180556
2004-10,light,37.7652778,-122.2405556
2004-10,light,41.6302778,-87.8538889
2004-10,light,40.5775000,-85.8733333
2004-10,light,46.5927778,-112.0352778
2004-10,diamond,41.222937,-86.588015
2004-10,formation,41.5733333,-87.7844444
2004-10,formation,43.5408333,-116.5625000
2004-10,formation,41.5733333,-87.7844444
2004-10,formation,31.1430556,-89.4097222
2004-10,formation,41.5733333,-87.7844444
2004-10,circle,40.9791667,-74.1169444
2004-10,circle,41.6638889,-83.5552778
2004-10,circle,38.8902778,-77.0844444
2004-10,circle,37.9886111,-84.4777778
2004-10,circle,42.7255556,-77.8744444
2004-10,circle,49.133333,-122.3
2004-10,circle,41.4994444,-81.6955556
2004-10,circle,41.5733333,-87.7844444
2004-10,circle,35.1186111,-120.5897222
2004-10,circle,41.5733333,-87.7844444
2004-10,rectangle,33.8905556,-78.5686111
2004-10,rectangle,40.9113889,-73.7827778
2004-10,rectangle,39.1200000,-88.5433333
2004-10,changing,44.4758333,-73.2125000
2004-10,changing,32.7152778,-117.1563889
2004-10,changing,39.0044444,-76.8758333
2004-10,changing,49.966667,-98.3
2004-10,flash,42.9336111,-72.2786111
2004-10,flash,44.2950000,-93.2686111
2004-10,flash,44.1752778,-122.1627778
2004-10,sphere,41.5733333,-87.7844444
2004-10,sphere,41.5094444,-90.5786111
2004-10,sphere,43.0125000,-83.6875000
2004-10,sphere,48.6969444,-122.9041667
2004-10,sphere,44.9444444,-93.0930556
2004-10,sphere,43.580418,7.125102
2004-10,disk,44.8830556,-68.6725000
2004-10,disk,41.7108333,-87.7580556
2004-10,disk,32.4283333,-90.1322222
2004-10,disk,38.7297222,-120.7975000
2004-10,disk,44.9800000,-93.2636111
2004-10,disk,38.5758333,-122.4488889
2004-10,disk,21.3069444,-157.8583333
2004-10,disk,40.7886111,-73.6000000
2004-10,disk,42.5047222,-71.1961111
2004-10,fireball,-27.47101,153.024292
2004-10,fireball,39.7391667,-104.9841667
2004-10,fireball,47.6063889,-122.3308333
2004-10,fireball,33.3061111,-111.8405556
2004-10,fireball,37.252526,-115.800413
2004-10,cigar,35.649714,-82.613303
2004-10,cigar,24.6652778,-81.4425000
2004-10,chevron,40.7141667,-74.0063889
2004-10,chevron,51.517083,0.578411
2004-10,chevron,42.4405556,-76.4969444
2004-10,chevron,40.3972222,-91.3847222
2004-10,cone,41.8358333,-96.4666667
2004-10,cone,52.8,-1.483333
2004-11,oval,38.8338889,-104.8208333
2004-11,oval,37.7750000,-122.4183333
2004-11,oval,40.8625000,-76.7947222
2004-11,,46.163663,-121.565781
2004-11,,53.41291,-8.24389
2004-11,,32.7458333,-96.9975000
2004-11,,38.80261,-116.419389
2004-11,,39.2236111,-84.4422222
2004-11,,38.0291667,-78.4769444
2004-11,,42.316667,-82.9
2004-11,,47.0380556,-122.8994444
2004-11,,-27.47101,153.024292
2004-11,,41.3722222,-73.7338889
2004-11,,25.7211111,-80.2686111
2004-11,,42.9119444,-77.7458333
2004-11,,38.8019444,-94.4525000
2004-11,,45.494889,-73.890756
2004-11,,40.9252778,-74.2769444
2004-11,cylinder,44.9800000,-93.2636111
2004-11,cylinder,44.9800000,-93.2636111
2004-11,triangle,39.0997222,-94.5783333
2004-11,triangle,35.6225000,-117.6700000
2004-11,triangle,47.1275000,-118.3788889
2004-11,triangle,41.0041667,-92.3736111
2004-11,triangle,35.7697222,-91.6408333
2004-11,triangle,38.6272222,-90.1977778
2004-11,light,43.0480556,-76.1477778
2004-11,light,47.6063889,-122.3308333
2004-11,light,38.5816667,-121.4933333
2004-11,light,24.5552778,-81.7827778
2004-11,light,26.0027778,-80.2241667
2004-11,light,44.3236111,-93.9577778
2004-11,light,44.3291667,-73.1111111
2004-11,light,40.7141667,-74.0063889
2004-11,light,51.514125,-.093689
2004-11,light,32.8386111,-86.6294444
2004-11,light,47.9791667,-122.2008333
2004-11,light,39.6005556,-82.9461111
2004-11,light,18.201346,-67.145152
2004-11,light,29.5894444,-96.9847222
2004-11,light,53.55,-113.5
2004-11,light,33.144291,-117.095556
2004-11,light,35.6225000,-117.6700000
2004-11,light,34.1866667,-118.4480556
2004-11,light,16.8,96.15
2004-11,light,47.088811,-122.602484
2004-11,formation,41.581143,-87.800002
2004-11,formation,39.7683333,-86.1580556
2004-11,circle,39.111504,-121.359881
2004-11,circle,45.862337,-122.670378
2004-11,circle,42.0111111,-87.8405556
2004-11,circle,-27.47101,153.024292
2004-11,circle,52.355518,-1.17432
2004-11,circle,35.3858333,-94.3983333
2004-11,changing,33.729388,73.093146
2004-11,changing,33.6116667,-111.7166667
2004-11,changing,33.5225000,-117.7066667
2004-11,changing,40.1766667,-75.5480556
2004-11,changing,28.5650000,-81.5863889
2004-11,changing,35.1494444,-90.0488889
2004-11,sphere,42.4258333,-71.3044444
2004-11,sphere,39.1625000,-76.6250000
2004-11,sphere,38.040757,-122.788046
2004-11,sphere,38.7316667,-82.9977778
2004-11,egg,34.0233333,-84.6155556
2004-11,disk,20.659538,-103.349438
2004-11,disk,34.9808333,-79.2244444
2004-11,disk,37.7022222,-121.9347222
2004-11,disk,35.4675000,-97.5161111
2004-11,disk,51.883333,-.516667
2004-11,disk,42.2286111,-71.5230556
2004-11,fireball,45.6691667,-108.7708333
2004-11,fireball,45.4358333,-89.1833333
2004-11,chevron,32.7252778,-114.6236111
2004-11,cone,41.7938889,-86.7438889
2004-12,oval,40.4166667,-86.8752778
2004-12,oval,33.8702778,-117.9244444
2004-12,oval,39.0169444,-94.2813889
2004-12,oval,32.4486111,-99.7327778
2004-12,,-37.833333,145
2004-12,,32.217767,-110.875913
2004-12,,31.3111111,-92.4450000
2004-12,,39.9625000,-76.7280556
2004-12,,20.720383,-156.155152
2004-12,,36.2805556,-80.3594444
2004-12,,39.5491667,-76.0919444
2004-12,,48.6483333,-118.7366667
2004-12,,34.6100000,-112.3150000
2004-12,,38.907231,-77.036464
2004-12,,36.1538889,-95.9925000
2004-12,,41.2225000,-74.2947222
2004-12,,43.8447222,-82.6513889
2004-12,,36.8688889,-94.3677778
2004-12,,64.8377778,-147.7163889
2004-12,,38.907231,-77.036464
2004-12,,38.6591667,-87.1727778
2004-12,triangle,37.646752,-121.881441
2004-12,triangle,33.7669444,-118.1883333
2004-12,triangle,40.4802778,-86.3947222
2004-12,triangle,39.241485,-9.312951
2004-12,triangle,38.9636111,-84.0808333
2004-12,triangle,41.8975000,-84.0372222
2004-12,light,47.85677,-121.697061
2004-12,light,37.4850000,-119.9652778
2004-12,light,39.4666667,-87.4138889
2004-12,light,33.5983333,-79.8516667
2004-12,light,42.0038889,-83.9450000
2004-12,light,40.7266667,-73.6347222
2004-12,light,33.6888889,-78.8869444
2004-12,light,28.5380556,-81.3794444
2004-12,light,37.7750000,-122.4183333
2004-12,light,50.833333,-.15
2004-12,light,-38.153461,144.358093
2004-12,light,40.4405556,-79.9961111
2004-12,light,16.414106,99.771069
2004-12,light,41.5775000,-71.5380556
2004-12,light,52.664913,-1.034894
2004-12,diamond,-33.861481,151.205475
2004-12,diamond,36.5483333,-82.5619444
2004-12,diamond,26.2513889,-80.1791667
2004-12,formation,43.666667,-79.416667
2004-12,formation,37.4419444,-122.1419444
2004-12,circle,29.945691,78.164248
2004-12,circle,33.4250000,-94.0475000
2004-12,circle,27.4952778,-81.4411111
2004-12,circle,-35.003101,117.865952
2004-12,circle,18.466667,-77.916667
2004-12,circle,33.7811111,-113.6138889
2004-12,rectangle,34.2683333,-85.5569444
2004-12,changing,35.5138889,-82.3961111
2004-12,flash,49.25,-123.133333
2004-12,sphere,40.0150000,-105.2700000
2004-12,sphere,33.4483333,-112.0733333
2004-12,sphere,51.882039,-102.088284
2004-12,sphere,-25.860278,28.189444
2004-12,sphere,47.6741667,-122.1202778
2004-12,sphere,38.8050000,-87.4580556
2004-12,egg,40.0991667,-83.1141667
2004-12,disk,45.5236111,-122.6750000
2004-12,disk,39.0169444,-94.2813889
2004-12,fireball,40.8000000,-96.6666667
2004-12,fireball,47.4236111,-120.3091667
2004-12,fireball,39.7625000,-87.2291667
2004-12,teardrop,46.2633333,-119.4866667
2004-12,teardrop,49.483333,-113.95
2004-12,cigar,43.067219,-76.760174
2004-12,chevron,47.4236111,-120.3091667
2004-12,cone,51.883333,-.516667
2005-01,oval,41.9186111,-70.5666667
2005-01,oval,40.8205556,-98.5997222
2005-01,oval,29.7630556,-95.3630556
2005-01,oval,44.0886111,-87.6575000
2005-01,,44.7750000,-117.8333333
2005-01,,42.1705556,-88.0477778
2005-01,,41.9427778,-79.9847222
2005-01,,47.6063889,-122.3308333
2005-01,,51.060853,0.165894
2005-01,,29.7352778,-94.9772222
2005-01,,25.7738889,-80.1938889
2005-01,,33.9163889,-118.3516667
2005-01,,47.2033333,-122.2391667
2005-01,,32.7833333,-96.8000000
2005-01,,39.7391667,-104.9841667
2005-01,cylinder,33.4483333,-112.0733333
2005-01,triangle,36.2138889,-83.2950000
2005-01,triangle,41.9666667,-71.4333333
2005-01,triangle,21.451331,-158.015281
2005-01,triangle,52.55,-1.533333
2005-01,light,44.9583333,-124.0166667
2005-01,light,-29.85868,31.02184
2005-01,light,35.6008333,-82.5541667
2005-01,light,29.4238889,-98.4933333
2005-01,light,41.8088889,-88.0111111
2005-01,light,33.4483333,-112.0733333
2005-01,light,38.991261,-122.002379
2005-01,light,37.9319444,-121.6947222
2005-01,light,37.6941667,-122.0852778
2005-01,light,47.1855556,-122.2916667
2005-01,light,32.7152778,-117.1563889
2005-01,light,38.7744444,-75.1397222
2005-01,light,39.7286111,-121.8363889
2005-01,light,36.1538889,-95.9925000
2005-01,light,28.5550000,-82.3880556
2005-01,diamond,47.5675000,-122.6313889
2005-01,diamond,40.7933333,-77.8602778
2005-01,formation,40.8000000,-96.6666667
2005-01,formation,27.9011111,-81.5861111
2005-01,circle,50.396389,-4.138611
2005-01,circle,43.7525000,-85.1469444
2005-01,circle,32.7152778,-117.1563889
2005-01,circle,41.4138889,-73.3038889
2005-01,circle,45.5236111,-122.6750000
2005-01,circle,39.2902778,-76.6125000
2005-01,rectangle,41.4338889,-73.1172222
2005-01,rectangle,42.1741667,-83.1794444
2005-01,rectangle,37.9319444,-121.6947222
2005-01,changing,33.5091667,-111.8983333
2005-01,flash,46.81091,-117.647482
2005-01,flash,42.9058333,-88.1388889
2005-01,flash,34.70713,33.022617
2005-01,flash,42.6072222,-83.9294444
2005-01,flash,46.9738889,-124.1550000
2005-01,flash,44.8813889,-124.0330556
2005-01,sphere,18.787744,98.993119
2005-01,sphere,30.4380556,-84.2808333
2005-01,sphere,33.6000000,-117.6711111
2005-01,sphere,40.668955,-86.134588
2005-01,cross,51.416667,.116667
2005-01,cross,25.686614,-100.316113
2005-01,disk,30.450478,-93.433219
2005-01,disk,25.7738889,-80.1938889
2005-01,disk,41.7758333,-72.5219444
2005-01,disk,41.8500000,-87.6500000
2005-01,disk,39.0058333,-122.0083333
2005-01,disk,45.6366667,-109.2513889
2005-01,fireball,36.4072222,-83.0055556
2005-01,chevron,37.6391667,-120.9958333
2005-01,chevron,42.6583333,-71.1375000
2005-02,oval,51.433333,-.383333
2005-02,oval,40.623333,-74.601111
2005-02,oval,33.4936111,-117.1475000
2005-02,oval,39.4666667,-87.4138889
2005-02,,35.3858333,-94.3983333
2005-02,,47.6588889,-117.4250000
2005-02,,52.516757,-7.887675
2005-02,,42.8688889,-76.9780556
2005-02,,33.9533333,-117.3952778
2005-02,,43.8791667,-120.9188889
2005-02,,43.25,-79.833333
2005-02,,36.5297222,-87.3594444
2005-02,triangle,31.8541667,-110.9930556
2005-02,triangle,28.9002778,-81.2638889
2005-02,triangle,40.5852778,-105.0838889
2005-02,triangle,41.4886111,-75.7088889
2005-02,triangle,20.211944,-87.465833
2005-02,triangle,58.380685,26.725015
2005-02,triangle,42.8352778,-89.0675000
2005-02,triangle,33.2558333,-116.3741667
2005-02,triangle,52.966667,-1.166667
2005-02,triangle,43.2380556,-76.1411111
2005-02,triangle,33.5805556,-112.2366667
2005-02,triangle,47.5405556,-122.6350000
2005-02,light,47.6063889,-122.3308333
2005-02,light,33.4483333,-112.0733333
2005-02,light,35.4372222,-93.6727778
2005-02,light,33.5225000,-117.7066667
2005-02,light,35.4372222,-93.6727778
2005-02,light,47.1794444,-113.4836111
2005-02,light,41.1769444,-112.0030556
2005-02,light,41.8822222,-72.9775000
2005-02,light,32.3475000,-97.3863889
2005-02,light,47.1302778,-119.2769444
2005-02,light,31.9677778,-110.2938889
2005-02,light,34.9530556,-120.4347222
2005-02,light,38.2972222,-122.2844444
2005-02,light,40.866487,-73.035662
2005-02,light,41.5047222,-73.9700000
2005-02,diamond,43.0388889,-87.9063889
2005-02,formation,36.9086111,-116.7583333
2005-02,formation,27.8425000,-82.6997222
2005-02,circle,46.216667,-63.483333
2005-02,circle,34.8833333,-82.7075000
2005-02,circle,42.2708333,-83.7263889
2005-02,circle,48.5344444,-123.0158333
2005-02,circle,36.1658333,-86.7844444
2005-02,changing,40.8000000,-96.6666667
2005-02,changing,42.4452778,-94.1255556
2005-02,flash,64.8472222,-148.0144444
2005-02,flash,38.3980556,-85.7550000
2005-02,flash,37.5050000,-105.0072222
2005-02,sphere,30.3958333,-88.8852778
2005-02,sphere,34.1363889,-118.7736111
2005-02,sphere,31.1497222,-81.4916667
2005-02,sphere,63.176683,14.636068
2005-02,sphere,47.2152778,-123.0994444
2005-02,sphere,37.3394444,-121.8938889
2005-02,sphere,34.1083333,-117.2888889
2005-02,egg,45.6388889,-122.6602778
2005-02,disk,43.9,-78.866667
2005-02,disk,53.277963,-110.006145
2005-02,fireball,42.3694444,-71.9486111
2005-02,fireball,38.9908333,-88.1625000
2005-02,fireball,33.4483333,-112.0733333
2005-02,fireball,40.7141667,-74.0063889
2005-02,fireball,34.2522222,-118.2875000
2005-02,cigar,39.2666667,-81.5616667
2005-03,oval,50.886895,3.423167
2005-03,oval,40.4619444,-74.3386111
2005-03,,-27.47101,153.024292
2005-03,,40.5741667,-74.6102778
2005-03,,46.1469444,-122.9072222
2005-03,,47.7505556,-90.3341667
2005-03,,49.516667,-123.916667
2005-03,,52.966667,-1.883333
2005-03,,37.0475000,-88.4769444
2005-03,,36.3133333,-82.3536111
2005-03,,34.9377778,-80.6688889
2005-03,,32.6125000,-90.0366667
2005-03,,41.5627778,-83.6538889
2005-03,,42.930283,-6.761277
2005-03,,45.6797222,-111.0377778
2005-03,cylinder,38.1805556,-99.0983333
2005-03,triangle,39.1405556,-121.6158333
2005-03,triangle,33.0780556,-96.4950000
2005-03,triangle,46.2858333,-119.2833333
2005-03,triangle,41.4872222,-120.5413889
2005-03,triangle,43.133333,-80.75
2005-03,triangle,33.7222222,-116.3736111
2005-03,triangle,47.7575000,-122.2427778
2005-03,triangle,29.8944444,-81.3147222
2005-03,triangle,33.3061111,-111.8405556
2005-03,triangle,42.5750000,-71.9986111
2005-03,triangle,32.7152778,-117.1563889
2005-03,light,33.4483333,-112.0733333
2005-03,light,48.1366667,-123.7327778
2005-03,light,39.2461111,-94.4188889
2005-03,light,44.6683333,-67.4644444
2005-03,light,32.2216667,-110.9258333
2005-03,light,42.4391667,-123.3272222
2005-03,light,39.1616667,-84.7491667
2005-03,light,42.5277778,-92.4452778
2005-03,light,39.3330556,-82.9825000
2005-03,light,-27.47101,153.024292
2005-03,light,40.2397222,-76.9202778
2005-03,light,43.1333333,-72.4444444
2005-03,light,26.4611111,-80.0730556
2005-03,light,40.3116667,-75.3255556
2005-03,light,48.277371,8.090001
2005-03,light,-28.00029,153.430878
2005-03,light,17.483333,47.116667
2005-03,light,43.2463889,-78.1938889
2005-03,formation,33.8030556,-118.0716667
2005-03,circle,40.4166667,-86.8752778
2005-03,circle,36.778261,-119.417932
2005-03,circle,43.683333,-79.766667
2005-03,circle,51.4,-1.316667
2005-03,circle,54.583333,-3.533333
2005-03,circle,42.7875000,-86.1088889
2005-03,circle,42.0897222,-76.8080556
2005-03,circle,43.1536111,-93.2008333
2005-03,circle,42.7022222,-83.4027778
2005-03,circle,38.9636111,-84.0808333
2005-03,circle,41.6736111,-88.0016667
2005-03,rectangle,47.4538889,-122.3205556
2005-03,rectangle,37.1672222,-82.7516667
2005-03,rectangle,36.3319444,-94.1183333
2005-03,changing,36.8527778,-75.9783333
2005-03,flash,29.6513889,-82.3250000
2005-03,sphere,37.6688889,-122.0797222
2005-03,sphere,34.5361111,-117.2902778
2005-03,sphere,29.107985,-111.041358
2005-03,sphere,33.567558,-117.831232
2005-03,sphere,51.083333,-114.083333
2005-03,sphere,40.7544444,-86.3566667
2005-03,disk,43.8386111,-73.7613889
2005-03,disk,-37.84539,144.077377
2005-03,disk,37.9061111,-122.5438889
2005-03,disk,40.2722222,-81.6061111
2005-03,disk,38.9780556,-122.8383333
2005-03,disk,13.052414,80.250825
2005-03,disk,42.8711111,-77.8855556
2005-03,disk,39.177404,-76.668392
2005-03,disk,42.8144444,-89.6350000
2005-03,disk,38.0386111,-77.6391667
2005-03,disk,41.6005556,-93.6088889
2005-03,fireball,34.6980556,-118.1358333
2005-03,fireball,46.216667,-63.483333
2005-03,fireball,43.4666667,-112.0333333
2005-03,fireball,41.2586111,-95.9375000
2005-03,fireball,45.5236111,-122.6750000
2005-03,fireball,41.7019444,-72.3016667
2005-03,fireball,28.9022222,-82.5927778
2005-03,fireball,40.5494444,-122.1741667
2005-03,fireball,49.1,-122.65
2005-03,fireball,48.117039,-122.760447
2005-03,fireball,43.0672222,-78.3916667
2005-03,teardrop,37.2152778,-93.2980556
2005-03,teardrop,43.7569444,-71.6886111
2005-03,teardrop,26.1000000,-80.4000000
2005-03,teardrop,37.7750000,-122.4183333
2005-03,cigar,42.2494444,-71.0666667
2005-03,cigar,39.7597222,-121.6208333
2005-03,cigar,30.0977778,-98.4211111
2005-04,oval,37.935758,-122.347749
2005-04,,41.0638889,-80.0566667
2005-04,,35.235903,-85.19079
2005-04,,31.9491667,-98.7369444
2005-04,,36.9741667,-122.0297222
2005-04,,30.8325000,-83.2786111
2005-04,,39.6294444,-79.9561111
2005-04,,28.2916667,-81.4077778
2005-04,,44.61665,33.525367
2005-04,triangle,44.0805556,-103.2305556
2005-04,triangle,34.7227778,-76.7263889
2005-04,triangle,34.0522222,-118.2427778
2005-04,triangle,34.7694444,-92.2669444
2005-04,triangle,31.9491667,-98.7369444
2005-04,triangle,53.45,-2.733333
2005-04,light,44.2238889,-68.6780556
2005-04,light,51.5,-1.25
2005-04,light,36.102466,-114.922021
2005-04,light,33.3966667,-84.5958333
2005-04,light,51.733333,-1.883333
2005-04,light,39.5297222,-119.8127778
2005-04,light,36.1658333,-86.7844444
2005-04,light,27.9472222,-82.4586111
2005-04,light,37.9841667,-120.3811111
2005-04,light,18.918611,-99.234167
2005-04,light,-19.26639,146.805695
2005-04,light,29.3480556,-95.0158333
2005-04,light,47.7661111,-116.7855556
2005-04,diamond,40.057838,-74.137183
2005-04,diamond,46.069374,12.588306
2005-04,formation,26.9338889,-80.0944444
2005-04,circle,42.1013889,-72.5902778
2005-04,circle,38.6272222,-90.1977778
2005-04,circle,35.139167,-78.999167
2005-04,circle,30.1658333,-81.7066667
2005-04,circle,28.582816,-81.339941
2005-04,circle,27.5908333,-80.3444444
2005-04,circle,51.083333,-114.083333
2005-04,circle,64.8377778,-147.7163889
2005-04,circle,42.0494444,-92.9077778
2005-04,circle,32.7947222,-116.9616667
2005-04,circle,36.778261,-119.417932
2005-04,circle,33.7922222,-118.3141667
2005-04,circle,39.1141667,-94.6272222
2005-04,circle,40.3444444,-86.6652778
2005-04,circle,42.5958333,-72.2272222
2005-04,circle,50.9,-.45
2005-04,rectangle,25.7902778,-80.1302778
2005-04,changing,32.2686111,-107.7580556
2005-04,changing,31.1502778,-81.3697222
2005-04,changing,35.9272222,-89.9188889
2005-04,changing,33.4472222,-84.1469444
2005-04,changing,36.0080556,-93.1863889
2005-04,flash,54.133333,-115.683333
2005-04,flash,28.5380556,-81.3794444
2005-04,sphere,42.5997222,-71.3677778
2005-04,sphere,37.7666667,-120.8461111
2005-04,sphere,47.3200000,-114.0930556
2005-04,sphere,45.3733333,-84.9552778
2005-04,sphere,34.048928,-111.093731
2005-04,sphere,42.7652778,-71.4680556
2005-04,disk,32.2216667,-110.9258333
2005-04,disk,40.0608333,-75.0944444
2005-04,disk,-19.26639,146.805695
2005-04,disk,35.3858333,-94.3983333
2005-04,disk,-34.928661,138.598633
2005-04,disk,45.6388889,-122.6602778
2005-04,disk,37.1055556,-80.6855556
2005-04,disk,30.210689,-81.557325
2005-04,disk,32.2216667,-110.9258333
2005-04,fireball,38.0466667,-93.7041667
2005-04,fireball,45.5236111,-122.6750000
2005-04,cigar,33.4483333,-112.0733333
2005-04,cigar,39.8016667,-89.6436111
2005-04,chevron,34.016389,44.145278
2005-04,chevron,38.8113889,-90.8527778
2005-04,chevron,44.8041667,-93.1666667
2005-04,chevron,29.4569444,-94.6394444
2005-05,oval,41.1400000,-104.8197222
2005-05,oval,51.514125,-.093689
2005-05,,45.9763889,-94.3622222
2005-05,,47.8108333,-122.3761111
2005-05,,44.2336111,-83.8030556
2005-05,,52.664913,-1.034894
2005-05,,34.4047222,-103.2047222
2005-05,,39.0169444,-94.2813889
2005-05,,32.3666667,-86.3000000
2005-05,,45.0097222,-93.3488889
2005-05,cylinder,29.9544444,-90.0750000
2005-05,cylinder,42.5847222,-87.8211111
2005-05,triangle,36.204824,138.252924
2005-05,triangle,51.516667,-1.783333
2005-05,triangle,-37.931671,145.440933
2005-05,triangle,46.2830556,-96.0772222
2005-05,triangle,40.7161111,-73.8505556
2005-05,triangle,36.1750000,-115.1363889
2005-05,triangle,42.659637,-83.187406
2005-05,light,32.7630556,-79.8369444
2005-05,light,33.7455556,-117.8669444
2005-05,light,34.1477778,-119.1941667
2005-05,light,31.1913889,-101.4600000
2005-05,light,41.9672222,-87.8075000
2005-05,light,38.1905556,-116.3691667
2005-05,light,41.2752778,-75.8505556
2005-05,light,38.907231,-77.036464
2005-05,light,36.8252778,-119.7019444
2005-05,light,37.644071,-118.963546
2005-05,light,28.5380556,-81.3794444
2005-05,light,32.4458333,-95.7036111
2005-05,light,34.0552778,-117.7513889
2005-05,light,39.7391667,-104.9841667
2005-05,light,30.2941667,-87.5736111
2005-05,light,48.6330556,-112.3252778
2005-05,light,33.785795,-118.264357
2005-05,diamond,33.7458333,-117.8252778
2005-05,diamond,42.983333,-81.25
2005-05,formation,33.9400000,-118.1316667
2005-05,formation,33.0677778,-80.9538889
2005-05,formation,40.3369444,-104.9116667
2005-05,circle,31.7586111,-106.4863889
2005-05,circle,51.269738,-.402165
2005-05,circle,32.7152778,-117.1563889
2005-05,circle,38.0683333,-120.5386111
2005-05,circle,26.2708333,-80.2708333
2005-05,circle,19.32217,-81.240869
2005-05,rectangle,32.8744444,-95.7652778
2005-05,changing,19.6227778,-155.9522222
2005-05,changing,40.6686111,-74.1147222
2005-05,changing,33.4483333,-112.0733333
2005-05,flash,38.9938889,-105.0563889
2005-05,sphere,33.4483333,-112.0733333
2005-05,sphere,34.9386111,-104.6819444
2005-05,sphere,39.7763889,-74.8627778
2005-05,sphere,42.1513889,-71.6500000
2005-05,sphere,36.0397222,-114.9811111
2005-05,sphere,43.3094444,-73.6444444
2005-05,sphere,31.7586111,-106.4863889
2005-05,egg,40.8811111,-74.6563889
2005-05,disk,45.6388889,-122.6602778
2005-05,disk,34.4838889,-114.3216667
2005-05,disk,51.083333,-1.166667
2005-05,disk,44.7319444,-93.2175000
2005-05,fireball,51.524896,5.461625
2005-05,fireball,37.2708333,-79.9416667
2005-05,fireball,58.746292,26.397212
2005-05,teardrop,36.0958333,-79.2672222
2005-05,cigar,43.796573,-70.258521
2005-05,chevron,35.810833,-83.993889
2005-05,cone,-31.95224,115.861397
2005-05,cone,37.9286111,-77.4561111
2005-06,oval,44.3,-78.333333
2005-06,oval,28.1758333,-80.5902778
2005-06,oval,-22.690615,-43.238749
2005-06,oval,42.0775000,-78.4300000
2005-06,,40.7608333,-111.8902778
2005-06,,26.5863889,-80.0522222
2005-06,,40.2091667,-75.4533333
2005-06,,43.0388889,-87.9063889
2005-06,,33.6694444,-117.8222222
2005-06,,44.65,-63.6
2005-06,,40.267194,-86.134902
2005-06,,34.6086111,-98.3900000
2005-06,,35.8177778,-79.8033333
2005-06,,38.595678,-78.208056
2005-06,,40.6575000,-73.5836111
2005-06,,40.8666667,-124.0816667
2005-06,,41.7605556,-88.3200000
2005-06,,32.7152778,-117.1563889
2005-06,cylinder,38.9858333,-119.1619444
2005-06,cylinder,27.6741667,-97.7483333
2005-06,triangle,44.987148,-81.254608
2005-06,triangle,53.4,-3.033333
2005-06,triangle,35.2650000,-116.0736111
2005-06,triangle,39.2461111,-94.4188889
2005-06,triangle,33.5091667,-111.8983333
2005-06,triangle,45.416667,-75.7
2005-06,triangle,36.7477778,-119.7713889
2005-06,triangle,29.6513889,-82.3250000
2005-06,triangle,47.678174,-122.337143
2005-06,triangle,41.6572222,-87.6800000
2005-06,triangle,36.1658333,-86.7844444
2005-06,triangle,45.3938889,-92.8163889
2005-06,triangle,26.2708333,-80.2708333
2005-06,triangle,34.7247222,-100.5336111
2005-06,light,47.1302778,-119.2769444
2005-06,light,36.544148,-4.624944
2005-06,light,27.4463889,-80.3258333
2005-06,light,40.6588889,-74.3477778
2005-06,light,41.8005556,-73.1216667
2005-06,light,41.6619444,-86.1586111
2005-06,light,33.4483333,-112.0733333
2005-06,light,47.3075000,-122.2272222
2005-06,light,33.9533333,-117.3952778
2005-06,light,30.3319444,-81.6558333
2005-06,light,33.4483333,-112.0733333
2005-06,light,42.5630556,-114.4600000
2005-06,light,37.577461,-79.784842
2005-06,light,31.128889,53.2825
2005-06,light,42.6738889,-85.6447222
2005-06,light,45.4983333,-122.4302778
2005-06,diamond,38.7366667,-76.5897222
2005-06,formation,33.4483333,-112.0733333
2005-06,formation,37.7750000,-122.4183333
2005-06,formation,41.7747222,-74.2986111
2005-06,formation,42.1102778,-88.0341667
2005-06,circle,40.5186111,-78.3950000
2005-06,circle,33.4483333,-112.0733333
2005-06,circle,29.542167,-98.524391
2005-06,circle,41.8088889,-88.0111111
2005-06,circle,45.5,-73.583333
2005-06,circle,19.075984,72.877656
2005-06,circle,42.5358333,-113.7919444
2005-06,circle,43.55,-80.25
2005-06,circle,33.6102778,-117.7244444
2005-06,circle,45.4177778,-122.4577778
2005-06,circle,47.3075000,-122.2272222
2005-06,circle,51.394943,-0.19446
2005-06,rectangle,28.198096,-82.432994
2005-06,rectangle,30.4211111,-87.2169444
2005-06,rectangle,40.4775000,-74.6272222
2005-06,rectangle,40.7141667,-74.0063889
2005-06,rectangle,38.8813889,-94.8188889
2005-06,changing,34.8525000,-82.3941667
2005-06,changing,41.059291,-124.143125
2005-06,changing,32.7763889,-79.9311111
2005-06,changing,32.7763889,-79.9311111
2005-06,changing,39.0997222,-94.5783333
2005-06,changing,42.670782,-83.032993
2005-06,changing,31.311294,-92.445137
2005-06,flash,42.2966667,-89.6211111
2005-06,flash,40.5186111,-74.4125000
2005-06,flash,32.2094444,-99.7963889
2005-06,sphere,37.6391667,-120.9958333
2005-06,sphere,36.0305556,-75.6763889
2005-06,sphere,47.6588889,-117.4250000
2005-06,sphere,37.4716667,-121.1286111
2005-06,sphere,40.8533333,-73.4119444
2005-06,sphere,36.8688889,-94.3677778
2005-06,sphere,45.5236111,-122.6750000
2005-06,sphere,36.09986,-80.244216
2005-06,cross,43.683333,-79.766667
2005-06,cross,36.8688889,-94.3677778
2005-06,disk,37.9136111,-89.8219444
2005-06,disk,45.533451,-122.475239
2005-06,disk,38.625,34.712222
2005-06,disk,40.7072222,-73.6763889
2005-06,disk,37.3541667,-121.9541667
2005-06,fireball,39.7286111,-121.8363889
2005-06,fireball,35.6550000,-82.6963889
2005-06,fireball,39.5963889,-119.7750000
2005-06,teardrop,42.3583333,-71.0602778
2005-06,cigar,52.416667,-1.55
2005-06,chevron,25.7902778,-80.1302778
2005-06,chevron,35.2269444,-80.8433333
2005-06,cone,47.41055,23.174728
2005-07,oval,46.7313889,-117.1786111
2005-07,oval,34.7302778,-86.5861111
2005-07,oval,28.7088889,-100.4991667
2005-07,oval,53.283333,-110
2005-07,oval,43.4891667,-71.5827778
2005-07,,63.090556,-147.474167
2005-07,,37.0930556,-81.7938889
2005-07,,42.9047222,-77.6116667
2005-07,,37.5019444,-79.1280556
2005-07,,43.5408333,-116.5625000
2005-07,,27.5155556,-97.8558333
2005-07,,37.6391667,-120.9958333
2005-07,,39.0825000,-74.8241667
2005-07,,47.250795,-122.439892
2005-07,,9.920987,-84.098549
2005-07,,45.8641667,-122.8052778
2005-07,,36.2694444,-95.8544444
2005-07,,30.3933333,-86.4958333
2005-07,,41.0105556,-74.1183333
2005-07,,32.7833333,-96.8000000
2005-07,,35.9130556,-79.0561111
2005-07,,41.7747222,-74.2986111
2005-07,,42.6875000,-83.2341667
2005-07,,36.0005556,-88.4280556
2005-07,,37.1738889,-95.1944444
2005-07,cylinder,42.783333,-80.2
2005-07,cylinder,42.230537,-83.74664
2005-07,triangle,43.1863889,-77.8041667
2005-07,triangle,37.9780556,-122.0300000
2005-07,triangle,56.327358,43.985191
2005-07,triangle,43.1811111,-95.8558333
2005-07,triangle,48.7597222,-122.4869444
2005-07,triangle,44.65,-63.6
2005-07,triangle,28.8002778,-81.2733333
2005-07,triangle,36.2741667,-87.0641667
2005-07,light,39.0483333,-95.6777778
2005-07,light,50.223923,-119.230096
2005-07,light,51.507351,-0.127758
2005-07,light,41.36144,-81.812912
2005-07,light,40.057838,-74.137183
2005-07,light,47.4563889,-101.1366667
2005-07,light,43.666667,-79.416667
2005-07,light,33.4483333,-112.0733333
2005-07,light,36.7477778,-119.7713889
2005-07,light,42.4727778,-122.8016667
2005-07,light,39.5297222,-81.5063889
2005-07,light,41.5094444,-90.5786111
2005-07,light,32.7947222,-116.9616667
2005-07,light,-33.861481,151.205475
2005-07,light,34.5794444,-118.1155556
2005-07,light,34.2866667,-78.7013889
2005-07,light,43.3772222,-73.6136111
2005-07,light,43.6136111,-116.2025000
2005-07,light,47.5405556,-122.6350000
2005-07,light,30.3319444,-81.6558333
2005-07,light,38.3305556,-80.6533333
2005-07,light,43.3369444,-83.3525000
2005-07,light,44.7894444,-93.6019444
2005-07,light,-32.336111,115.748611
2005-07,light,43.2658333,-70.8650000
2005-07,light,41.3983333,-81.8047222
2005-07,light,45.1438889,-122.8541667
2005-07,light,33.3061111,-111.8405556
2005-07,diamond,40.9116667,-85.9244444
2005-07,diamond,34.1064,-117.370323
2005-07,formation,49.25,-123.133333
2005-07,formation,46.3775000,-120.3075000
2005-07,formation,35.2269444,-80.8433333
2005-07,circle,47.5302778,-122.0313889
2005-07,circle,38.3697222,-90.3783333
2005-07,circle,45.3763889,-122.0155556
2005-07,circle,34.2438889,-116.9105556
2005-07,circle,44.616667,-63.483333
2005-07,circle,39.2341667,-93.9352778
2005-07,circle,36.7855556,-108.6863889
2005-07,circle,54.34897,-6.26978
2005-07,circle,29.4238889,-98.4933333
2005-07,circle,38.8338889,-104.8208333
2005-07,changing,38.5816667,-121.4933333
2005-07,changing,41.912529,-88.134793
2005-07,changing,56.130366,-106.346771
2005-07,changing,38.5816667,-121.4933333
2005-07,flash,45.6388889,-122.6602778
2005-07,sphere,41.6611111,-91.5300000
2005-07,sphere,34.4358333,-119.8266667
2005-07,sphere,37.7797222,-119.0744444
2005-07,sphere,47.4958333,-121.7855556
2005-07,sphere,33.9461111,-84.3347222
2005-07,sphere,48.0841667,-121.9675000
2005-07,sphere,37.3688889,-122.0352778
2005-07,sphere,46.521858,-84.34609
2005-07,disk,49.4,-123.5
2005-07,disk,45.3055556,-93.7938889
2005-07,disk,43.6122222,-116.3905556
2005-07,disk,37.865101,-119.538329
2005-07,disk,35.0536111,-94.6233333
2005-07,disk,26.0625000,-80.2333333
2005-07,disk,43.166667,-79.233333
2005-07,disk,33.3941667,-104.5225000
2005-07,disk,33.460706,-117.606351
2005-07,disk,37.7075000,-81.2508333
2005-07,disk,43.9144444,-69.9658333
2005-07,disk,38.658999,-77.180787
2005-07,fireball,37.8716667,-122.2716667
2005-07,fireball,45.943161,24.96676
2005-07,fireball,40.7000000,-73.9061111
2005-07,fireball,43.666667,-79.416667
2005-07,fireball,41.4700000,-87.6363889
2005-07,teardrop,47.6816667,-122.2075000
2005-07,teardrop,47.6063889,-122.3308333
2005-07,teardrop,43.1,-79.05
2005-07,cigar,42.9813889,-70.9483333
2005-07,cigar,45.3069444,-92.3619444
2005-07,cigar,37.9886111,-84.4777778
2005-07,cigar,42.8713889,-112.4447222
2005-08,,48.759613,-113.787023
2005-08,,-32.15,116
2005-08,,5.942987,-56.992517
2005-08,,43.8519444,-85.0052778
2005-08,,48.7597222,-122.4869444
2005-08,,28.2438889,-82.7194444
2005-08,,45.4313889,-122.7702778
2005-08,,37.9841667,-120.3811111
2005-08,,30.4188889,-97.0113889
2005-08,,53.55,-113.5
2005-08,,39.2130556,-106.9372222
2005-08,,40.8325000,-115.7622222
2005-08,,46.4163889,-117.0441667
2005-08,,39.8494444,-75.3561111
2005-08,,34.0522222,-118.2427778
2005-08,,38.1866667,-91.9469444
2005-08,,49.9,-119.483333
2005-08,,40.7672222,-74.2052778
2005-08,,51.566667,-.333333
2005-08,,32.7252778,-97.3205556
2005-08,cylinder,51.454513,-2.58791
2005-08,cylinder,39.2513889,-119.9719444
2005-08,cylinder,41.3144444,-81.8358333
2005-08,triangle,42.2638889,-88.8441667
2005-08,triangle,41.3144444,-81.8358333
2005-08,triangle,38.2097222,-84.5588889
2005-08,triangle,34.4441667,-85.7197222
2005-08,triangle,33.4933333,-112.3572222
2005-08,light,40.3858333,-122.2797222
2005-08,light,39.5297222,-119.8127778
2005-08,light,23.982411,72.245262
2005-08,light,51.9,-2.083333
2005-08,light,34.0522222,-118.2427778
2005-08,light,25.781562,-100.187597
2005-08,light,34.9322222,-86.5719444
2005-08,light,33.9525000,-84.5500000
2005-08,light,32.7152778,-117.1563889
2005-08,light,39.1433333,-77.2016667
2005-08,light,43.0986111,-77.4422222
2005-08,light,47.4830556,-122.2158333
2005-08,light,37.4947222,-120.8455556
2005-08,light,44.9430556,-123.0338889
2005-08,light,36.6333333,-93.4166667
2005-08,light,47.6063889,-122.3308333
2005-08,light,38.4405556,-122.7133333
2005-08,light,38.1375000,-120.4586111
2005-08,light,38.8402778,-97.6111111
2005-08,light,38.3325000,-82.9486111
2005-08,light,40.1738889,-80.2463889
2005-08,diamond,33.7475000,-116.9711111
2005-08,diamond,50.705313,-3.071873
2005-08,formation,32.7833333,-96.8000000
2005-08,circle,39.7763889,-74.8627778
2005-08,circle,50.338333,-4.765833
2005-08,circle,40.46193,-75.228945
2005-08,rectangle,37.9736111,-122.5300000
2005-08,rectangle,37.4791667,-82.5188889
2005-08,changing,43.0730556,-89.4011111
2005-08,changing,34.4208333,-119.6972222
2005-08,changing,32.9477778,-112.7161111
2005-08,changing,43.0730556,-89.4011111
2005-08,flash,47.5288889,-121.8241667
2005-08,flash,42.3636111,-87.8447222
2005-08,flash,21.3069444,-157.8583333
2005-08,sphere,42.1816667,-87.8002778
2005-08,sphere,41.8661111,-88.1069444
2005-08,sphere,33.4511111,-86.9966667
2005-08,sphere,45.3325000,-93.7458333
2005-08,sphere,39.6402778,-106.3736111
2005-08,sphere,40.7791667,-72.9158333
2005-08,disk,55.26577,-128.065545
2005-08,disk,36.0397222,-114.9811111
2005-08,disk,44.0216667,-92.4697222
2005-08,disk,37.7750000,-122.4183333
2005-08,disk,35.6144444,-88.8138889
2005-08,disk,40.8566667,-74.1288889
2005-08,disk,47.4830556,-122.2158333
2005-08,fireball,29.0255556,-80.9272222
2005-08,cigar,38.4500000,-91.0083333
2005-08,cigar,35.4427778,-84.5930556
2005-08,cigar,30.7436111,-98.0552778
2005-08,chevron,52.416667,-1.55
2005-09,oval,42.8863889,-78.8786111
2005-09,oval,40.8883333,-80.6941667
2005-09,oval,39.8963889,-82.4202778
2005-09,oval,41.8500000,-87.6500000
2005-09,oval,33.9791667,-118.0319444
2005-09,,26.6155556,-80.0572222
2005-09,,47.3294444,-122.5788889
2005-09,,38.9730556,-123.1152778
2005-09,,35.9130556,-79.0561111
2005-09,,41.5733333,-87.7844444
2005-09,,41.9666667,-71.4333333
2005-09,,41.1844444,-73.1336111
2005-09,,41.9233333,-85.5283333
2005-09,,47.2530556,-122.4430556
2005-09,,35.9100000,-79.0755556
2005-09,,41.6302778,-87.8538889
2005-09,,34.1808333,-118.3080556
2005-09,,40.7138889,-73.5594444
2005-09,,36.1750000,-115.1363889
2005-09,,35.0844444,-106.6505556
2005-09,,41.2411111,-77.0013889
2005-09,,33.7127,-84.17204
2005-09,,41.5680556,-87.7202778
2005-09,,32.3130556,-97.0113889
2005-09,,27.0994444,-82.4544444
2005-09,,28.2713889,-82.7197222
2005-09,,32.7152778,-117.1563889
2005-09,,56.733333,-111.383333
2005-09,,46.521858,-84.34609
2005-09,,44.309513,-89.513859
2005-09,,18.141982,99.428349
2005-09,,32.910487,-115.117021
2005-09,cylinder,39.2902778,-76.6125000
2005-09,triangle,41.5066667,-90.5150000
2005-09,triangle,58.735793,5.647735
2005-09,triangle,41.9102778,-88.0716667
2005-09,triangle,43.5944444,-83.8888889
2005-09,triangle,36.0988889,-78.3013889
2005-09,triangle,47.6063889,-122.3308333
2005-09,triangle,43.2802778,-71.6005556
2005-09,triangle,36.8188889,-76.2752778
2005-09,triangle,41.5733333,-87.7844444
2005-09,triangle,33.8491667,-118.3875000
2005-09,triangle,38.084392,-95.633711
2005-09,light,41.6005556,-93.6088889
2005-09,light,48.833333,-125.15
2005-09,light,29.5847222,-81.2080556
2005-09,light,41.6302778,-87.8538889
2005-09,light,38.1916667,-120.8280556
2005-09,light,48.1988889,-122.1238889
2005-09,light,25.7738889,-80.1938889
2005-09,light,42.269522,-71.616129
2005-09,light,47.3225000,-122.3113889
2005-09,light,42.7355556,-94.6688889
2005-09,light,41.6027778,-87.7438889
2005-09,light,43.9050000,-91.4361111
2005-09,light,43.5391667,-89.4625000
2005-09,light,33.3061111,-111.8405556
2005-09,light,57.856921,-133.58946
2005-09,light,32.4366667,-111.2247222
2005-09,light,42.2708333,-83.7263889
2005-09,light,43.0202778,-71.6008333
2005-09,light,47.7625000,-122.2041667
2005-09,light,41.6302778,-87.8538889
2005-09,light,39.6452778,-121.4022222
2005-09,light,41.6302778,-87.8538889
2005-09,light,40.5583333,-85.6591667
2005-09,light,39.5533333,-77.9952778
2005-09,light,41.7469444,-88.0502778
2005-09,light,40.8597222,-74.0597222
2005-09,light,40.8861111,-73.2577778
2005-09,light,35.0844444,-106.6505556
2005-09,light,47.5730556,-117.6811111
2005-09,light,32.506329,-116.917864
2005-09,diamond,40.1569444,-74.2577778
2005-09,formation,45.522604,-123.889296
2005-09,formation,37.3688889,-122.0352778
2005-09,formation,35.2625000,-77.5819444
2005-09,formation,41.581352,-87.769858
2005-09,formation,44.3877778,-71.1736111
2005-09,circle,44.556181,14.885424
2005-09,circle,38.1838889,-83.4327778
2005-09,circle,45.0791667,-93.1469444
2005-09,circle,33.6694444,-117.8222222
2005-09,circle,37.4852778,-122.2352778
2005-09,circle,47.5302778,-122.0313889
2005-09,rectangle,36.3230556,-86.7133333
2005-09,rectangle,33.3527778,-111.7883333
2005-09,changing,39.0838889,-77.1530556
2005-09,changing,34.5636111,-111.8536111
2005-09,flash,39.9166667,-75.3880556
2005-09,flash,42.7522222,-76.8338889
2005-09,sphere,17.64126,-63.230467
2005-09,sphere,34.2783333,-119.2922222
2005-09,sphere,40.6563889,-73.6097222
2005-09,disk,55.378051,-3.435973
2005-09,disk,43.5277778,-71.4708333
2005-09,disk,34.2308333,-111.3244444
2005-09,disk,33.9608333,-83.3780556
2005-09,disk,39.7102778,-111.8355556
2005-09,disk,43.866667,-79.266667
2005-09,disk,43.5277778,-71.4708333
2005-09,disk,39.32098,-111.093731
2005-09,disk,47.92,106.92
2005-09,fireball,27.273049,-80.358226
2005-09,fireball,33.3702778,-112.5830556
2005-09,fireball,34.2694444,-118.7805556
2005-09,fireball,-35.359058,150.472473
2005-09,fireball,34.6100000,-112.3150000
2005-09,fireball,39.5297222,-119.8127778
2005-09,fireball,28.1486111,-80.5886111
2005-09,fireball,35.24804,-75.539315
2005-09,fireball,48.5500000,-109.6833333
2005-09,fireball,34.6086111,-98.3900000
2005-09,teardrop,26.4377778,-81.8069444
2005-09,cigar,36.7477778,-119.7713889
2005-09,cigar,37.4136111,-79.1425000
2005-09,cigar,42.2411111,-88.3161111
2005-09,cigar,33.3805556,-84.7997222
2005-09,cigar,40.7372222,-114.0366667
2005-09,chevron,42.9633333,-85.6680556
2005-10,oval,39.3722222,-104.8555556
2005-10,oval,38.581572,-121.4944
2005-10,oval,34.9530556,-120.4347222
2005-10,oval,35.2505556,-91.7361111
2005-10,oval,37.7397222,-121.4241667
2005-10,oval,32.6097222,-85.4808333
2005-10,oval,37.7750000,-122.4183333
2005-10,oval,26.1400000,-80.2136111
2005-10,,36.0652778,-119.0158333
2005-10,,53.3,-3.75
2005-10,,33.6305556,-112.3325000
2005-10,,34.9530556,-120.4347222
2005-10,,42.9275000,-123.2800000
2005-10,,43.7575000,-122.4952778
2005-10,,41.8558333,-75.2241667
2005-10,,33.6000000,-117.6711111
2005-10,,38.1019444,-79.3183333
2005-10,,41.5733333,-87.7844444
2005-10,,61.2180556,-149.9002778
2005-10,,36.1750000,-115.1363889
2005-10,,38.7072222,-121.2800000
2005-10,,51.833333,.583333
2005-10,,38.2933333,-83.6588889
2005-10,,40.7141667,-74.0063889
2005-10,,34.0211111,-118.3955556
2005-10,,37.967836,-122.332649
2005-10,,60.631811,24.857883
2005-10,cylinder,40.0063889,-75.7036111
2005-10,triangle,57.149563,24.860333
2005-10,triangle,42.983333,-79.25
2005-10,triangle,40.5030556,-78.6305556
2005-10,triangle,41.5066667,-90.5150000
2005-10,triangle,33.5091667,-111.8983333
2005-10,triangle,34.924031,-117.891208
2005-10,triangle,41.5733333,-87.7844444
2005-10,triangle,45.07974,-93.257551
2005-10,triangle,38.9905556,-77.0263889
2005-10,triangle,25.7738889,-80.1938889
2005-10,light,39.3397222,-74.5755556
2005-10,light,41.6611111,-87.7525000
2005-10,light,38.4000000,-105.2166667
2005-10,light,37.4852778,-122.2352778
2005-10,light,42.4566667,-83.9463889
2005-10,light,41.6027778,-87.7438889
2005-10,light,41.7636111,-72.6855556
2005-10,light,39.0997222,-94.5783333
2005-10,light,41.7002778,-73.9213889
2005-10,light,25.8897222,-80.1869444
2005-10,light,41.6027778,-87.7438889
2005-10,light,40.6638889,-74.2111111
2005-10,light,38.083403,-122.763304
2005-10,light,40.6808333,-112.2622222
2005-10,light,42.9786111,-71.0733333
2005-10,light,33.5805556,-112.2366667
2005-10,light,39.7391667,-104.9841667
2005-10,light,39.1269000,-92.4399000
2005-10,light,26.9338889,-80.0944444
2005-10,light,40.0150000,-105.2700000
2005-10,light,52.75,1.3
2005-10,light,37.7750000,-122.4183333
2005-10,diamond,40.6600000,-111.9955556
2005-10,diamond,41.6302778,-87.8538889
2005-10,formation,42.3241667,-83.4002778
2005-10,formation,41.626389,-87.711667
2005-10,formation,41.7255556,-87.8250000
2005-10,formation,33.1580556,-117.3497222
2005-10,formation,33.4483333,-112.0733333
2005-10,formation,53.5,-2.216667
2005-10,formation,41.5733333,-87.7844444
2005-10,formation,43.8013889,-91.2394444
2005-10,circle,40.9730556,-117.7347222
2005-10,circle,38.5730556,-82.8302778
2005-10,circle,32.7666667,-96.5988889
2005-10,circle,41.6027778,-87.7438889
2005-10,circle,41.5733333,-87.7844444
2005-10,rectangle,41.8175000,-113.3283333
2005-10,changing,32.4797222,-86.3619444
2005-10,changing,41.8777778,-87.9027778
2005-10,changing,45.50867,-73.553992
2005-10,changing,39.7391667,-104.9841667
2005-10,changing,40.7141667,-74.0063889
2005-10,flash,41.1219444,-83.0158333
2005-10,flash,40.1488889,-79.5413889
2005-10,flash,41.5250000,-88.0816667
2005-10,flash,36.0725000,-79.7922222
2005-10,sphere,33.7938889,-84.6605556
2005-10,sphere,35.6838889,-82.0094444
2005-10,sphere,37.2683333,-93.1169444
2005-10,sphere,32.7866667,-79.7950000
2005-10,sphere,45.3088889,-89.4963889
2005-10,egg,32.6630556,-95.4880556
2005-10,disk,32.7833333,-96.8000000
2005-10,disk,32.1344444,-97.4738889
2005-10,disk,48.4,-89.233333
2005-10,disk,44.4758333,-73.2125000
2005-10,disk,46.3580556,-94.2005556
2005-10,disk,41.6580556,-90.5844444
2005-10,disk,43.856259,18.413076
2005-10,fireball,35.9172222,-82.3011111
2005-10,fireball,37.7588889,-98.5527778
2005-10,fireball,38.6272222,-90.1977778
2005-10,fireball,43.1200000,-85.5600000
2005-10,fireball,40.0811111,-75.1897222
2005-10,fireball,38.2919444,-122.4569444
2005-10,cigar,31.6277778,-110.3333333
2005-10,cigar,41.6005556,-93.6088889
2005-10,cigar,41.5769444,-73.4088889
2005-10,cigar,36.1538889,-95.9925000
2005-10,cigar,28.5380556,-81.3794444
2005-10,chevron,37.3394444,-121.8938889
2005-10,chevron,40.0150000,-105.2700000
2005-10,chevron,34.2283333,-118.5358333
2005-10,chevron,44.9430556,-123.0338889
2005-11,oval,34.2783333,-119.2922222
2005-11,,41.2888889,-72.6822222
2005-11,,38.529288,-76.975251
2005-11,,41.8500000,-87.6500000
2005-11,,34.1975000,-119.1761111
2005-11,,47.6063889,-122.3308333
2005-11,,40.6430556,-111.2800000
2005-11,,39.6294444,-79.9561111
2005-11,,38.0194444,-122.1330556
2005-11,,41.7797222,-71.4377778
2005-11,,35.2269444,-80.8433333
2005-11,,37.3861111,-122.0827778
2005-11,,36.2125000,-79.7138889
2005-11,,41.0441667,-83.6500000
2005-11,,28.2438889,-82.7194444
2005-11,,35.2472222,-97.5994444
2005-11,,38.6269444,-88.9455556
2005-11,,37.6833333,-87.9166667
2005-11,,26.1416667,-81.7950000
2005-11,,37.461463,-122.310752
2005-11,,34.2255556,-77.9450000
2005-11,,38.788698,-90.511764
2005-11,cylinder,42.9633333,-85.6680556
2005-11,triangle,46.7163889,-122.9530556
2005-11,triangle,35.7325000,-78.8505556
2005-11,triangle,41.5733333,-87.7844444
2005-11,triangle,33.4483333,-112.0733333
2005-11,triangle,33.4250000,-94.0475000
2005-11,triangle,31.7086111,-87.7772222
2005-11,triangle,37.5536111,-77.4605556
2005-11,triangle,33.5169444,-83.6961111
2005-11,triangle,34.1013889,-84.5194444
2005-11,triangle,47.5405556,-122.6350000
2005-11,triangle,42.983333,-81.25
2005-11,triangle,39.2086111,-81.1575000
2005-11,triangle,37.5233333,-77.3161111
2005-11,triangle,34.1013889,-84.5194444
2005-11,light,44.9800000,-93.2636111
2005-11,light,34.1577778,-118.6375000
2005-11,light,30.1102778,-97.3150000
2005-11,light,45.5,-73.583333
2005-11,light,35.5938889,-89.2622222
2005-11,light,37.9575000,-119.1208333
2005-11,light,41.4969444,-71.3677778
2005-11,light,38.9805556,-77.1005556
2005-11,light,28.5380556,-81.3794444
2005-11,light,33.4355556,-112.3488889
2005-11,light,43.4061111,-76.1261111
2005-11,light,27.273049,-80.358226
2005-11,light,34.8986111,-117.0219444
2005-11,light,30.4013889,-86.8636111
2005-11,light,41.9902778,-70.9755556
2005-11,light,30.235296,-96.365157
2005-11,light,52.683333,-1.816667
2005-11,light,31.3150000,-85.8552778
2005-11,light,33.3061111,-111.8405556
2005-11,light,37.5483333,-121.9875000
2005-11,light,28.5388889,-80.6722222
2005-11,light,37.3280556,-87.4988889
2005-11,light,39.4666667,-87.4138889
2005-11,light,44.3633333,-98.2138889
2005-11,light,40.5791667,-74.4119444
2005-11,light,30.1102778,-97.3150000
2005-11,light,38.7744444,-75.1397222
2005-11,light,32.2216667,-110.9258333
2005-11,light,36.9955556,-91.0144444
2005-11,light,-37.813938,144.963425
2005-11,light,23.810332,90.412518
2005-11,light,32.514947,-117.038247
2005-11,light,40.0719444,-83.5563889
2005-11,light,44.233333,-76.483333
2005-11,light,-16.92304,145.766251
2005-11,light,38.950926,-92.307682
2005-11,light,31.5491667,-97.1463889
2005-11,diamond,40.0830556,-74.0686111
2005-11,formation,30.4013889,-86.8636111
2005-11,formation,44.1002778,-70.2152778
2005-11,formation,34.4436111,-118.6086111
2005-11,circle,33.4483333,-112.0733333
2005-11,circle,37.9480556,-122.0597222
2005-11,circle,33.6305556,-112.3325000
2005-11,circle,37.7750000,-122.4183333
2005-11,circle,38.6658333,-120.9250000
2005-11,circle,34.7016667,-86.3758333
2005-11,circle,28.5380556,-81.3794444
2005-11,circle,7.341063,134.47716
2005-11,circle,47.8211111,-122.3138889
2005-11,circle,51.571148,8.105754
2005-11,rectangle,32.0808333,-89.7758333
2005-11,changing,29.4238889,-98.4933333
2005-11,flash,33.0461111,-96.9938889
2005-11,sphere,38.5816667,-121.4933333
2005-11,sphere,38.7072222,-121.2800000
2005-11,sphere,38.0683333,-120.5386111
2005-11,sphere,35.4838889,-89.7250000
2005-11,sphere,27.7705556,-82.6794444
2005-11,egg,37.5388889,-87.2583333
2005-11,disk,37.3402778,-95.2608333
2005-11,disk,28.3644444,-82.1961111
2005-11,disk,40.1261111,-82.9291667
2005-11,disk,33.7669444,-118.1883333
2005-11,fireball,30.2669444,-97.7427778
2005-11,fireball,41.3197222,-81.6269444
2005-11,fireball,41.7955556,-86.0808333
2005-11,fireball,33.0197222,-96.6986111
2005-11,fireball,36.0652778,-119.0158333
2005-11,fireball,39.8402778,-88.9547222
2005-11,fireball,38.7838889,-90.4811111
2005-11,fireball,30.3580556,-90.0655556
2005-11,fireball,36.1988889,-115.1166667
2005-11,fireball,38.1302778,-121.2713889
2005-11,fireball,35.8238889,-80.2536111
2005-11,fireball,34.2783333,-119.2922222
2005-11,fireball,33.9163889,-78.1613889
2005-11,fireball,36.3275000,-119.6447222
2005-11,teardrop,35.2269444,-80.8433333
2005-11,teardrop,37.3822222,-89.6661111
2005-11,teardrop,42.4683333,-82.9555556
2005-11,cigar,43.458858,1.399356
2005-11,cigar,42.4500000,-73.2458333
2005-11,chevron,38.2538000,-94.3356000
2005-11,chevron,53.610421,-0.96144
2005-11,chevron,43.666667,-79.416667
2005-12,oval,30.406587,-87.683597
2005-12,oval,40.3275000,-80.0397222
2005-12,oval,33.7455556,-117.8669444
2005-12,oval,34.6125000,-83.5250000
2005-12,,20.653407,-105.225332
2005-12,,21.161908,-86.851528
2005-12,,38.9536111,-94.7333333
2005-12,,41.2558333,-122.1383333
2005-12,,44.3097222,-73.2613889
2005-12,,37.203889,-81.98
2005-12,,45.5,-73.583333
2005-12,,42.5294444,-83.7802778
2005-12,,33.4052778,-86.8113889
2005-12,,43.796573,-70.258521
2005-12,,48.4213889,-122.3327778
2005-12,cylinder,34.9702778,-78.9455556
2005-12,triangle,33.0183333,-80.1758333
2005-12,triangle,34.8297222,-82.6016667
2005-12,triangle,52.037774,-1.42576
2005-12,triangle,41.2958333,-86.6250000
2005-12,triangle,46.2858333,-119.2833333
2005-12,triangle,41.034262,-93.766759
2005-12,triangle,43.0125000,-83.6875000
2005-12,triangle,30.2669444,-97.7427778
2005-12,triangle,30.2669444,-97.7427778
2005-12,light,39.1433333,-77.2016667
2005-12,light,51.833333,-2.166667
2005-12,light,33.9022222,-118.0808333
2005-12,light,30.4391667,-97.6197222
2005-12,light,47.6063889,-122.3308333
2005-12,light,41.2794444,-72.8155556
2005-12,light,41.6738889,-73.0736111
2005-12,light,32.2094444,-99.7963889
2005-12,light,47.3200000,-114.0930556
2005-12,light,28.5380556,-81.3794444
2005-12,light,46.521858,-84.34609
2005-12,light,33.4222222,-111.8219444
2005-12,light,35.0875000,-84.0347222
2005-12,light,30.3319444,-81.6558333
2005-12,diamond,38.5752778,-78.5027778
2005-12,diamond,44.1916667,-88.6238889
2005-12,formation,38.6780556,-121.1750000
2005-12,formation,6.524379,3.379206
2005-12,circle,40.2736111,-76.8847222
2005-12,circle,-38.153461,144.358093
2005-12,circle,39.6477778,-104.9872222
2005-12,circle,32.7558333,-111.6702778
2005-12,circle,27.0438889,-82.2361111
2005-12,circle,44.0522222,-123.0855556
2005-12,circle,34.4208333,-119.6972222
2005-12,changing,36.8416667,-82.2252778
2005-12,flash,45.5236111,-122.6750000
2005-12,flash,34.1866667,-118.4480556
2005-12,flash,38.4730556,-77.9969444
2005-12,flash,41.4047222,-81.7230556
2005-12,sphere,41.2683333,-110.9625000
2005-12,sphere,38.8461111,-77.3066667
2005-12,sphere,32.692651,-114.627692
2005-12,sphere,31.652213,-97.307964
2005-12,disk,-37.813938,144.963425
2005-12,disk,34.9244444,-80.7436111
2005-12,fireball,39.5791667,-104.8763889
2005-12,fireball,37.7750000,-122.4183333
2005-12,fireball,22.986419,72.635522
2005-12,fireball,31.2516667,-89.8375000
2005-12,fireball,26.1272222,-80.2333333
2005-12,fireball,30.2238889,-92.0197222
2005-12,cigar,34.8666667,-92.4041667
2005-12,cigar,42.9958333,-77.6458333
2005-12,cigar,42.9666667,-88.3711111
2006-01,oval,37.9322222,-87.8950000
2006-01,oval,34.7463889,-92.2894444
2006-01,oval,39.92077,32.85411
2006-01,oval,41.4569444,-72.8236111
2006-01,,39.8208333,-84.0194444
2006-01,,33.4483333,-112.0733333
2006-01,,-33.861481,151.205475
2006-01,,46.216667,-63.483333
2006-01,,32.9813889,-82.8102778
2006-01,,42.885225,-86.123999
2006-01,,39.3508333,-101.7097222
2006-01,cylinder,27.694773,-80.543845
2006-01,triangle,33.6488889,-85.5875000
2006-01,triangle,33.931126,-117.548661
2006-01,triangle,35.4305556,-82.5013889
2006-01,triangle,39.4183333,-92.4380556
2006-01,triangle,41.6016667,-75.1502778
2006-01,triangle,42.1269444,-89.2555556
2006-01,triangle,33.9608333,-83.3780556
2006-01,triangle,42.3508333,-73.8033333
2006-01,triangle,31.968599,-99.901813
2006-01,light,43.8569444,-70.1036111
2006-01,light,57.944187,19.142479
2006-01,light,32.4486111,-99.7327778
2006-01,light,41.447569,-71.524667
2006-01,light,38.3030556,-77.4608333
2006-01,light,39.7172222,-74.9697222
2006-01,light,48.2413889,-122.3694444
2006-01,light,26.8230556,-80.1388889
2006-01,light,34.0194444,-118.4902778
2006-01,light,37.0052778,-89.1763889
2006-01,light,37.7750000,-122.4183333
2006-01,light,37.0113889,-80.0497222
2006-01,light,36.3125000,-95.6158333
2006-01,light,39.2038889,-94.5544444
2006-01,light,44.041991,-72.203388
2006-01,light,47.9252778,-97.0325000
2006-01,light,42.0897222,-76.8080556
2006-01,light,39.9686111,-77.5875000
2006-01,diamond,34.2766667,-115.1694444
2006-01,diamond,29.1869444,-82.1402778
2006-01,circle,37.7975000,-79.7913889
2006-01,circle,-33.861481,151.205475
2006-01,circle,37.1305556,-92.2633333
2006-01,rectangle,33.8302778,-116.5444444
2006-01,changing,35.0844444,-106.6505556
2006-01,flash,37.566535,126.977969
2006-01,sphere,42.9097222,-85.7630556
2006-01,sphere,32.584303,-88.187248
2006-01,sphere,40.0891667,-75.3963889
2006-01,disk,40.1738889,-80.2463889
2006-01,disk,47.833889,-122.124444
2006-01,disk,30.7233333,-95.5505556
2006-01,fireball,27.3361111,-82.5308333
2006-01,fireball,43.901816,1.896506
2006-01,fireball,34.0522222,-118.2427778
2006-01,fireball,33.129966,-117.309056
2006-01,teardrop,-26.394329,153.090103
2006-01,teardrop,41.8238889,-71.4133333
2006-01,teardrop,33.7455556,-117.8669444
2006-01,cigar,45.95,-66.633333
2006-02,oval,37.2152778,-93.2980556
2006-02,oval,37.9886111,-84.4777778
2006-02,oval,45.1602778,-93.0886111
2006-02,,52.633333,1.3
2006-02,,30.2669444,-97.7427778
2006-02,,54.5,-128.583333
2006-02,,38.2538000,-94.3356000
2006-02,,42.2411111,-83.6130556
2006-02,,53.5,-2.216667
2006-02,,37.2644444,-88.2441667
2006-02,,27.9472222,-82.4586111
2006-02,,33.4483333,-112.0733333
2006-02,,39.9669444,-74.9430556
2006-02,,42.0333333,-87.8833333
2006-02,,42.0986111,-75.9183333
2006-02,,53.716667,-.333333
2006-02,,41.5822222,-85.8344444
2006-02,,39.9522222,-75.1641667
2006-02,cylinder,36.9741667,-122.0297222
2006-02,triangle,32.3863889,-96.8480556
2006-02,triangle,41.4294444,-88.2286111
2006-02,triangle,37.7741667,-87.1133333
2006-02,triangle,37.5958333,-122.0180556
2006-02,triangle,36.4072222,-105.5725000
2006-02,triangle,33.9202778,-80.3416667
2006-02,triangle,29.4238889,-98.4933333
2006-02,light,37.3022222,-120.4819444
2006-02,light,38.8966667,-121.0758333
2006-02,light,31.7077778,-111.0638889
2006-02,light,32.2730556,-89.9858333
2006-02,light,32.7847222,-85.3058333
2006-02,light,38.7297222,-120.7975000
2006-02,light,35.6869444,-105.9372222
2006-02,light,37.7800000,-98.0194444
2006-02,light,44.5438889,-73.1483333
2006-02,light,27.9472222,-82.4586111
2006-02,light,33.6058333,-78.9733333
2006-02,light,39.9611111,-82.9988889
2006-02,light,27.7519444,-98.0694444
2006-02,light,47.6777778,-116.7794444
2006-02,light,33.3316667,-105.6725000
2006-02,formation,33.7455556,-117.8669444
2006-02,formation,20.653407,-105.225332
2006-02,formation,46.8722222,-113.9930556
2006-02,formation,40.5791667,-74.4119444
2006-02,circle,36.2808333,-83.5150000
2006-02,circle,34.413056,-110.564444
2006-02,circle,33.4150000,-111.5488889
2006-02,circle,26.5641667,-98.1208333
2006-02,changing,38.2541667,-85.7594444
2006-02,changing,-37.978276,175.757401
2006-02,flash,43.4194444,-83.9508333
2006-02,flash,33.9925000,-83.7202778
2006-02,sphere,34.1683333,-118.6050000
2006-02,sphere,33.7738889,-117.9405556
2006-02,sphere,34.0336111,-117.0422222
2006-02,sphere,64.8377778,-147.7163889
2006-02,disk,25.7738889,-80.1938889
2006-02,disk,20.653407,-105.225332
2006-02,fireball,39.9783333,-86.1180556
2006-02,fireball,35.7602778,-84.1358333
2006-02,fireball,36.0102778,-84.2697222
2006-02,fireball,39.2333333,-84.1613889
2006-02,cigar,4.860416,-58.93018
2006-02,cigar,53.55,-113.5
2006-02,chevron,41.447569,-71.524667
2006-02,chevron,39.5127778,-115.9597222
2006-03,oval,41.0886111,-74.0138889
2006-03,oval,42.1500000,-71.7633333
2006-03,oval,37.8716667,-122.2716667
2006-03,oval,43.25,-79.833333
2006-03,oval,36.1538889,-95.9925000
2006-03,oval,35.2269444,-80.8433333
2006-03,,40.1672222,-105.1013889
2006-03,,38.2811111,-80.8527778
2006-03,,45.776198,-65.381148
2006-03,,6.845363,80.103772
2006-03,,35.893488,10.598895
2006-03,,33.9791667,-118.0319444
2006-03,,35.4577778,-79.0533333
2006-03,,39.9561111,-75.0583333
2006-03,,47.3483333,-122.1136111
2006-03,,38.7216667,-76.6608333
2006-03,,38.9516667,-92.3338889
2006-03,,38.5816667,-121.4933333
2006-03,,35.0875000,-84.0347222
2006-03,,42.2833333,-71.3500000
2006-03,,44.3580556,-89.0858333
2006-03,,33.5386111,-112.1852778
2006-03,cylinder,27.430509,-82.42841
2006-03,triangle,35.6058333,-100.1002778
2006-03,triangle,38.7891667,-77.1875000
2006-03,triangle,41.7002778,-73.9213889
2006-03,triangle,34.9633333,-85.4111111
2006-03,triangle,26.6155556,-80.0572222
2006-03,triangle,41.6055556,-73.9719444
2006-03,triangle,28.7027778,-81.3386111
2006-03,light,47.2152778,-123.0994444
2006-03,light,-15.944821,-5.717933
2006-03,light,47.9791667,-122.2008333
2006-03,light,40.6588889,-74.3477778
2006-03,light,42.3750000,-71.0397222
2006-03,light,33.9022222,-118.0808333
2006-03,light,38.6786111,-121.7722222
2006-03,light,37.6655556,-82.7716667
2006-03,light,37.9836111,-122.0741667
2006-03,light,49.25,-123.133333
2006-03,light,36.458004,-116.870886
2006-03,light,44.7272222,-75.3213889
2006-03,light,42.361862,-106.205549
2006-03,light,37.7750000,-122.4183333
2006-03,light,26.2125000,-80.2500000
2006-03,diamond,-35.27603,149.13435
2006-03,circle,39.9625000,-76.7280556
2006-03,circle,32.7152778,-117.1563889
2006-03,circle,43.4391667,-70.7747222
2006-03,circle,41.4994444,-81.6955556
2006-03,circle,37.6194444,-84.5780556
2006-03,circle,32.5158333,-93.7319444
2006-03,circle,33.9791667,-118.0319444
2006-03,circle,33.0461111,-96.9938889
2006-03,circle,37.0841667,-94.5130556
2006-03,circle,33.4502778,-88.8183333
2006-03,circle,25.981202,-80.148379
2006-03,circle,33.5777778,-101.8547222
2006-03,changing,42.7533333,-84.7463889
2006-03,changing,36.1538889,-95.9925000
2006-03,changing,34.9702778,-78.9455556
2006-03,changing,50.133333,8.916667
2006-03,flash,44.9800000,-93.2636111
2006-03,sphere,33.9791667,-118.0319444
2006-03,sphere,33.1052778,-88.5608333
2006-03,sphere,44.3,-78.333333
2006-03,egg,32.8594444,-86.9513889
2006-03,cross,33.6602778,-117.9983333
2006-03,cross,52.416667,-1.55
2006-03,disk,36.3125000,-95.6158333
2006-03,disk,38.3241667,-85.4725000
2006-03,disk,46.729777,-117.181738
2006-03,disk,36.0625000,-94.1572222
2006-03,fireball,33.359341,-111.45003
2006-03,fireball,38.8047222,-77.0472222
2006-03,fireball,33.7397222,-116.4119444
2006-03,fireball,42.0372222,-88.2811111
2006-03,fireball,30.4380556,-84.2808333
2006-03,fireball,34.0952778,-118.1261111
2006-03,fireball,38.0280556,-121.8836111
2006-03,teardrop,58.595272,25.013607
2006-03,cigar,42.3583333,-71.0602778
2006-03,chevron,41.2400000,-83.6433333
2006-04,oval,38.907231,-77.036464
2006-04,oval,49.52273,5.88896
2006-04,,33.6305556,-112.3325000
2006-04,,47.5675000,-122.6313889
2006-04,,43.0986111,-77.4422222
2006-04,,31.7586111,-106.4863889
2006-04,,35.20105,-91.831833
2006-04,,39.2902778,-76.6125000
2006-04,,38.7522222,-121.2869444
2006-04,,38.8338889,-104.8208333
2006-04,,33.639099,-112.395758
2006-04,,40.242028,-75.555339
2006-04,,36.8525000,-121.4005556
2006-04,,34.0522222,-118.2427778
2006-04,,33.4052778,-86.8113889
2006-04,,38.6858333,-121.0811111
2006-04,,47.6816667,-122.2075000
2006-04,triangle,29.8830556,-97.9411111
2006-04,triangle,30.4211111,-87.2169444
2006-04,triangle,40.3336111,-75.6377778
2006-04,triangle,40.3355556,-75.9272222
2006-04,triangle,39.8077778,-87.4950000
2006-04,triangle,39.7391667,-104.9841667
2006-04,triangle,39.7558333,-77.5780556
2006-04,triangle,49.25,-123.133333
2006-04,triangle,34.2569444,-85.1647222
2006-04,triangle,51.833333,-2.166667
2006-04,light,43.810556,-70.416944
2006-04,light,33.8388889,-83.9008333
2006-04,light,28.1758333,-80.5902778
2006-04,light,43.438912,-85.660879
2006-04,light,39.2180556,-93.0688889
2006-04,light,36.9758333,-82.5758333
2006-04,light,46.6022222,-120.5047222
2006-04,light,46.8722222,-113.9930556
2006-04,light,38.5816667,-121.4933333
2006-04,light,45.5236111,-122.6750000
2006-04,diamond,45.5236111,-122.6750000
2006-04,formation,40.876765,-73.324561
2006-04,formation,25.7738889,-80.1938889
2006-04,formation,52.3,-1.116667
2006-04,formation,52.416667,-1.55
2006-04,formation,39.5297222,-119.8127778
2006-04,circle,30.4211111,-87.2169444
2006-04,circle,46.0494444,-118.3872222
2006-04,circle,33.9686111,-112.7288889
2006-04,circle,55.833333,-3.083333
2006-04,circle,44.0216667,-92.4697222
2006-04,circle,72.7,-78
2006-04,changing,33.9816667,-118.2241667
2006-04,changing,40.5852778,-105.0838889
2006-04,changing,39.7441667,-83.8086111
2006-04,changing,31.9972222,-102.0775000
2006-04,sphere,45.5236111,-122.6750000
2006-04,sphere,38.8047222,-77.0472222
2006-04,sphere,39.7475000,-122.1952778
2006-04,disk,10.340556,-68.736944
2006-04,disk,43.2166667,-123.3405556
2006-04,disk,47.0530556,-122.2930556
2006-04,disk,45.8191667,-122.8477778
2006-04,disk,43.15,-79.5
2006-04,disk,43.4891667,-71.5827778
2006-04,disk,53.916667,-3
2006-04,disk,39.5363889,-83.4391667
2006-04,disk,42.2458333,-84.4013889
2006-04,fireball,40.4277778,-74.4163889
2006-04,fireball,39.6294444,-79.9561111
2006-04,fireball,46.7163889,-122.9530556
2006-04,fireball,45.5236111,-122.6750000
2006-04,cigar,52.033333,-.633333
2006-04,cigar,39.9522222,-75.1641667
2006-04,cigar,39.2902778,-76.6125000
2006-05,oval,41.5250000,-88.0816667
2006-05,oval,42.4250000,-71.0666667
2006-05,oval,45.4944444,-122.8658333
2006-05,oval,40.7141667,-74.0063889
2006-05,,33.8358333,-118.3397222
2006-05,,33.0461111,-96.9938889
2006-05,,28.0219444,-81.7330556
2006-05,,47.560541,-52.712831
2006-05,,38.5816667,-121.4933333
2006-05,,40.4841667,-88.9936111
2006-05,,40.4841667,-88.9936111
2006-05,,30.2458333,-87.7008333
2006-05,,-30.75,30.45
2006-05,,47.6063889,-122.3308333
2006-05,,54.988056,-1.619444
2006-05,,53.888996,-2.633778
2006-05,,30.8780556,-97.4013889
2006-05,,31.5544444,-110.3030556
2006-05,,44.558803,-72.577841
2006-05,,37.5630556,-122.3244444
2006-05,,9.748917,-83.753428
2006-05,,33.5538889,-117.2130556
2006-05,cylinder,42.663923,-78.996689
2006-05,triangle,29.7630556,-95.3630556
2006-05,triangle,39.7458333,-75.5469444
2006-05,triangle,38.7627778,-93.7358333
2006-05,triangle,53.333333,-3.083333
2006-05,light,-31.95224,115.861397
2006-05,light,41.5033333,-74.0108333
2006-05,light,39.2902778,-76.6125000
2006-05,light,45.633333,-64.05
2006-05,light,51.514125,-.093689
2006-05,light,41.6997222,-93.0477778
2006-05,light,37.2872222,-121.9488889
2006-05,light,45.1752778,-121.0802778
2006-05,light,46.216667,-63.483333
2006-05,light,33.6888889,-78.8869444
2006-05,light,33.3702778,-112.5830556
2006-05,light,-33.42979,151.371445
2006-05,light,32.2094444,-99.7963889
2006-05,light,37.0977778,-89.5625000
2006-05,light,30.1763889,-85.8055556
2006-05,light,41.3763889,-123.4750000
2006-05,light,33.4352778,-112.3575000
2006-05,light,45.583333,-72
2006-05,light,44.30367,-72.446494
2006-05,light,33.8527778,-96.5616667
2006-05,light,25.7738889,-80.1938889
2006-05,light,33.5091667,-111.8983333
2006-05,light,32.4205556,-104.2283333
2006-05,light,34.0552778,-117.7513889
2006-05,light,40.8000000,-96.6666667
2006-05,formation,41.1930556,-87.0555556
2006-05,formation,44.0500000,-91.6391667
2006-05,circle,37.7250000,-122.1550000
2006-05,circle,39.92077,32.85411
2006-05,circle,-21.137427,-47.991647
2006-05,circle,39.0416667,-94.7200000
2006-05,circle,-21.762668,-41.31845
2006-05,circle,40.9413889,-73.1063889
2006-05,circle,27.9091667,-82.7875000
2006-05,changing,47.9447222,-122.3033333
2006-05,changing,37.6058333,-76.5952778
2006-05,changing,37.7055556,-81.0986111
2006-05,flash,44.4325,26.103889
2006-05,flash,42.0333333,-70.9597222
2006-05,sphere,47.958156,-55.853811
2006-05,sphere,41.4994444,-81.6955556
2006-05,sphere,29.3927778,-98.2369444
2006-05,sphere,26.6402778,-81.8725000
2006-05,sphere,33.4147222,-111.9086111
2006-05,disk,38.1991667,-92.8333333
2006-05,disk,36.1658333,-86.7844444
2006-05,disk,27.1300000,-80.8938889
2006-05,fireball,37.5536111,-77.4605556
2006-05,fireball,33.7591667,-118.0058333
2006-06,oval,39.70939,-113.103304
2006-06,oval,42.9405556,-87.9958333
2006-06,oval,-27.47101,153.024292
2006-06,oval,64.7511111,-147.3494444
2006-06,oval,33.2000000,-117.2416667
2006-06,oval,35.092052,-83.934672
2006-06,oval,42.0963889,-83.2919444
2006-06,oval,40.2719444,-81.8597222
2006-06,,43.4577778,-88.8372222
2006-06,,27.3361111,-82.5308333
2006-06,,33.9533333,-117.3952778
2006-06,,36.9786111,-76.4283333
2006-06,,32.8716667,-96.1483333
2006-06,,32.7252778,-97.3205556
2006-06,,36.1750000,-115.1363889
2006-06,,42.0177778,-71.5416667
2006-06,,33.4483333,-112.0733333
2006-06,,41.2752778,-75.8505556
2006-06,,34.1477778,-118.1436111
2006-06,,35.2219444,-101.8308333
2006-06,,40.1266667,-79.4288889
2006-06,,33.7488889,-84.3880556
2006-06,,47.5963889,-120.6602778
2006-06,,30.6873,75.8316
2006-06,cylinder,43.6275000,-89.7708333
2006-06,cylinder,46.521858,-84.34609
2006-06,triangle,36.7477778,-119.7713889
2006-06,triangle,32.7947222,-116.9616667
2006-06,triangle,31.652213,-97.307964
2006-06,triangle,33.5538889,-117.2130556
2006-06,light,26.2030556,-98.2297222
2006-06,light,43.5977778,-84.7675000
2006-06,light,45.4208333,-122.6694444
2006-06,light,22.890533,-109.916737
2006-06,light,34.0522222,-118.2427778
2006-06,light,40.8611111,-79.8955556
2006-06,light,44.5191667,-88.0197222
2006-06,light,38.9333333,-119.9833333
2006-06,light,40.7544444,-86.3566667
2006-06,light,40.6408333,-74.3111111
2006-06,light,45.7833333,-108.5000000
2006-06,light,46.6022222,-120.5047222
2006-06,light,34.2572222,-118.4661111
2006-06,light,42.8666667,-106.3125000
2006-06,light,47.6063889,-122.3308333
2006-06,light,47.7883333,-122.3075000
2006-06,light,26.1586111,-97.8236111
2006-06,light,46.5,-80.966667
2006-06,light,35.4675000,-97.5161111
2006-06,light,47.5302778,-122.0313889
2006-06,diamond,41.9852778,-72.4466667
2006-06,formation,43.865727,10.25131
2006-06,formation,25.0861111,-80.4475000
2006-06,circle,30.3116667,-81.3966667
2006-06,circle,25.7738889,-80.1938889
2006-06,circle,34.2163889,-119.0366667
2006-06,rectangle,39.3022222,-90.4069444
2006-06,changing,47.6588889,-117.4250000
2006-06,flash,39.8302778,-75.2408333
2006-06,sphere,45.5,-73.583333
2006-06,sphere,36.5958333,-91.6455556
2006-06,sphere,36.5297222,-87.3594444
2006-06,sphere,41.7416667,-70.6583333
2006-06,sphere,29.6655556,-97.5050000
2006-06,sphere,28.5380556,-81.3794444
2006-06,sphere,52.355518,-1.17432
2006-06,sphere,44.9800000,-93.2636111
2006-06,sphere,40.7141667,-74.0063889
2006-06,sphere,39.0997222,-94.5783333
2006-06,egg,39.7588889,-84.1916667
2006-06,egg,34.5361111,-117.2902778
2006-06,disk,43.1702778,-70.5966667
2006-06,disk,29.7630556,-95.3630556
2006-06,disk,41.8500000,-87.6500000
2006-06,disk,41.7408333,-87.8602778
2006-06,disk,52.666667,-2.75
2006-06,disk,43.866667,-79.033333
2006-06,disk,45.5236111,-122.6750000
2006-06,disk,39.7391667,-104.9841667
2006-06,disk,-25.274398,133.775136
2006-06,disk,33.8702778,-117.9244444
2006-06,fireball,28.6608333,-81.3658333
2006-06,fireball,29.2855556,-81.0561111
2006-06,fireball,54.759722,-111.9125
2006-06,fireball,28.6608333,-81.3658333
2006-06,fireball,30.2669444,-97.7427778
2006-06,fireball,40.4897222,-81.4458333
2006-06,teardrop,39.1502778,-123.2066667
2006-06,teardrop,37.6922222,-97.3372222
2006-07,oval,43.683333,-79.766667
2006-07,oval,52.3,-1.116667
2006-07,oval,51.142178,3.13684
2006-07,oval,35.2505556,-91.7361111
2006-07,,36.6436111,-93.2183333
2006-07,,41.703797,-69.980949
2006-07,,52.355518,-1.17432
2006-07,,35.8680556,-83.5619444
2006-07,,34.7544444,-118.2886111
2006-07,,31.1169444,-97.7275000
2006-07,,35.9911111,-106.0800000
2006-07,,41.4825000,-73.4100000
2006-07,,30.0033333,-91.8186111
2006-07,,30.1819444,-96.5952778
2006-07,,47.5675000,-122.6313889
2006-07,,28.3641667,-82.6936111
2006-07,,30.463558,-86.553338
2006-07,,40.7141667,-74.0063889
2006-07,,32.2411111,-92.7158333
2006-07,,33.9163889,-81.5136111
2006-07,,39.5150000,-84.3983333
2006-07,cylinder,38.9516667,-92.3338889
2006-07,triangle,42.7044444,-73.9119444
2006-07,triangle,38.6272222,-90.1977778
2006-07,triangle,30.4519444,-91.2100000
2006-07,triangle,28.2713889,-82.7197222
2006-07,triangle,44.3763889,-90.1105556
2006-07,triangle,41.6302778,-87.8538889
2006-07,triangle,44.0716667,-88.2988889
2006-07,light,43.9,-78.866667
2006-07,light,43.1636111,-73.0727778
2006-07,light,34.2366667,-84.4908333
2006-07,light,35.912222,14.504167
2006-07,light,37.1533333,-98.0308333
2006-07,light,40.3613889,-73.9744444
2006-07,light,50.666667,-1.333333
2006-07,light,39.0483333,-95.6777778
2006-07,light,36.139678,-120.36015
2006-07,light,28.8002778,-81.2733333
2006-07,light,38.2494444,-122.0388889
2006-07,light,47.4741667,-115.9269444
2006-07,light,40.7141667,-74.0063889
2006-07,light,45.4463889,-122.6380556
2006-07,light,40.6358333,-78.2961111
2006-07,light,43.9125000,-88.0355556
2006-07,light,42.1213889,-84.3450000
2006-07,light,37.8361111,-87.5900000
2006-07,light,41.6005556,-93.6088889
2006-07,light,34.7997222,-87.6772222
2006-07,light,46.6022222,-120.5047222
2006-07,diamond,37.77493,-122.419416
2006-07,formation,31.957851,77.10946
2006-07,formation,27.8002778,-97.3961111
2006-07,formation,34.1683333,-118.6050000
2006-07,formation,33.5091667,-111.8983333
2006-07,circle,40.1672222,-105.1013889
2006-07,circle,51.083333,-114.083333
2006-07,circle,36.835194,-81.541417
2006-07,circle,-34.928661,138.598633
2006-07,circle,38.2919444,-122.4569444
2006-07,circle,38.2919444,-122.4569444
2006-07,circle,46.827648,18.293447
2006-07,circle,34.6100000,-112.3150000
2006-07,circle,32.4313889,-80.6700000
2006-07,circle,45.2102778,-123.1975000
2006-07,circle,44.166667,-81.633333
2006-07,circle,54.911944,-1.383333
2006-07,circle,34.2694444,-118.7805556
2006-07,circle,33.2147222,-97.1327778
2006-07,rectangle,47.6063889,-122.3308333
2006-07,rectangle,38.6272222,-90.1977778
2006-07,rectangle,30.1388889,-82.9519444
2006-07,changing,40.0363889,-88.9569444
2006-07,changing,32.5838889,-117.1122222
2006-07,changing,34.2283333,-118.5358333
2006-07,changing,52.416667,-1.55
2006-07,changing,52.416667,-1.55
2006-07,flash,33.6888889,-78.8869444
2006-07,flash,45.5236111,-122.6750000
2006-07,sphere,45.5236111,-122.6750000
2006-07,sphere,43.4666667,-112.0333333
2006-07,sphere,49.9,-119.483333
2006-07,sphere,50.766667,-.75
2006-07,sphere,53.266667,-2.5
2006-07,sphere,40.723384,-74.001704
2006-07,egg,34.1336111,-117.9066667
2006-07,disk,-27.47101,153.024292
2006-07,disk,35.132188,-118.448974
2006-07,disk,26.074508,119.296494
2006-07,disk,40.376177,-104.721973
2006-07,disk,40.8686111,-82.3183333
2006-07,disk,52.355518,-1.17432
2006-07,disk,40.1727778,-82.4188889
2006-07,disk,42.7977778,-83.7050000
2006-07,disk,52.229676,21.012229
2006-07,disk,51.691944,-4.950833
2006-07,fireball,43.5197222,-114.3144444
2006-07,fireball,46.6022222,-120.5047222
2006-07,fireball,34.0686111,-118.0266667
2006-07,fireball,38.2919444,-122.4569444
2006-07,fireball,46.6022222,-120.5047222
2006-07,teardrop,47.3811111,-122.2336111
2006-07,cigar,39.6847222,-83.9297222
2006-07,cigar,34.0522222,-118.2427778
2006-07,cigar,35.0844444,-106.6505556
2006-08,oval,34.0983333,-118.3258333
2006-08,oval,42.4975000,-94.1677778
2006-08,oval,34.2005556,-86.1663889
2006-08,oval,32.7152778,-117.1563889
2006-08,oval,36.3611111,-104.5947222
2006-08,,42.1486111,-72.6083333
2006-08,,30.3319444,-81.6558333
2006-08,,40.723384,-74.001704
2006-08,,39.5358333,-76.3486111
2006-08,,43.9005556,-85.2580556
2006-08,,30.2394444,-81.3858333
2006-08,,34.5008333,-117.1850000
2006-08,,52.116667,-122.15
2006-08,,45.4872222,-122.8025000
2006-08,,41.1305556,-85.1288889
2006-08,,47.6816667,-122.2075000
2006-08,,37.2494444,-83.1933333
2006-08,,47.6105556,-122.1994444
2006-08,,46.1912,-122.1944
2006-08,,47.6063889,-122.3308333
2006-08,,47.626208,-122.521245
2006-08,,42.954984,-72.20585
2006-08,,42.983333,-81.25
2006-08,,42.7675000,-78.7441667
2006-08,,38.5816667,-121.4933333
2006-08,,31.1169444,-97.7275000
2006-08,,25.7738889,-80.1938889
2006-08,,43.866667,-80
2006-08,,28.736795,-81.303819
2006-08,cylinder,42.4791667,-71.1527778
2006-08,cylinder,33.8302778,-116.5444444
2006-08,cylinder,37.7644444,-89.3350000
2006-08,triangle,33.3061111,-111.8405556
2006-08,triangle,41.3100000,-122.3094444
2006-08,triangle,32.5005556,-94.7402778
2006-08,triangle,41.6680556,-76.2622222
2006-08,triangle,37.0980556,-81.3411111
2006-08,triangle,43.506356,-114.300621
2006-08,light,40.0427778,-86.1275000
2006-08,light,36.1750000,-115.1363889
2006-08,light,26.461463,-80.07282
2006-08,light,40.8000000,-96.6666667
2006-08,light,38.7244444,-83.0133333
2006-08,light,33.7488889,-84.3880556
2006-08,light,42.5636111,-84.8358333
2006-08,light,53.816667,-3.05
2006-08,light,32.7152778,-117.1563889
2006-08,light,43.1,-82
2006-08,light,39.1555556,-84.4597222
2006-08,light,49.25,-123.133333
2006-08,light,53.116667,-3.033333
2006-08,light,39.1652778,-86.5263889
2006-08,light,42.7875000,-86.1088889
2006-08,light,40.5186111,-78.3950000
2006-08,light,46.216667,-63.483333
2006-08,light,47.5675000,-121.8875000
2006-08,light,12.29581,76.639381
2006-08,light,33.5091667,-111.8983333
2006-08,light,44.8994444,-109.1502778
2006-08,diamond,36.0725000,-79.7922222
2006-08,diamond,41.4994444,-81.6955556
2006-08,diamond,41.26315,-75.842473
2006-08,diamond,32.1530556,-94.7991667
2006-08,formation,39.6005556,-82.9461111
2006-08,formation,45.9975000,-121.5269444
2006-08,circle,37.4852778,-122.2352778
2006-08,circle,51.514125,-.093689
2006-08,circle,41.6916667,-70.5000000
2006-08,circle,47.6063889,-122.3308333
2006-08,circle,41.3144444,-81.8358333
2006-08,circle,36.1125000,-86.4163889
2006-08,circle,38.3363889,-75.0852778
2006-08,circle,33.4483333,-112.0733333
2006-08,circle,46.2858333,-119.2833333
2006-08,circle,40.7141667,-74.0063889
2006-08,circle,44.5261111,-93.0197222
2006-08,circle,42.5802778,-83.0302778
2006-08,circle,38.2558333,-119.2302778
2006-08,circle,51.638056,19.244722
2006-08,rectangle,39.9522222,-75.1641667
2006-08,rectangle,38.9988889,-84.6266667
2006-08,rectangle,34.2694444,-118.7805556
2006-08,rectangle,41.3958333,-72.8972222
2006-08,changing,41.6391667,-87.4547222
2006-08,changing,37.3394444,-121.8938889
2006-08,flash,41.3136111,-81.5086111
2006-08,flash,46.521858,-84.34609
2006-08,flash,42.3266667,-122.8744444
2006-08,flash,46.8772222,-96.7894444
2006-08,flash,41.8500000,-87.6500000
2006-08,sphere,33.6833333,-78.9986111
2006-08,sphere,40.9066667,-96.8625000
2006-08,sphere,26.1416667,-81.7950000
2006-08,sphere,28.2486111,-81.2813889
2006-08,sphere,46.2113889,-119.1361111
2006-08,sphere,41.8500000,-87.6500000
2006-08,sphere,34.6980556,-118.1358333
2006-08,sphere,43.7122222,-89.8994444
2006-08,sphere,34.1808333,-118.3080556
2006-08,egg,42.3086111,-83.4822222
2006-08,egg,37.7750000,-122.4183333
2006-08,disk,55.032217,-129.58121
2006-08,disk,39.7047222,-105.0808333
2006-08,disk,38.8105556,-90.6997222
2006-08,disk,26.4611111,-80.0730556
2006-08,disk,43.316667,-81.75
2006-08,disk,40.8041667,-74.0125000
2006-08,disk,34.270278,-118.484372
2006-08,fireball,30.2669444,-97.7427778
2006-08,fireball,38.8000000,-120.8891667
2006-08,fireball,51.833333,.583333
2006-08,cigar,35.4675000,-97.5161111
2006-08,cigar,42.4927778,-92.3427778
2006-08,cigar,44.9,-78.383333
2006-08,cigar,44.9630556,-92.9647222
2006-08,cigar,40.633125,-89.398528
2006-08,cigar,42.3222222,-83.1763889
2006-08,cigar,42.4927778,-92.3427778
2006-09,oval,41.3322222,-87.7852778
2006-09,oval,39.3372222,-85.4836111
2006-09,oval,39.3330556,-82.9825000
2006-09,oval,35.0455556,-85.3097222
2006-09,oval,41.7519444,-87.9738889
2006-09,oval,51.066667,-1.783333
2006-09,oval,-0.789275,113.921327
2006-09,,36.140751,-5.353585
2006-09,,30.3758333,-89.7483333
2006-09,,48.1055556,-114.6622222
2006-09,,55.828972,-4.224269
2006-09,,44.7630556,-85.6205556
2006-09,,26.438136,-81.806752
2006-09,,32.6400000,-117.0833333
2006-09,,55.783333,-4
2006-09,,46.6022222,-120.5047222
2006-09,,37.9975000,-121.7113889
2006-09,,40.2969444,-111.6938889
2006-09,,42.7675000,-78.7441667
2006-09,,32.7252778,-97.3205556
2006-09,,35.4675000,-97.5161111
2006-09,,45.4872222,-122.8025000
2006-09,cylinder,33.7900000,-118.2969444
2006-09,cylinder,32.7152778,-117.1563889
2006-09,triangle,32.8794444,-111.7566667
2006-09,triangle,33.1191667,-117.0855556
2006-09,triangle,49.883333,-97.166667
2006-09,triangle,33.7069444,-117.2441667
2006-09,light,34.0522222,-118.2427778
2006-09,light,42.7675000,-78.7441667
2006-09,light,41.7355556,-122.6333333
2006-09,light,41.2586111,-95.9375000
2006-09,light,31.652213,-97.307964
2006-09,light,45.1888889,-93.5527778
2006-09,light,36.2083333,-115.9830556
2006-09,light,41.3100000,-122.3094444
2006-09,light,44.6336111,-86.2344444
2006-09,light,40.6516667,-119.3541667
2006-09,light,38.5450000,-121.7394444
2006-09,light,39.9777778,-105.1313889
2006-09,light,33.4483333,-112.0733333
2006-09,light,34.686785,-118.154163
2006-09,light,29.7177778,-81.5083333
2006-09,light,37.3394444,-121.8938889
2006-09,light,20.798363,-156.331925
2006-09,light,46.521858,-84.34609
2006-09,light,38.1141667,-82.6033333
2006-09,light,31.7319444,-84.1708333
2006-09,light,46.9422222,-122.6047222
2006-09,light,35.7686111,-106.6916667
2006-09,light,45.416667,-75.7
2006-09,light,53.7,-1.483333
2006-09,light,36.778261,-119.417932
2006-09,light,54.066667,-2.833333
2006-09,diamond,42.390801,-71.095831
2006-09,circle,53.8,-1.583333
2006-09,circle,57.04882,9.921747
2006-09,circle,51.388168,-2.822503
2006-09,circle,42.983333,-81.25
2006-09,circle,-27.47101,153.024292
2006-09,rectangle,47.6816667,-122.2075000
2006-09,changing,33.4269444,-117.6111111
2006-09,changing,41.9994444,-88.1450000
2006-09,changing,20.339722,-77.108611
2006-09,flash,41.8500000,-87.6500000
2006-09,sphere,41.8786111,-71.3830556
2006-09,sphere,42.7511111,-122.4877778
2006-09,sphere,45.8919444,-123.9602778
2006-09,sphere,39.5030556,-82.0847222
2006-09,sphere,40.3050000,-87.7008333
2006-09,sphere,38.6652778,-78.4597222
2006-09,sphere,43.797762,-88.003208
2006-09,sphere,41.641444,-80.151448
2006-09,disk,33.2147222,-97.1327778
2006-09,disk,37.7250000,-122.1550000
2006-09,disk,39.8308333,-85.9152778
2006-09,disk,41.012789,-80.758297
2006-09,fireball,40.4811111,-74.4836111
2006-09,fireball,34.187044,-118.381256
2006-09,fireball,39.9094444,-94.9675000
2006-09,teardrop,40.5000000,-111.9500000
2006-09,teardrop,40.6247222,-76.4852778
2006-09,teardrop,45.5608333,-94.1622222
2006-09,teardrop,50.666667,-120.333333
2006-09,cigar,30.0269444,-95.0855556
2006-09,cigar,36.3133333,-82.3536111
2006-09,cigar,24.7133333,-81.0905556
2006-09,cigar,31.5058333,-97.2047222
2006-09,chevron,34.0522222,-118.2427778
2006-09,chevron,36.1750000,-115.1363889
2006-10,oval,32.2216667,-110.9258333
2006-10,oval,47.8211111,-122.3138889
2006-10,oval,41.6269444,-88.2038889
2006-10,oval,30.0372222,-84.3877778
2006-10,oval,35.2333333,-106.6638889
2006-10,oval,30.6325000,-97.6769444
2006-10,,43.0733333,-75.2880556
2006-10,,42.7675000,-78.7441667
2006-10,,42.068889,-123.720833
2006-10,,34.1847222,-101.7063889
2006-10,,41.8500000,-87.6500000
2006-10,,47.8211111,-122.3138889
2006-10,,32.876563,-84.326867
2006-10,,39.0916667,-104.8722222
2006-10,,34.6377778,-97.8172222
2006-10,,39.418677,-82.599329
2006-10,,32.5250000,-93.7500000
2006-10,,33.1958333,-117.3786111
2006-10,,33.6000000,-117.6711111
2006-10,,32.2216667,-110.9258333
2006-10,,40.7141667,-74.0063889
2006-10,,39.9852778,-104.8200000
2006-10,,34.0094444,-118.1044444
2006-10,cylinder,42.1155556,-75.9591667
2006-10,triangle,41.7911111,-107.2380556
2006-10,triangle,33.4483333,-112.0733333
2006-10,triangle,29.5686111,-97.9644444
2006-10,triangle,40.0150000,-105.2700000
2006-10,triangle,30.0858333,-94.1016667
2006-10,triangle,38.9822222,-94.6705556
2006-10,triangle,38.9822222,-94.6705556
2006-10,triangle,40.7875000,-82.7366667
2006-10,triangle,38.0608333,-97.9294444
2006-10,triangle,37.7750000,-122.4183333
2006-10,triangle,40.8000000,-96.6666667
2006-10,triangle,38.9791667,-94.9683333
2006-10,triangle,28.3641667,-82.6936111
2006-10,triangle,38.0683333,-78.8897222
2006-10,light,-30.747007,121.474861
2006-10,light,47.6063889,-122.3308333
2006-10,light,39.2461111,-94.4188889
2006-10,light,43.5391667,-89.4625000
2006-10,light,30.6322222,-87.0397222
2006-10,light,35.689488,139.691706
2006-10,light,33.800592,-112.204047
2006-10,light,40.7719444,-80.7683333
2006-10,light,33.6602778,-117.9983333
2006-10,light,37.2294444,-80.4141667
2006-10,light,27.9472222,-82.4586111
2006-10,light,38.4022222,-122.8227778
2006-10,light,48.188188,17.257228
2006-10,light,37.3386111,-92.9069444
2006-10,light,44.7966667,-68.7619444
2006-10,light,42.2222222,-71.0000000
2006-10,light,33.5975000,-112.2711111
2006-10,diamond,31.1911111,-95.2352778
2006-10,diamond,46.2469444,-114.1594444
2006-10,formation,36.9033333,-104.4386111
2006-10,formation,51.816667,-1.283333
2006-10,formation,36.4072222,-105.5725000
2006-10,formation,41.9141667,-88.3086111
2006-10,formation,39.604851,-106.356612
2006-10,circle,54.911944,-1.383333
2006-10,circle,34.033333,-5
2006-10,circle,29.4238889,-98.4933333
2006-10,circle,42.0583333,-70.1791667
2006-10,circle,45.5236111,-122.6750000
2006-10,circle,42.3805556,-76.8736111
2006-10,circle,33.7488889,-84.3880556
2006-10,circle,33.9177778,-106.8652778
2006-10,circle,34.1975000,-119.1761111
2006-10,rectangle,40.7616667,-73.3297222
2006-10,changing,36.5066667,-121.4433333
2006-10,changing,35.517491,-86.580447
2006-10,changing,37.963699,-104.838261
2006-10,changing,39.6283333,-84.1594444
2006-10,changing,34.0522222,-118.2427778
2006-10,flash,45.0105556,-93.4552778
2006-10,sphere,50.800657,-1.984495
2006-10,sphere,38.173168,20.489973
2006-10,sphere,28.6608333,-81.3658333
2006-10,sphere,53,-2.183333
2006-10,sphere,32.7152778,-117.1563889
2006-10,sphere,46.24,-63.21
2006-10,sphere,40.7669444,-72.9966667
2006-10,disk,22.1452778,-159.3155556
2006-10,disk,-23.9475,151.374878
2006-10,disk,33.5058333,-102.0086111
2006-10,disk,30.4752778,-98.1561111
2006-10,disk,61.2180556,-149.9002778
2006-10,disk,34.7083333,-120.4666667
2006-10,disk,38.6688889,-120.9861111
2006-10,fireball,34.1513889,-89.6313889
2006-10,fireball,53.166667,-1.583333
2006-10,fireball,38.5733333,-109.5491667
2006-10,fireball,27.4986111,-82.5750000
2006-10,fireball,52.516667,13.4
2006-10,fireball,32.7152778,-117.1563889
2006-10,fireball,45.6666667,-122.5597222
2006-10,teardrop,34.9530556,-120.4347222
2006-10,teardrop,40.7141667,-74.0063889
2006-10,cigar,41.673372,-87.508339
2006-10,cigar,42.0411111,-87.6900000
2006-10,chevron,37.5058333,-77.6494444
2006-11,oval,33.8566667,-112.6225000
2006-11,oval,41.2458333,-75.8816667
2006-11,oval,35.7138889,-81.4222222
2006-11,oval,41.6361111,-72.2130556
2006-11,oval,41.4875000,-82.1016667
2006-11,oval,40.2491667,-75.1344444
2006-11,,28.1611111,-81.6019444
2006-11,,34.4233333,-118.4711111
2006-11,,39.1625000,-76.6250000
2006-11,,47.6105556,-122.1994444
2006-11,,33.7591667,-118.0058333
2006-11,,41.7605556,-88.3200000
2006-11,,38.8302778,-77.1966667
2006-11,,39.6133333,-105.0161111
2006-11,,45.7833333,-108.5000000
2006-11,,26.7052778,-80.0366667
2006-11,,33.2000000,-117.2416667
2006-11,,42.1391667,-87.9288889
2006-11,,33.4222222,-111.8219444
2006-11,,32.4608333,-84.9877778
2006-11,,38.80261,-116.419389
2006-11,,46.0927778,-88.6422222
2006-11,,38.704282,-77.22776
2006-11,,35.1822222,-83.3816667
2006-11,,28.5380556,-81.3794444
2006-11,,34.1747222,-86.8436111
2006-11,,41.8500000,-87.6500000
2006-11,cylinder,38.9716667,-95.2350000
2006-11,cylinder,26.6583333,-80.2416667
2006-11,triangle,47.4830556,-122.2158333
2006-11,triangle,26.1219444,-80.1436111
2006-11,triangle,41.2863889,-96.2341667
2006-11,triangle,38.5816667,-121.4933333
2006-11,triangle,34.8027778,-86.9716667
2006-11,triangle,31.4866667,-96.3072222
2006-11,triangle,37.3050000,-93.4283333
2006-11,triangle,44.725582,-92.678509
2006-11,triangle,30.5041667,-90.4611111
2006-11,triangle,30.438101,75.705165
2006-11,triangle,42.3316667,-71.1216667
2006-11,triangle,35.8916667,-119.0463889
2006-11,triangle,40.0047222,-75.6350000
2006-11,light,33.4483333,-112.0733333
2006-11,light,35.7719444,-78.6388889
2006-11,light,40.203315,-8.410257
2006-11,light,32.7152778,-117.1563889
2006-11,light,37.8391667,-94.3544444
2006-11,light,37.4852778,-122.2352778
2006-11,light,40.1794444,-74.8555556
2006-11,light,31.6502778,-95.0725000
2006-11,light,53.533333,-1.116667
2006-11,light,35.7563889,-83.9705556
2006-11,light,35.1750000,-83.9250000
2006-11,light,33.9136111,-98.4930556
2006-11,light,20.484698,84.226019
2006-11,light,53.25,-1.416667
2006-11,light,41.3747222,-83.6513889
2006-11,light,42.983333,-81.25
2006-11,light,34.0522222,-118.2427778
2006-11,diamond,26.0108333,-80.1497222
2006-11,formation,27.5872222,-82.4252778
2006-11,formation,33.7669444,-118.1883333
2006-11,formation,42.0147222,-89.3322222
2006-11,circle,47.7675000,-117.3538889
2006-11,circle,33.6602778,-117.9983333
2006-11,circle,29.2855556,-81.0561111
2006-11,circle,52.416667,-1.55
2006-11,circle,38.907231,-77.036464
2006-11,circle,29.8944444,-81.3147222
2006-11,circle,46.6541667,-120.5288889
2006-11,circle,36.3811111,-75.8333333
2006-11,circle,35.0455556,-85.3097222
2006-11,circle,34.1722222,-118.3780556
2006-11,rectangle,33.9136111,-98.4930556
2006-11,rectangle,42.087713,-88.060167
2006-11,rectangle,42.087713,-88.060167
2006-11,rectangle,33.4483333,-112.0733333
2006-11,changing,35.0455556,-85.3097222
2006-11,changing,35.4797222,-79.1805556
2006-11,changing,29.0425000,-81.9294444
2006-11,changing,45.6388889,-122.6602778
2006-11,changing,32.2216667,-110.9258333
2006-11,flash,40.7141667,-74.0063889
2006-11,sphere,42.4405556,-76.4969444
2006-11,sphere,41.7858333,-88.1472222
2006-11,sphere,41.7758333,-72.5219444
2006-11,sphere,36.1750000,-115.1363889
2006-11,sphere,36.6002778,-121.8936111
2006-11,sphere,53.268083,-3.7935
2006-11,disk,29.3836111,-94.9025000
2006-11,disk,31.8455556,-102.3672222
2006-11,disk,47.3811111,-122.2336111
2006-11,disk,37.8736111,-122.4555556
2006-11,disk,33.4147222,-111.9086111
2006-11,disk,27.5061111,-99.5072222
2006-11,disk,32.2216667,-110.9258333
2006-11,fireball,40.7794444,-74.0241667
2006-11,fireball,29.9291667,-97.2933333
2006-11,fireball,33.5205556,-86.8025000
2006-11,fireball,29.7027778,-98.1241667
2006-11,fireball,38.8316667,-78.3166667
2006-11,fireball,33.5205556,-86.8025000
2006-11,fireball,33.7669444,-118.1883333
2006-11,teardrop,39.5994444,-110.8100000
2006-11,cigar,33.7205556,-116.2147222
2006-11,cigar,35.235903,-85.19079
2006-11,cigar,29.3011111,-94.7975000
2006-11,cigar,-33.513633,151.335513
2006-11,cigar,51.514125,-.093689
2006-11,cigar,38.8822222,-77.1713889
2006-11,chevron,41.7847222,-73.9336111
2006-11,cone,39.8519444,-81.6577778
2006-12,oval,39.7391667,-104.9841667
2006-12,oval,55.866667,-4.033333
2006-12,oval,51.816667,-.8
2006-12,,40.1244444,-87.6300000
2006-12,,38.4219444,-77.4086111
2006-12,,40.5883333,-82.4250000
2006-12,,37.9736111,-122.5300000
2006-12,,40.7013889,-75.7072222
2006-12,,39.0330556,-84.4519444
2006-12,,39.6005556,-82.9461111
2006-12,,40.7794444,-74.0241667
2006-12,,39.121166,-85.131346
2006-12,,34.9577778,-90.1516667
2006-12,,36.778261,-119.417932
2006-12,,39.4352778,-84.2030556
2006-12,,35.9605556,-83.9208333
2006-12,,37.0477778,-80.7800000
2006-12,,37.5536111,-77.4605556
2006-12,,43.076408,-77.079471
2006-12,,39.2902778,-76.6125000
2006-12,cylinder,44.1202778,-69.2405556
2006-12,triangle,33.4483333,-112.0733333
2006-12,triangle,33.325,44.422
2006-12,triangle,39.6005556,-77.8208333
2006-12,triangle,51.153662,-0.182063
2006-12,triangle,41.5244444,-90.5155556
2006-12,triangle,32.9536111,-96.8900000
2006-12,triangle,39.0483333,-95.6777778
2006-12,triangle,33.854335,-112.125137
2006-12,light,44.7972222,-106.9555556
2006-12,light,33.0183333,-80.1758333
2006-12,light,34.2783333,-119.2922222
2006-12,light,30.3025000,-93.1905556
2006-12,light,41.921142,-87.809227
2006-12,light,38.907231,-77.036464
2006-12,light,44.314844,-85.602364
2006-12,light,32.7152778,-117.1563889
2006-12,light,42.8863889,-78.8786111
2006-12,light,38.440429,-122.714055
2006-12,light,41.6611111,-91.5300000
2006-12,light,33.9213889,-78.0205556
2006-12,light,42.9005556,-78.6705556
2006-12,light,30.2669444,-97.7427778
2006-12,light,40.1786111,-122.2347222
2006-12,light,40.2736111,-76.8847222
2006-12,light,41.921142,-87.809227
2006-12,formation,30.1763889,-85.8055556
2006-12,formation,33.9908333,-118.4591667
2006-12,formation,34.1808333,-118.3080556
2006-12,formation,40.2736111,-76.8847222
2006-12,circle,33.9791667,-118.0319444
2006-12,circle,34.015257,-118.433834
2006-12,circle,32.8111111,-115.3794444
2006-12,circle,39.5916667,-89.7463889
2006-12,circle,33.6602778,-117.9983333
2006-12,circle,39.9611111,-82.9988889
2006-12,circle,45.4316667,-84.9919444
2006-12,circle,34.8638889,-84.3241667
2006-12,circle,40.7141667,-74.0063889
2006-12,circle,31.2825000,-86.2555556
2006-12,rectangle,45.1719444,-93.8744444
2006-12,rectangle,43.6727778,-84.3805556
2006-12,rectangle,35.4105556,-80.8430556
2006-12,changing,43.693771,-80.375587
2006-12,changing,23.838805,78.737807
2006-12,changing,33.886544,-118.097288
2006-12,flash,35.4675000,-97.5161111
2006-12,flash,38.9416667,-83.6508333
2006-12,flash,41.0936111,-89.8647222
2006-12,sphere,52.5,-3
2006-12,sphere,35.3733333,-119.0177778
2006-12,sphere,40.8325000,-115.7622222
2006-12,sphere,39.9777778,-79.6147222
2006-12,egg,32.4580556,-83.7316667
2006-12,egg,32.975,-89.38
2006-12,cross,41.4,-75.183056
2006-12,disk,33.6188889,-117.9280556
2006-12,disk,33.6188889,-117.9280556
2006-12,disk,42.783333,-81.183333
2006-12,fireball,58.445168,26.560122
2006-12,fireball,56.012746,92.922361
2006-12,fireball,34.0027778,-84.1447222
2006-12,fireball,35.466667,44.316667
2006-12,fireball,30.1125000,-85.2005556
2006-12,fireball,33.4152778,-111.6572222
2006-12,cigar,39.1502778,-123.2066667
2006-12,cigar,37.6194444,-84.5780556
2006-12,cigar,32.6208333,-83.6000000
2006-12,chevron,35.5327778,-90.4205556
2006-12,cone,41.1000000,-80.8575000
2007-01,oval,40.7141667,-74.0063889
2007-01,oval,47.6816667,-122.2075000
2007-01,oval,43.0925000,-75.6516667
2007-01,oval,42.0494444,-92.9077778
2007-01,,38.5472222,-122.8152778
2007-01,,31.2836111,-90.4683333
2007-01,,49.074331,-122.559322
2007-01,,41.452038,-95.018246
2007-01,,38.5069444,-95.6375000
2007-01,,42.6433333,-86.2005556
2007-01,,39.2038889,-94.5544444
2007-01,,33.6188889,-117.9280556
2007-01,,29.7630556,-95.3630556
2007-01,,34.048928,-111.093731
2007-01,,38.9102778,-91.4480556
2007-01,,45.9172222,-89.2441667
2007-01,,41.9536111,-73.5111111
2007-01,,35.0455556,-85.3097222
2007-01,,38.8002778,-90.6263889
2007-01,,30.3319444,-81.6558333
2007-01,cylinder,39.9375000,-77.6613889
2007-01,cylinder,39.8027778,-105.0869444
2007-01,cylinder,28.2916667,-81.4077778
2007-01,triangle,41.5261111,-87.8891667
2007-01,triangle,37.9577778,-121.2897222
2007-01,triangle,42.2138889,-83.1938889
2007-01,triangle,34.1083333,-117.2888889
2007-01,triangle,47.6588889,-117.4250000
2007-01,triangle,35.0419444,-89.6644444
2007-01,triangle,39.2902778,-76.6125000
2007-01,triangle,38.6366667,-90.0255556
2007-01,triangle,51.608139,0.10079
2007-01,light,43.5100000,-76.0025000
2007-01,light,36.3047222,-86.6200000
2007-01,light,47.1772222,-122.1852778
2007-01,light,34.7302778,-86.5861111
2007-01,light,29.0488889,-82.4611111
2007-01,light,41.8500000,-87.6500000
2007-01,light,45.8152778,-122.7413889
2007-01,light,41.5733333,-87.7844444
2007-01,light,36.1750000,-115.1363889
2007-01,light,36.2613889,-90.9711111
2007-01,light,51.633333,-.366667
2007-01,light,-33.861481,151.205475
2007-01,light,37.7525000,-83.0688889
2007-01,light,42.4500000,-73.2458333
2007-01,light,36.728611,-121.2775
2007-01,light,40.0322222,-74.9577778
2007-01,light,45.416667,-75.7
2007-01,light,30.3319444,-81.6558333
2007-01,light,41.406651,-73.638659
2007-01,light,41.5750000,-87.2388889
2007-01,light,45.661124,9.152425
2007-01,diamond,36.34,43.13
2007-01,formation,41.8775000,-88.0669444
2007-01,formation,42.586888,-82.919551
2007-01,formation,37.9722222,-81.1488889
2007-01,circle,42.1816667,-87.8002778
2007-01,circle,33.3061111,-111.8405556
2007-01,circle,33.9533333,-117.3952778
2007-01,circle,52.45,-2.05
2007-01,circle,46.7163889,-122.9530556
2007-01,circle,38.5472222,-122.8152778
2007-01,circle,36.0955556,-79.4380556
2007-01,circle,39.2672222,-76.7986111
2007-01,circle,35.9100000,-79.0755556
2007-01,circle,20.653407,-105.225332
2007-01,circle,33.5833333,-95.9097222
2007-01,circle,41.4138889,-73.3038889
2007-01,rectangle,39.1502778,-123.2066667
2007-01,rectangle,41.4138889,-73.3038889
2007-01,rectangle,35.4872222,-80.6219444
2007-01,rectangle,34.1205556,-84.0044444
2007-01,changing,33.4483333,-112.0733333
2007-01,changing,39.3958333,-101.0519444
2007-01,flash,49.316667,-123.066667
2007-01,flash,51.266667,-80.65
2007-01,flash,39.2191667,-121.0600000
2007-01,flash,38.3452778,-90.9808333
2007-01,sphere,29.7630556,-95.3630556
2007-01,sphere,32.9477778,-112.7161111
2007-01,sphere,32.9594444,-117.2644444
2007-01,sphere,34.4838889,-114.3216667
2007-01,sphere,51.514125,-.093689
2007-01,sphere,48.61645,19.136023
2007-01,sphere,45.2102778,-123.1975000
2007-01,cross,34.1975000,-119.1761111
2007-01,disk,42.3444444,-88.0416667
2007-01,disk,41.0180556,-75.9952778
2007-01,disk,41.9697222,-84.3083333
2007-01,disk,42.3533333,-88.0933333
2007-01,disk,40.7988889,-81.3786111
2007-01,disk,28.2916667,-81.4077778
2007-01,disk,37.7975000,-121.2150000
2007-01,fireball,38.139498,-90.555126
2007-01,fireball,35.1822222,-83.3816667
2007-01,fireball,40.4405556,-79.9961111
2007-01,fireball,44.7444444,-68.8375000
2007-01,fireball,27.4952778,-81.4411111
2007-01,fireball,33.836081,-81.163724
2007-01,teardrop,41.2230556,-111.9730556
2007-01,teardrop,34.5400000,-112.4677778
2007-01,cigar,33.1975000,-96.6150000
2007-01,cigar,41.9163889,-83.3977778
2007-01,cigar,30.984298,-91.962333
2007-01,cigar,40.0063889,-75.7036111
2007-01,chevron,42.1102778,-88.0341667
2007-01,chevron,41.2619444,-95.8608333
2007-01,chevron,47.6761111,-122.3861111
2007-02,oval,37.1027778,-85.3063889
2007-02,oval,35.2269444,-80.8433333
2007-02,oval,33.7358333,-118.2913889
2007-02,oval,51.533333,-.1
2007-02,oval,41.3861111,-77.0572222
2007-02,oval,43.0388889,-87.9063889
2007-02,oval,38.069089,-122.806936
2007-02,,29.042759,-81.92925
2007-02,,34.626864,135.600978
2007-02,,39.0180556,-91.8969444
2007-02,,30.9077778,-94.4219444
2007-02,,44.3000000,-120.8333333
2007-02,,41.3500000,-72.0788889
2007-02,,34.4358333,-119.8266667
2007-02,,21.161908,-86.851528
2007-02,,33.4483333,-112.0733333
2007-02,cylinder,41.9847222,-88.0797222
2007-02,triangle,41.4994444,-81.6955556
2007-02,triangle,38.4405556,-122.7133333
2007-02,triangle,37.9886111,-84.4777778
2007-02,triangle,36.1961111,-86.6225000
2007-02,triangle,43.6727778,-84.3805556
2007-02,triangle,33.417951,-111.936184
2007-02,triangle,30.9380556,-90.5088889
2007-02,triangle,44.4497222,-72.2236111
2007-02,triangle,30.5019444,-90.7477778
2007-02,triangle,39.1141667,-94.6272222
2007-02,triangle,34.8525000,-82.3941667
2007-02,triangle,37.6455556,-91.5358333
2007-02,triangle,33.4147222,-111.9086111
2007-02,triangle,35.4894444,-97.1633333
2007-02,light,51.514125,-.093689
2007-02,light,-30.296261,153.11351
2007-02,light,45.1438889,-122.8541667
2007-02,light,38.644684,-9.233385
2007-02,light,41.921111,-71.435
2007-02,light,32.8794444,-111.7566667
2007-02,light,32.7152778,-117.1563889
2007-02,light,28.5380556,-81.3794444
2007-02,light,37.7750000,-122.4183333
2007-02,light,33.2486111,-111.6336111
2007-02,light,32.9477778,-112.7161111
2007-02,light,37.9841667,-120.3811111
2007-02,light,38.9636111,-84.0808333
2007-02,formation,30.2669444,-97.7427778
2007-02,circle,45.333333,-80.033333
2007-02,circle,34.746481,-92.289595
2007-02,circle,38.895312,-77.194807
2007-02,rectangle,44.2597222,-70.5011111
2007-02,rectangle,40.1933333,-85.3863889
2007-02,rectangle,38.9011111,-77.2655556
2007-02,rectangle,30.5019444,-90.7477778
2007-02,rectangle,40.0083333,-79.0783333
2007-02,changing,45.5236111,-122.6750000
2007-02,changing,28.0833333,-80.6083333
2007-02,flash,40.7608333,-111.8902778
2007-02,sphere,13.756465,121.058308
2007-02,sphere,36.8352778,-76.2986111
2007-02,sphere,33.0183333,-80.1758333
2007-02,disk,34.0552778,-117.7513889
2007-02,disk,33.6863889,-117.6600000
2007-02,disk,33.8080556,-84.1702778
2007-02,disk,36.9741667,-122.0297222
2007-02,disk,52.093676,-7.620363
2007-02,disk,43.7,-79.566667
2007-02,disk,33.6863889,-117.6600000
2007-02,disk,33.6694444,-117.8222222
2007-02,fireball,34.1808333,-118.3080556
2007-02,fireball,38.4600000,-93.2025000
2007-02,fireball,47.9891667,-108.6936111
2007-02,fireball,44.022711,-79.450837
2007-02,fireball,55.066667,-3.55
2007-02,cigar,28.2486111,-81.2813889
2007-03,oval,28.2333333,-82.1813889
2007-03,oval,36.4797222,-121.7313889
2007-03,oval,34.1066667,-117.8058333
2007-03,oval,36.3883333,-86.4466667
2007-03,oval,38.5366667,-82.6830556
2007-03,oval,35.5280556,-108.7419444
2007-03,oval,41.9983333,-92.1972222
2007-03,,45.4872222,-122.8025000
2007-03,,40.7608333,-111.8902778
2007-03,,39.9522222,-75.1641667
2007-03,,35.6869444,-105.9372222
2007-03,,33.1975000,-96.6150000
2007-03,,32.8794444,-111.7566667
2007-03,,34.5827778,-117.4083333
2007-03,,46.183333,-62.883333
2007-03,,41.8005556,-73.1216667
2007-03,,29.7063889,-96.5394444
2007-03,cylinder,35.6266667,-120.6900000
2007-03,cylinder,45.2897222,-122.3325000
2007-03,cylinder,33.7738889,-117.9405556
2007-03,cylinder,33.442821,-112.148762
2007-03,cylinder,40.5852778,-105.0838889
2007-03,cylinder,20.798363,-156.331925
2007-03,triangle,37.2152778,-93.2980556
2007-03,triangle,43.866667,-78.933333
2007-03,triangle,33.8572222,-84.0200000
2007-03,triangle,38.7838889,-90.4811111
2007-03,triangle,46.2397222,-119.0994444
2007-03,triangle,41.1969444,-75.9286111
2007-03,triangle,41.6619444,-86.1586111
2007-03,triangle,32.673527,-114.247318
2007-03,triangle,37.4852778,-122.2352778
2007-03,light,40.267754,-74.540251
2007-03,light,37.1955556,-82.6991667
2007-03,light,47.3294444,-122.5788889
2007-03,light,37.6455556,-91.5358333
2007-03,light,39.4830556,-88.3727778
2007-03,light,40.0638889,-80.7211111
2007-03,light,30.4380556,-84.2808333
2007-03,light,36.6775000,-76.9227778
2007-03,light,47.2530556,-122.4430556
2007-03,light,35.4894444,-120.6697222
2007-03,light,34.2569444,-85.1647222
2007-03,light,59.167631,24.750028
2007-03,light,37.6455556,-91.5358333
2007-03,light,27.8002778,-97.3961111
2007-03,light,30.2669444,-97.7427778
2007-03,light,32.9627778,-117.0350000
2007-03,light,42.3266667,-122.8744444
2007-03,light,27.9455556,-82.2580556
2007-03,light,34.1063889,-117.3694444
2007-03,light,46.9811111,-123.8880556
2007-03,light,47.5675000,-122.6313889
2007-03,light,35.696111,51.423056
2007-03,formation,33.4936111,-117.1475000
2007-03,formation,42.3086111,-83.4822222
2007-03,formation,29.9402778,-91.0247222
2007-03,circle,38.9694444,-77.3863889
2007-03,circle,32.5888889,-96.6850000
2007-03,circle,29.7630556,-95.3630556
2007-03,circle,31.9827778,-98.0333333
2007-03,circle,27.7705556,-82.6794444
2007-03,circle,35.0844444,-106.6505556
2007-03,circle,33.6888889,-78.8869444
2007-03,circle,42.919636,-89.227703
2007-03,circle,45.5827778,-122.3522222
2007-03,circle,37.6819444,-121.7669444
2007-03,circle,38.0608333,-97.9294444
2007-03,rectangle,36.4883333,-79.7669444
2007-03,changing,34.0194444,-118.4902778
2007-03,changing,45.4902778,-93.2475000
2007-03,changing,33.2147222,-97.1327778
2007-03,flash,40.209444,-74.4375
2007-03,sphere,44.7947222,-74.7872222
2007-03,sphere,52.203158,-1.545244
2007-03,sphere,35.0844444,-106.6505556
2007-03,sphere,47.7558333,-122.3402778
2007-03,sphere,44.3000000,-120.8333333
2007-03,sphere,52.583333,-2.133333
2007-03,sphere,35.2269444,-80.8433333
2007-03,disk,30.5311111,-96.6927778
2007-03,disk,39.0838889,-77.1530556
2007-03,disk,33.8491667,-118.3875000
2007-03,disk,42.2159,-79.1081
2007-03,fireball,33.5805556,-112.2366667
2007-03,fireball,34.0975000,-117.6475000
2007-03,fireball,32.6958333,-97.6019444
2007-03,fireball,32.7252778,-114.6236111
2007-03,fireball,33.4352778,-112.3575000
2007-03,fireball,-33.861481,151.205475
2007-03,teardrop,38.4272222,-83.8633333
2007-03,teardrop,51.5,-3.2
2007-03,teardrop,35.7913889,-78.7813889
2007-03,cigar,41.1844444,-73.1336111
2007-03,cigar,34.746481,-92.289595
2007-03,cone,38.5366667,-82.6830556
2007-04,oval,51.947458,6.01795
2007-04,oval,29.5847222,-81.2080556
2007-04,,37.9513889,-91.7711111
2007-04,,38.3397222,-122.7000000
2007-04,,33.4483333,-112.0733333
2007-04,,41.4038889,-88.1116667
2007-04,,44.244447,-86.324253
2007-04,,31.956578,35.945695
2007-04,,41.5250000,-88.0816667
2007-04,,41.3558333,-82.2538889
2007-04,,41.1413889,-73.3583333
2007-04,,43.0361111,-71.1838889
2007-04,,26.1219444,-80.1436111
2007-04,,42.0341667,-91.5975000
2007-04,,41.3894444,-82.0191667
2007-04,,33.6411111,-117.9177778
2007-04,,47.2152778,-123.0994444
2007-04,,44.800887,-74.991034
2007-04,cylinder,26.5625000,-81.9497222
2007-04,triangle,33.0461111,-96.9938889
2007-04,triangle,-31.95224,115.861397
2007-04,triangle,35.7719444,-78.6388889
2007-04,triangle,41.5500000,-71.4666667
2007-04,triangle,40.0027778,-75.2711111
2007-04,triangle,34.0708333,-112.1500000
2007-04,triangle,47.8627778,-121.8152778
2007-04,triangle,42.495556,-82.900278
2007-04,triangle,45.0419444,-93.7888889
2007-04,light,-25.274398,133.775136
2007-04,light,33.2486111,-111.6336111
2007-04,light,41.5119444,-82.9377778
2007-04,light,25.6788889,-80.3175000
2007-04,light,34.1063889,-117.5922222
2007-04,light,35.0477778,-85.6719444
2007-04,light,51.514125,-.093689
2007-04,light,27.9011111,-81.5861111
2007-04,light,34.6991667,-86.7483333
2007-04,light,47.9252778,-97.0325000
2007-04,light,39.111504,-121.359881
2007-04,light,34.9900000,-91.7366667
2007-04,light,40.3725000,-89.5472222
2007-04,light,42.4894444,-83.1447222
2007-04,light,40.9255556,-73.1413889
2007-04,light,43.7022222,-72.2900000
2007-04,light,34.8172222,-97.4055556
2007-04,light,44.681987,-63.744311
2007-04,light,-31.95224,115.861397
2007-04,light,44.8008333,-122.7933333
2007-04,light,52.116667,-122.15
2007-04,light,43.4552778,-76.5108333
2007-04,diamond,41.303647,-90.192897
2007-04,formation,51.416667,.116667
2007-04,formation,28.5380556,-81.3794444
2007-04,formation,45.583333,-72
2007-04,circle,37.9319444,-121.6947222
2007-04,circle,35.6838889,-82.0094444
2007-04,circle,-27.47101,153.024292
2007-04,circle,47.1855556,-122.2916667
2007-04,circle,41.0550000,-73.8205556
2007-04,changing,32.513917,-116.899477
2007-04,flash,41.7013889,-87.7791667
2007-04,flash,37.4850000,-119.9652778
2007-04,flash,41.7600000,-70.0833333
2007-04,sphere,39.2102778,-92.1377778
2007-04,sphere,33.7747222,-84.2963889
2007-04,egg,51.083333,-114.083333
2007-04,egg,42.3250000,-72.6416667
2007-04,disk,30.5880556,-103.8941667
2007-04,disk,47.6816667,-122.2075000
2007-04,disk,40.7141667,-74.0063889
2007-04,disk,39.5061111,-77.6527778
2007-04,fireball,35.5847222,-80.8102778
2007-04,cigar,43.666667,-79.416667
2007-04,cigar,35.7211111,-77.9158333
2007-04,cigar,32.4313889,-80.6700000
2007-04,chevron,41.1577778,-80.0888889
2007-05,oval,42.4072222,-74.6147222
2007-05,oval,40.9911111,-74.0330556
2007-05,oval,-37.813938,144.963425
2007-05,,41.447569,-71.524667
2007-05,,43.2341667,-86.2483333
2007-05,,36.1525000,-83.4152778
2007-05,,36.3133333,-82.3536111
2007-05,,41.8500000,-87.6500000
2007-05,,40.2794444,-86.5108333
2007-05,,39.0416667,-76.0666667
2007-05,,49.683333,-115.983333
2007-05,,40.4847222,-83.9230556
2007-05,,37.8716667,-122.2716667
2007-05,,40.7377778,-96.8441667
2007-05,,37.6922222,-97.3372222
2007-05,,39.0997222,-94.5783333
2007-05,,26.6250000,-81.6250000
2007-05,,28.8022222,-81.6447222
2007-05,,50.066667,8.533333
2007-05,cylinder,34.8697222,-111.7602778
2007-05,triangle,29.2105556,-81.0230556
2007-05,triangle,41.5236111,-90.5775000
2007-05,triangle,39.7391667,-104.9841667
2007-05,triangle,40.8616667,-80.2866667
2007-05,triangle,38.8113889,-89.9530556
2007-05,triangle,43.7025000,-124.0955556
2007-05,triangle,28.5380556,-81.3794444
2007-05,triangle,39.3436111,-90.2125000
2007-05,triangle,44.0288889,-88.1627778
2007-05,triangle,40.7141667,-74.0063889
2007-05,light,26.5250000,-80.0666667
2007-05,light,32.2216667,-110.9258333
2007-05,light,38.8816667,-78.5061111
2007-05,light,51.8,-.2
2007-05,light,40.0483333,-86.4691667
2007-05,light,33.6597222,-85.8316667
2007-05,light,36.1750000,-115.1363889
2007-05,light,57.466667,-4.233333
2007-05,light,40.385037,-74.174956
2007-05,light,37.8172222,-96.8619444
2007-05,light,34.0900000,-117.8894444
2007-05,light,42.8863889,-78.8786111
2007-05,light,21.4180556,-157.8036111
2007-05,light,-14.599413,-28.673147
2007-05,light,45.5236111,-122.6750000
2007-05,diamond,48.1183333,-123.4294444
2007-05,diamond,43.7730556,-88.4469444
2007-05,formation,33.307222,-111.720278
2007-05,formation,20.388794,78.120407
2007-05,formation,51.165691,10.451526
2007-05,formation,39.603333,-74.677778
2007-05,circle,40.9169444,-72.6625000
2007-05,circle,41.8650000,-80.7900000
2007-05,circle,34.1063889,-117.5922222
2007-05,circle,40.0150000,-105.2700000
2007-05,circle,43.666667,-79.416667
2007-05,circle,33.8752778,-117.5655556
2007-05,circle,40.7141667,-74.0063889
2007-05,circle,47.6063889,-122.3308333
2007-05,circle,27.4952778,-81.4411111
2007-05,circle,39.4666667,-87.4138889
2007-05,changing,28.5380556,-81.3794444
2007-05,changing,38.8994444,-81.4250000
2007-05,flash,47.8602778,-122.2030556
2007-05,sphere,34.7136111,-77.2455556
2007-05,sphere,45.3325000,-93.7458333
2007-05,sphere,38.5922222,-89.9111111
2007-05,sphere,41.8930556,-70.9116667
2007-05,egg,41.7858333,-88.1472222
2007-05,egg,37.2152778,-93.2980556
2007-05,disk,45.0725000,-93.4555556
2007-05,disk,38.616295,-90.534617
2007-05,disk,40.8119444,-74.1247222
2007-05,disk,40.8472222,-73.8552778
2007-05,fireball,30.3655556,-88.5561111
2007-05,fireball,33.8752778,-117.5655556
2007-05,fireball,34.6086111,-98.3900000
2007-05,fireball,41.5963889,-72.8780556
2007-05,fireball,39.8494444,-75.3561111
2007-05,fireball,40.471161,-83.892716
2007-05,cigar,38.7838889,-90.4811111
2007-05,cone,46.8722222,-113.9930556
2007-05,cone,42.2916667,-85.5872222
2007-06,oval,42.1291667,-80.0852778
2007-06,oval,42.7975000,-73.2650000
2007-06,,6.573475,3.322563
2007-06,,45.483333,-75.65
2007-06,,40.8094444,-80.4227778
2007-06,,38.0316667,-85.3425000
2007-06,,36.58521,-80.716735
2007-06,,39.1652778,-86.5263889
2007-06,,40.8325000,-115.7622222
2007-06,,38.41885,27.12872
2007-06,,46.095227,-74.87115
2007-06,,42.3369444,-83.2733333
2007-06,,53.816667,-101.233333
2007-06,,29.9230556,-82.7138889
2007-06,,38.0525000,-84.7300000
2007-06,,43.6461111,-108.2113889
2007-06,,38.2325000,-122.6355556
2007-06,,42.0083333,-91.6438889
2007-06,,36.1630556,-82.8311111
2007-06,,38.6272222,-90.1977778
2007-06,,47.6063889,-122.3308333
2007-06,,45.4872222,-122.8025000
2007-06,,40.7061111,-73.6191667
2007-06,,38.6272222,-90.1977778
2007-06,,33.5091667,-111.8983333
2007-06,,37.3541667,-121.9541667
2007-06,cylinder,38.9516667,-92.3338889
2007-06,triangle,38.910841,-94.382172
2007-06,triangle,36.7477778,-119.7713889
2007-06,triangle,46.5100000,-114.0922222
2007-06,triangle,47.2372222,-93.5300000
2007-06,triangle,40.1933333,-85.3863889
2007-06,triangle,38.8019444,-94.4525000
2007-06,light,44.9975000,-91.7269444
2007-06,light,41.7958333,-87.9755556
2007-06,light,43.15,-79.5
2007-06,light,43.80,-79.53
2007-06,light,42.5000000,-96.4000000
2007-06,light,30.2283333,-88.0230556
2007-06,light,36.8452778,-86.8872222
2007-06,light,47.6063889,-122.3308333
2007-06,light,48.1333333,-103.6333333
2007-06,light,42.9633333,-85.6680556
2007-06,light,41.7108333,-87.7580556
2007-06,light,41.6472222,-122.5188889
2007-06,light,36.7022222,-85.6916667
2007-06,light,33.7475000,-116.9711111
2007-06,light,42.7597222,-105.3816667
2007-06,light,41.1669444,-73.2052778
2007-06,light,42.700915,-73.108715
2007-06,light,43.8727778,-93.3011111
2007-06,light,24.861462,67.009939
2007-06,light,38.2541667,-85.7594444
2007-06,light,52.333333,-106.783333
2007-06,light,30.2941667,-87.5736111
2007-06,light,43.3005556,-73.5863889
2007-06,light,45.5236111,-122.6750000
2007-06,light,44.5366667,-122.9058333
2007-06,light,33.4486111,-84.4550000
2007-06,light,36.5025000,-120.3905556
2007-06,formation,41.8500000,-87.6500000
2007-06,formation,39.7683333,-86.1580556
2007-06,formation,47.3809,-122.636048
2007-06,formation,45.5827778,-122.3522222
2007-06,circle,27.7705556,-82.6794444
2007-06,circle,33.5422222,-117.7822222
2007-06,circle,38.6300000,-112.1200000
2007-06,circle,34.1722222,-118.3780556
2007-06,circle,40.4163889,-120.6519444
2007-06,circle,40.6030556,-84.4916667
2007-06,circle,36.8252778,-119.7019444
2007-06,circle,46.9075000,-97.3450000
2007-06,circle,33.6694444,-117.8222222
2007-06,rectangle,43.0011111,-84.5591667
2007-06,changing,47.2530556,-122.4430556
2007-06,sphere,43.0972222,-89.5041667
2007-06,sphere,47.3177778,-119.5525000
2007-06,sphere,46.519962,6.633597
2007-06,sphere,39.9022222,-95.8005556
2007-06,sphere,29.7630556,-95.3630556
2007-06,sphere,25.7902778,-80.1302778
2007-06,sphere,32.8186111,-85.1794444
2007-06,egg,36.7477778,-119.7713889
2007-06,egg,53.533333,-.05
2007-06,cross,38.2919444,-122.4569444
2007-06,disk,39.3955556,-80.3002778
2007-06,disk,44.9430556,-123.0338889
2007-06,disk,40.284615,-74.992373
2007-06,disk,33.5016667,-117.6616667
2007-06,disk,35.6708333,-80.4744444
2007-06,fireball,41.9163889,-83.3977778
2007-06,cigar,40.7608333,-111.8902778
2007-06,cigar,41.9427778,-79.9847222
2007-06,cigar,37.8769444,-94.0211111
2007-06,cigar,41.5580556,-73.0519444
2007-06,cigar,44.9444444,-93.0930556
2007-06,cigar,30.3580556,-90.0655556
2007-06,cigar,34.8525000,-82.3941667
2007-06,cigar,38.6786111,-121.7722222
2007-06,chevron,-36.84846,174.763332
2007-06,chevron,41.4500000,-71.4500000
2007-06,cone,14.48107,121.030995
2007-06,cone,46.0647222,-118.3419444
2007-07,oval,37.8044444,-122.2697222
2007-07,oval,50.966667,-.133333
2007-07,oval,40.7608333,-111.8902778
2007-07,oval,33.6888889,-78.8869444
2007-07,oval,34.51994,-105.87009
2007-07,oval,42.1625,-83.403056
2007-07,oval,41.6716667,-72.9497222
2007-07,oval,29.1869444,-82.1402778
2007-07,,27.664827,-81.515754
2007-07,,34.9247222,-81.0252778
2007-07,,48.1958333,-114.3119444
2007-07,,42.2708333,-83.7263889
2007-07,,49.883333,-97.166667
2007-07,,47.6063889,-122.3308333
2007-07,,37.1041667,-113.5833333
2007-07,,47.6588889,-117.4250000
2007-07,,28.0611111,-82.3025000
2007-07,,33.8583333,-118.0638889
2007-07,,35.6266667,-120.6900000
2007-07,,35.8455556,-86.3902778
2007-07,,40.7536111,-86.0688889
2007-07,,47.0380556,-122.8994444
2007-07,,46.6022222,-120.5047222
2007-07,,42.3958333,-71.1791667
2007-07,,42.1513889,-87.9597222
2007-07,,29.4238889,-98.4933333
2007-07,,39.9719444,-74.6833333
2007-07,,31.7586111,-106.4863889
2007-07,,44.6,-79.416667
2007-07,,46.2811111,-87.4408333
2007-07,cylinder,41.8500000,-87.6500000
2007-07,cylinder,-33.861481,151.205475
2007-07,cylinder,33.8752778,-117.5655556
2007-07,triangle,34.2255556,-77.9450000
2007-07,triangle,41.6388889,-87.6072222
2007-07,triangle,26.0108333,-80.1497222
2007-07,triangle,37.9900000,-84.1797222
2007-07,triangle,34.2694444,-118.7805556
2007-07,triangle,43.1661111,-83.5244444
2007-07,triangle,38.864645,-90.046754
2007-07,triangle,38.348892,-120.774093
2007-07,triangle,38.8916667,-83.5233333
2007-07,triangle,28.0194444,-82.7719444
2007-07,triangle,38.5816667,-121.4933333
2007-07,light,34.4263889,-117.3000000
2007-07,light,44.65,-63.6
2007-07,light,38.5611111,-94.1911111
2007-07,light,39.6136111,-86.1066667
2007-07,light,41.921111,-71.435
2007-07,light,50,8.271111
2007-07,light,41.8402778,-71.2500000
2007-07,light,34.5794444,-118.1155556
2007-07,light,43.45,-80.5
2007-07,light,41.8500000,-87.6500000
2007-07,light,28.9333333,-81.9486111
2007-07,light,49.266667,-122.783333
2007-07,light,39.1941667,-84.7244444
2007-07,light,29.685693,76.990482
2007-07,light,39.9611111,-82.9988889
2007-07,light,33.5805556,-112.2366667
2007-07,light,42.7794444,-96.9288889
2007-07,light,29.9144444,-90.0538889
2007-07,light,44.9430556,-123.0338889
2007-07,light,47.6816667,-122.2075000
2007-07,light,52.366667,-1.25
2007-07,light,39.5150000,-84.3983333
2007-07,light,42.5294444,-83.7802778
2007-07,light,30.4380556,-84.2808333
2007-07,light,38.321675,-94.315422
2007-07,diamond,35.3111111,-120.8313889
2007-07,diamond,42.0347222,-93.6197222
2007-07,formation,52.183333,-1.7
2007-07,formation,52.183333,-1.7
2007-07,formation,42.1213889,-84.3450000
2007-07,circle,35.507104,-78.739181
2007-07,circle,41.6977778,-72.7241667
2007-07,circle,43.2797222,-75.6438889
2007-07,circle,36.2380556,-96.3163889
2007-07,circle,56.116667,-3.166667
2007-07,circle,40.7744444,-97.0502778
2007-07,circle,45.9975000,-121.5269444
2007-07,circle,49.809006,21.245283
2007-07,circle,48.7411111,-117.4161111
2007-07,circle,40.4141667,-79.0202778
2007-07,circle,36.7069444,-97.0852778
2007-07,circle,-14.599413,-28.673147
2007-07,circle,28.6119444,-80.8077778
2007-07,circle,42.8863889,-78.8786111
2007-07,rectangle,40.7933333,-73.4155556
2007-07,rectangle,44.6,-79.416667
2007-07,changing,47.2530556,-122.4430556
2007-07,changing,33.8702778,-117.9244444
2007-07,changing,48.276577,-116.553465
2007-07,changing,41.4994444,-81.6955556
2007-07,changing,47.6063889,-122.3308333
2007-07,sphere,27.0994444,-82.4544444
2007-07,sphere,55.95,-4.833333
2007-07,sphere,34.0522222,-118.2427778
2007-07,sphere,44.7488889,-92.8019444
2007-07,sphere,53.516667,-113.316667
2007-07,sphere,27.4986111,-82.5750000
2007-07,sphere,51.903238,8.385753
2007-07,sphere,36.7477778,-119.7713889
2007-07,sphere,41.8800000,-88.0077778
2007-07,sphere,33.6602778,-117.9983333
2007-07,egg,46.1383333,-122.9369444
2007-07,egg,35.7141667,-83.5102778
2007-07,disk,40.7141667,-74.0063889
2007-07,disk,47.7180556,-116.9505556
2007-07,disk,41.5755556,-72.3325000
2007-07,disk,38.2769444,-107.0952778
2007-07,disk,41.9833333,-71.3333333
2007-07,fireball,42.2711111,-89.0938889
2007-07,fireball,41.6619444,-86.1586111
2007-07,fireball,33.1958333,-117.3786111
2007-07,fireball,34.2483333,-117.1883333
2007-07,fireball,38.0608333,-97.9294444
2007-07,fireball,41.7308333,-84.9327778
2007-07,fireball,33.9533333,-117.3952778
2007-07,fireball,41.9141667,-88.3086111
2007-07,teardrop,34.048928,-111.093731
2007-07,teardrop,43.1116667,-88.4991667
2007-08,oval,34.1063889,-117.5922222
2007-08,oval,40.7141667,-74.0063889
2007-08,oval,40.7525000,-73.6108333
2007-08,,40.0847222,-104.8125000
2007-08,,46.5,-80.966667
2007-08,,29.7630556,-95.3630556
2007-08,,37.9513889,-91.7711111
2007-08,,35.696111,51.423056
2007-08,,35.2783333,-93.1336111
2007-08,,42.9633333,-85.6680556
2007-08,,39.9347222,-75.0311111
2007-08,,49.25,-123.133333
2007-08,,41.9833333,-71.3333333
2007-08,,37.5586111,-122.2700000
2007-08,,33.0197222,-96.6986111
2007-08,,43.2166667,-123.3405556
2007-08,,32.7833333,-96.8000000
2007-08,,33.4416667,-94.0375000
2007-08,,41.6269444,-88.2038889
2007-08,,37.3488889,-108.5852778
2007-08,,45.6388889,-122.6602778
2007-08,,43.9105556,-69.8211111
2007-08,,52.869581,-1.356184
2007-08,cylinder,46.5158333,-67.8669444
2007-08,triangle,37.9736111,-122.5300000
2007-08,triangle,36.825228,-119.702919
2007-08,triangle,25.7738889,-80.1938889
2007-08,triangle,69.753158,18.466054
2007-08,triangle,37.3280556,-119.6483333
2007-08,triangle,53.766667,-2.35
2007-08,triangle,47.6063889,-122.3308333
2007-08,triangle,35.4675000,-97.5161111
2007-08,light,53.416667,-3
2007-08,light,43.0730556,-89.4011111
2007-08,light,32.5519444,-117.0422222
2007-08,light,44.671611,110.039284
2007-08,light,52.133333,-.45
2007-08,light,40.5247222,-111.8630556
2007-08,light,28.5380556,-81.3794444
2007-08,light,34.1741667,-97.1433333
2007-08,light,40.0377778,-76.3058333
2007-08,light,28.2916667,-81.4077778
2007-08,light,44.4213889,-84.1166667
2007-08,light,41.3711111,-73.4144444
2007-08,light,31.5747222,-111.3316667
2007-08,light,42.936378,-114.952136
2007-08,light,30.3741667,-86.3586111
2007-08,light,38.6272222,-90.1977778
2007-08,light,40.7666667,-72.8525000
2007-08,light,38.81505,-90.955972
2007-08,light,42.9633333,-85.6680556
2007-08,light,28.5491667,-81.7730556
2007-08,light,34.9247222,-81.0252778
2007-08,light,41.4994444,-81.6955556
2007-08,light,43.6333333,-88.7294444
2007-08,light,39.6491667,-119.7063889
2007-08,light,42.583595,-82.829342
2007-08,light,40.3972222,-91.3847222
2007-08,light,46.1383333,-122.9369444
2007-08,diamond,41.4486111,-74.2858333
2007-08,diamond,32.9808333,-80.0327778
2007-08,formation,40.4411111,-75.8872222
2007-08,formation,24.6694444,-81.3541667
2007-08,formation,33.7669444,-118.1883333
2007-08,formation,52.033333,-.7
2007-08,circle,36.1750000,-115.1363889
2007-08,circle,34.7463889,-92.2894444
2007-08,circle,43.1547222,-77.6158333
2007-08,circle,40.4333333,-110.0291667
2007-08,circle,50.8,-.366667
2007-08,circle,38.8461111,-77.3066667
2007-08,circle,49.25,-123.133333
2007-08,circle,37.3177778,-112.5963889
2007-08,circle,47.6063889,-122.3308333
2007-08,circle,43.3772222,-73.6136111
2007-08,circle,34.70713,33.022617
2007-08,rectangle,42.2525000,-78.8058333
2007-08,rectangle,53.416667,-3
2007-08,changing,44.166667,-77.383333
2007-08,changing,43.75,-79.2
2007-08,changing,40.0150000,-105.2700000
2007-08,flash,39.3633333,-76.5208333
2007-08,flash,42.9825000,-77.4091667
2007-08,sphere,41.7858333,-88.1472222
2007-08,sphere,38.873682,-121.133888
2007-08,sphere,33.6694444,-117.8222222
2007-08,sphere,40.2661111,-83.2127778
2007-08,sphere,30.3333333,-87.1375000
2007-08,sphere,35.6527778,-97.4777778
2007-08,sphere,30.572269,104.066541
2007-08,sphere,44.9611111,-90.7997222
2007-08,egg,47.5302778,-122.0313889
2007-08,egg,40.8366667,-72.9175000
2007-08,disk,47.9447222,-122.3033333
2007-08,disk,37.6447222,-115.7427778
2007-08,disk,41.3830556,-71.6422222
2007-08,fireball,55.833333,-4.25
2007-08,fireball,29.4236111,-95.2438889
2007-08,fireball,40.7141667,-74.0063889
2007-08,fireball,38.002537,-121.832318
2007-08,fireball,-40.900557,174.885971
2007-08,fireball,41.7822222,-72.6125000
2007-08,fireball,41.5380556,-72.8075000
2007-08,fireball,34.6100000,-112.3150000
2007-08,teardrop,48.1958333,-114.3119444
2007-08,cigar,33.1505556,-96.8233333
2007-08,cigar,34.2011111,-118.5972222
2007-08,cigar,38.6244444,-76.9394444
2007-08,cigar,39.4063889,-88.7900000
2007-08,chevron,34.8697222,-111.7602778
2007-08,chevron,38.4405556,-122.7133333
2007-08,chevron,38.4405556,-122.7133333
2007-08,cone,51.466958,-9.728202
2007-09,oval,34.430584,-84.337545
2007-09,oval,39.9625000,-76.7280556
2007-09,oval,42.8863889,-78.8786111
2007-09,oval,36.1958333,-85.4486111
2007-09,oval,41.3080556,-72.9286111
2007-09,,37.5536111,-77.4605556
2007-09,,36.1750000,-115.1363889
2007-09,,33.8352778,-117.9136111
2007-09,,38.9516667,-92.3338889
2007-09,,41.2786111,-72.5280556
2007-09,,30.2669444,-97.7427778
2007-09,,33.9375000,-117.2297222
2007-09,,42.4461111,-87.8327778
2007-09,,41.6388889,-70.9708333
2007-09,,39.5297222,-119.8127778
2007-09,,32.7666667,-96.5988889
2007-09,,41.3113889,-105.5905556
2007-09,,28.572872,-80.648981
2007-09,,38.1075000,-122.5686111
2007-09,,47.4008333,-116.9161111
2007-09,,36.1658333,-86.7844444
2007-09,,43.0805556,-88.2611111
2007-09,,38.8002778,-90.6263889
2007-09,,37.6819444,-121.7669444
2007-09,,52.866667,-104.6
2007-09,cylinder,39.6477778,-104.9872222
2007-09,triangle,39.2561111,-84.4180556
2007-09,triangle,59.878522,-150.395227
2007-09,triangle,33.5161111,-90.1794444
2007-09,triangle,39.5138889,-121.5552778
2007-09,triangle,28.2438889,-82.7194444
2007-09,triangle,51.514125,-.093689
2007-09,triangle,33.5225000,-117.7066667
2007-09,triangle,39.8397222,-74.1905556
2007-09,triangle,37.7750000,-122.4183333
2007-09,triangle,50.224998,-98.950765
2007-09,triangle,44.75,-79.9
2007-09,triangle,39.0875000,-81.9227778
2007-09,light,40.672332,-78.770289
2007-09,light,39.3330556,-82.9825000
2007-09,light,40.9477778,-90.3711111
2007-09,light,34.4988889,-82.0144444
2007-09,light,39.3330556,-82.9825000
2007-09,light,41.1750000,-76.0750000
2007-09,light,55.833333,-121.733333
2007-09,light,50.1,-91.916667
2007-09,light,42.5277778,-92.4452778
2007-09,light,41.3711111,-73.4144444
2007-09,light,40.2330556,-76.1375000
2007-09,light,47.5675000,-122.6313889
2007-09,light,47.7661111,-116.7855556
2007-09,light,35.0011111,-92.6297222
2007-09,light,40.0638889,-80.7211111
2007-09,light,40.2941667,-90.4277778
2007-09,light,35.3394444,-97.4863889
2007-09,light,21.9811111,-159.3711111
2007-09,light,44.5938889,-72.6169444
2007-09,light,42.8666667,-106.3125000
2007-09,light,32.7947222,-116.9616667
2007-09,diamond,35.8880556,-106.3063889
2007-09,diamond,45.4944444,-122.8658333
2007-09,diamond,-37.883333,145.166667
2007-09,formation,41.6302778,-87.8538889
2007-09,formation,49.833333,-99.95
2007-09,formation,29.3472222,-99.1411111
2007-09,formation,40.7250000,-73.2458333
2007-09,formation,35.142467,-119.456508
2007-09,formation,42.7325000,-84.5555556
2007-09,formation,44.6366667,-123.1047222
2007-09,circle,33.654533,-117.596775
2007-09,circle,51.083333,-1.166667
2007-09,circle,43.8844444,-91.2350000
2007-09,circle,33.3061111,-111.8405556
2007-09,circle,36.622878,-82.562098
2007-09,circle,42.3136111,-122.9658333
2007-09,circle,33.6888889,-78.8869444
2007-09,circle,43.161748,-70.648258
2007-09,circle,49.663631,-109.547542
2007-09,circle,45.4177778,-122.4577778
2007-09,circle,35.9483333,-106.0700000
2007-09,circle,-37.813938,144.963425
2007-09,rectangle,39.9347222,-75.0311111
2007-09,rectangle,44.9430556,-123.0338889
2007-09,changing,32.2216667,-110.9258333
2007-09,changing,42.1672222,-85.8469444
2007-09,changing,45.9975000,-121.5269444
2007-09,sphere,53.883333,-1.916667
2007-09,sphere,40.4863889,-86.1336111
2007-09,cross,44.0522222,-123.0855556
2007-09,disk,44.3502778,-72.7427778
2007-09,disk,26.1416667,-81.7950000
2007-09,disk,41.6061111,-73.1186111
2007-09,disk,40.7280556,-74.0780556
2007-09,disk,43.111673,-88.499266
2007-09,fireball,38.6769444,-86.9141667
2007-09,fireball,34.0233333,-84.6155556
2007-09,fireball,42.4972222,-82.9372222
2007-09,fireball,39.7683333,-86.1580556
2007-09,fireball,44.5366667,-122.9058333
2007-09,teardrop,51.514125,-.093689
2007-09,teardrop,42.4683333,-73.8166667
2007-09,cigar,35.0844444,-106.6505556
2007-09,cigar,46.2811111,-87.4408333
2007-09,cigar,34.4358333,-119.8266667
2007-09,cigar,40.7088889,-84.3536111
2007-09,cigar,42.8336111,-88.7322222
2007-09,chevron,34.9744444,-92.0163889
2007-09,chevron,41.8800000,-88.0077778
2007-10,oval,29.5072222,-95.0947222
2007-10,oval,47.6105556,-122.1994444
2007-10,oval,28.4055556,-80.6050000
2007-10,oval,44.7122222,-68.4533333
2007-10,oval,39.9625000,-76.7280556
2007-10,oval,27.716432,-97.328818
2007-10,oval,43.5500000,-96.7000000
2007-10,oval,28.7088889,-100.4991667
2007-10,oval,33.7205556,-116.2147222
2007-10,oval,42.2880556,-100.6252778
2007-10,,37.9513889,-91.7711111
2007-10,,33.6694444,-117.8222222
2007-10,,41.7691667,-110.3252778
2007-10,,29.7630556,-95.3630556
2007-10,,33.598394,73.044135
2007-10,,33.1975000,-96.6150000
2007-10,,42.7022222,-83.4027778
2007-10,,33.7475000,-116.9711111
2007-10,,33.4213889,-96.5769444
2007-10,,43.2830556,-97.0888889
2007-10,,31.7380556,-99.9469444
2007-10,,40.527338,19.782979
2007-10,,43.7575000,-122.4952778
2007-10,,51.514125,-.093689
2007-10,,36.1750000,-115.1363889
2007-10,,43.544596,-96.731103
2007-10,,33.0197222,-96.6986111
2007-10,,30.8400000,-89.5341667
2007-10,,45.3575000,-122.6055556
2007-10,,27.5955556,-81.5063889
2007-10,,32.4613889,-97.3877778
2007-10,cylinder,34.8833333,-82.7075000
2007-10,triangle,37.6819444,-121.7669444
2007-10,triangle,29.8266667,-82.5969444
2007-10,triangle,45.1680556,-84.9161111
2007-10,triangle,37.816239,-79.824495
2007-10,triangle,38.9516667,-92.3338889
2007-10,triangle,40.6366667,-74.9102778
2007-10,triangle,38.9822222,-94.6705556
2007-10,triangle,47.4891667,-92.8836111
2007-10,triangle,32.3966667,-97.3236111
2007-10,triangle,41.2041667,-73.6441667
2007-10,light,41.2586111,-95.9375000
2007-10,light,37.1972222,-87.0363889
2007-10,light,47.9791667,-122.2008333
2007-10,light,44.7691667,-94.1513889
2007-10,light,32.6208333,-83.6000000
2007-10,light,51.4,.566667
2007-10,light,44.7677778,-93.2775000
2007-10,light,42.6386111,-100.2377778
2007-10,light,42.7469444,-84.4011111
2007-10,light,48.2555556,-121.6002778
2007-10,light,38.6688889,-120.9861111
2007-10,light,51.883333,.9
2007-10,light,42.0341667,-91.5975000
2007-10,light,42.8650000,-71.3744444
2007-10,light,44.7186111,-91.6897222
2007-10,light,32.8138889,-96.9486111
2007-10,light,47.5675000,-122.6313889
2007-10,light,35.8455556,-86.3902778
2007-10,light,42.1947222,-122.7083333
2007-10,light,42.6583333,-83.1500000
2007-10,light,42.308644,-83.482116
2007-10,light,35.0241667,-81.0280556
2007-10,light,35.0844444,-106.6505556
2007-10,light,33.4483333,-112.0733333
2007-10,light,32.436381,-111.222442
2007-10,light,44.2480556,-99.4527778
2007-10,diamond,52.3,-1.533333
2007-10,diamond,40.3977778,-105.0744444
2007-10,diamond,36.0213889,-80.3822222
2007-10,formation,37.6922222,-97.3372222
2007-10,formation,44.8113889,-91.4983333
2007-10,formation,34.0522222,-118.2427778
2007-10,formation,47.6063889,-122.3308333
2007-10,circle,34.0966667,-117.7188889
2007-10,circle,36.5483333,-82.5619444
2007-10,circle,10.063611,-69.334722
2007-10,circle,38.3802778,-78.2577778
2007-10,circle,50.4,-113.25
2007-10,circle,34.1866667,-118.4480556
2007-10,circle,56.116667,-3.166667
2007-10,circle,44.2619444,-88.4152778
2007-10,circle,40.7425000,-84.1052778
2007-10,circle,43.2925000,-85.0813889
2007-10,circle,41.8500000,-87.6500000
2007-10,circle,34.0966667,-117.7188889
2007-10,circle,45.4077778,-122.5691667
2007-10,circle,33.6694444,-117.8222222
2007-10,circle,40.0063889,-75.7036111
2007-10,circle,44.383333,-79.7
2007-10,circle,34.4838889,-114.3216667
2007-10,rectangle,39.729432,-104.83192
2007-10,rectangle,33.4213889,-96.5769444
2007-10,flash,39.6133333,-105.0161111
2007-10,sphere,36.1750000,-115.1363889
2007-10,sphere,33.8536111,-118.1330556
2007-10,sphere,44.5736111,-68.7961111
2007-10,sphere,32.6208333,-83.6000000
2007-10,sphere,39.7294444,-104.8313889
2007-10,sphere,37.9513889,-91.7711111
2007-10,sphere,40.1416667,-75.2094444
2007-10,sphere,41.6638889,-83.5552778
2007-10,disk,42.586888,-82.919551
2007-10,disk,38.3555556,-98.5805556
2007-10,disk,42.0750000,-72.0338889
2007-10,disk,27.9472222,-82.4586111
2007-10,disk,35.8241667,-78.3150000
2007-10,fireball,29.4238889,-98.4933333
2007-10,fireball,51.25,-.766667
2007-10,fireball,34.4313889,-110.5933333
2007-10,fireball,45.8769444,-93.2936111
2007-10,fireball,48.0905556,-105.6400000
2007-10,teardrop,56.5,-2.966667
2007-10,cigar,34.0522222,-118.2427778
2007-10,chevron,40.6936111,-89.5888889
2007-11,oval,32.3122222,-106.7777778
2007-11,oval,29.8944444,-81.3147222
2007-11,oval,33.4472222,-84.1469444
2007-11,,29.7630556,-95.3630556
2007-11,,34.0522222,-118.2427778
2007-11,,33.8752778,-117.5655556
2007-11,,37.8066667,-100.3477778
2007-11,,35.7200000,-79.1775000
2007-11,,40.1416667,-75.2094444
2007-11,,44.4991667,-124.0827778
2007-11,,41.8097222,-87.9005556
2007-11,,38.4022222,-122.8227778
2007-11,,47.6733333,-117.2383333
2007-11,,40.0227778,-82.4447222
2007-11,,33.8302778,-116.5444444
2007-11,,35.3255556,-112.8766667
2007-11,,38.4088889,-121.3705556
2007-11,,42.3313889,-83.0458333
2007-11,,34.817299,-97.40586
2007-11,,32.7319,-117.197312
2007-11,cylinder,34.6391667,-120.4569444
2007-11,cylinder,39.807012,-82.297094
2007-11,triangle,29.7352778,-94.9772222
2007-11,triangle,43.0630556,-86.2283333
2007-11,triangle,31.4172222,-89.5422222
2007-11,triangle,39.8780556,-83.9369444
2007-11,triangle,39.5297222,-119.8127778
2007-11,triangle,36.6002778,-121.8936111
2007-11,triangle,36.7794444,-85.4519444
2007-11,triangle,42.0083333,-91.6438889
2007-11,light,38.6555556,-92.7797222
2007-11,light,38.7891667,-77.1875000
2007-11,light,33.9158333,-112.1352778
2007-11,light,26.7080556,-80.2308333
2007-11,light,36.3319444,-94.1183333
2007-11,light,38.8338889,-104.8208333
2007-11,light,28.0219444,-81.7330556
2007-11,light,28.198096,-82.432994
2007-11,light,35.0844444,-106.6505556
2007-11,light,36.0625000,-94.1572222
2007-11,light,33.8752778,-117.5655556
2007-11,light,13.135745,78.132561
2007-11,light,43.6136111,-116.2025000
2007-11,light,39.0169444,-94.2813889
2007-11,light,40.9113889,-73.7827778
2007-11,light,31.607437,-81.885392
2007-11,light,40.8041667,-74.0125000
2007-11,light,-33.224584,151.221857
2007-11,light,38.9711111,-77.0766667
2007-11,light,40.8936111,-83.6502778
2007-11,light,39.2997222,-75.6050000
2007-11,light,40.0227778,-82.4447222
2007-11,formation,40.1166667,-80.7000000
2007-11,formation,32.0833333,-81.1000000
2007-11,formation,36.1155556,-97.0580556
2007-11,formation,41.2586111,-95.9375000
2007-11,circle,34.2241667,-118.2391667
2007-11,circle,33.2147222,-97.1327778
2007-11,circle,36.5936111,-94.7688889
2007-11,circle,32.7152778,-117.1563889
2007-11,circle,32.8233333,-97.1702778
2007-11,circle,40.015892,-74.956425
2007-11,rectangle,47.1555556,-122.4327778
2007-11,rectangle,30.3933333,-86.4958333
2007-11,changing,40.6952778,-80.3050000
2007-11,changing,35.142467,-119.456508
2007-11,changing,39.3938889,-110.4541667
2007-11,flash,40.5347222,-95.3188889
2007-11,sphere,48.6330556,-112.3252778
2007-11,sphere,34.0658333,-84.6769444
2007-11,sphere,27.7519444,-98.0694444
2007-11,disk,37.6625000,-121.8736111
2007-11,disk,32.7152778,-117.1563889
2007-11,disk,54.884565,-126.207158
2007-11,disk,41.8500000,-87.6500000
2007-11,disk,39.0169444,-94.2813889
2007-11,disk,40.5141667,-88.9905556
2007-11,disk,41.8458333,-70.9500000
2007-11,fireball,30.3672222,-89.0927778
2007-11,fireball,27.9011111,-81.5861111
2007-11,fireball,43.0494444,-88.0075000
2007-11,fireball,40.7141667,-74.0063889
2007-11,fireball,38.2547222,-121.2988889
2007-11,fireball,40.0377778,-76.3058333
2007-11,chevron,29.4238889,-98.4933333
2007-11,chevron,33.1505556,-96.8233333
2007-12,oval,35.6805556,-109.0519444
2007-12,oval,34.4133333,-119.8600000
2007-12,oval,40.012934,-119.557168
2007-12,oval,41.4958333,-87.8486111
2007-12,,34.3875000,-83.6663889
2007-12,,34.0194444,-118.4902778
2007-12,,33.8838889,-84.5144444
2007-12,,39.0169444,-94.2813889
2007-12,,32.7252778,-114.6236111
2007-12,,46.0927778,-88.6422222
2007-12,,33.7222222,-116.3736111
2007-12,,33.6694444,-117.8222222
2007-12,,39.0061111,-77.4288889
2007-12,,29.3872222,-82.4469444
2007-12,,38.41925,-82.445154
2007-12,,44.1969444,-72.5025000
2007-12,,32.3511111,-95.3008333
2007-12,,26.6250000,-81.6250000
2007-12,,40.1633333,-76.3952778
2007-12,,35.1494444,-90.0488889
2007-12,,31.8541667,-110.9930556
2007-12,,39.6000000,-75.9416667
2007-12,,42.3200000,-89.0580556
2007-12,,45.443299,-93.589962
2007-12,,-41.438759,147.134674
2007-12,cylinder,39.1619444,-84.4569444
2007-12,cylinder,52.156111,5.387827
2007-12,cylinder,25.7738889,-80.1938889
2007-12,cylinder,27.9472222,-82.4586111
2007-12,triangle,28.9825000,-95.9691667
2007-12,triangle,39.6291667,-75.6586111
2007-12,triangle,30.4380556,-84.2808333
2007-12,triangle,40.7758333,-74.6011111
2007-12,triangle,39.8269444,-80.5666667
2007-12,light,25.7738889,-80.1938889
2007-12,light,-30.034647,-51.217658
2007-12,light,38.8813889,-94.8188889
2007-12,light,37.9452778,-104.8347222
2007-12,light,56.533333,-79.233333
2007-12,light,35.5916667,-86.3541667
2007-12,light,36.1397222,-96.1086111
2007-12,light,38.6808333,-85.1794444
2007-12,light,37.6211111,-90.6402778
2007-12,light,40.329536,-76.515244
2007-12,light,34.1333333,-109.2852778
2007-12,light,30.4211111,-87.2169444
2007-12,light,54.25,-1.066667
2007-12,light,30.4380556,-84.2808333
2007-12,light,40.0150000,-105.2700000
2007-12,light,42.4391667,-123.3272222
2007-12,light,51.514125,-.093689
2007-12,light,45.5394444,-122.3861111
2007-12,light,44.9430556,-123.0338889
2007-12,light,27.411695,-82.428522
2007-12,light,41.485097,-72.934548
2007-12,light,37.5072222,-122.2594444
2007-12,light,53.083333,-1.266667
2007-12,light,32.7833333,-96.8000000
2007-12,light,38.8813889,-94.8188889
2007-12,diamond,44.6705556,-70.1516667
2007-12,formation,33.9930556,-117.9677778
2007-12,formation,34.1866667,-118.4480556
2007-12,formation,42.3786111,-97.3566667
2007-12,formation,40.2858333,-76.6505556
2007-12,circle,43.962178,-72.704649
2007-12,circle,39.6836111,-75.7500000
2007-12,circle,33.6694444,-117.8222222
2007-12,circle,37.964253,-91.831833
2007-12,circle,34.0522222,-118.2427778
2007-12,circle,28.0391667,-81.9500000
2007-12,circle,41.7000000,-71.4166667
2007-12,circle,44.1669444,-74.5383333
2007-12,circle,32.2216667,-110.9258333
2007-12,rectangle,26.5250000,-80.0666667
2007-12,flash,39.3061111,-102.2688889
2007-12,flash,39.3061111,-102.2688889
2007-12,sphere,43.8205556,-69.8152778
2007-12,sphere,32.9536111,-96.8900000
2007-12,sphere,27.8002778,-97.3961111
2007-12,sphere,36.1102778,-105.7261111
2007-12,sphere,35.7913889,-78.7813889
2007-12,sphere,39.452339,-74.727663
2007-12,disk,41.8741667,-80.1319444
2007-12,disk,34.6991667,-86.7483333
2007-12,disk,34.8905556,-80.9566667
2007-12,disk,28.810823,-81.877858
2007-12,disk,6.235925,-75.575137
2007-12,disk,37.9158333,-122.3105556
2007-12,disk,57.322858,-4.424382
2007-12,fireball,27.8394444,-82.7913889
2007-12,fireball,56.2,-3
2007-12,fireball,43.6725000,-111.9141667
2007-12,fireball,33.892814,35.511221
2007-12,fireball,53.508131,-2.164444
2007-12,teardrop,42.2538889,-79.5047222
2007-12,cigar,33.5538889,-117.2130556
2007-12,cigar,27.4463889,-80.3258333
2007-12,cone,29.9230556,-82.7138889
2008-01,oval,37.6688889,-122.0797222
2008-01,oval,35.2044444,-89.8738889
2008-01,oval,30.733315,76.779418
2008-01,oval,40.3916667,-111.8500000
2008-01,oval,41.4875000,-82.1016667
2008-01,oval,33.906387,-117.905783
2008-01,oval,33.4483333,-112.0733333
2008-01,oval,54.341291,-5.748485
2008-01,oval,33.8722222,-117.8694444
2008-01,oval,45.6797222,-111.0377778
2008-01,oval,41.7108333,-87.7580556
2008-01,,39.2672222,-76.7986111
2008-01,,41.7002778,-73.9213889
2008-01,,35.8680556,-83.5619444
2008-01,,41.2794444,-72.5988889
2008-01,,39.2638889,-103.6916667
2008-01,,28.6650000,-80.8450000
2008-01,,27.9769444,-82.8280556
2008-01,,47.3222222,-97.7219444
2008-01,,28.8525000,-81.6855556
2008-01,,35.2269444,-80.8433333
2008-01,,40.6983333,-74.4019444
2008-01,,47.6063889,-122.3308333
2008-01,,39.7391667,-104.9841667
2008-01,,39.6416667,-77.7202778
2008-01,,47.2397222,-122.5147222
2008-01,,41.4338889,-73.1172222
2008-01,,41.075036,-87.257528
2008-01,,29.7255556,-84.9833333
2008-01,,40.9169444,-72.6625000
2008-01,,40.0483333,-86.4691667
2008-01,,41.4300000,-73.6805556
2008-01,,28.6650000,-80.8450000
2008-01,,41.5093,-90.515299
2008-01,,37.7886111,-79.8838889
2008-01,,41.6458333,-70.6188889
2008-01,triangle,39.0838889,-77.1530556
2008-01,triangle,37.6194444,-84.5780556
2008-01,triangle,38.9516667,-92.3338889
2008-01,triangle,41.5033333,-74.0108333
2008-01,triangle,50.396389,-4.138611
2008-01,triangle,40.6677778,-81.2575000
2008-01,triangle,40.4841667,-88.9936111
2008-01,triangle,30.4977778,-94.9963889
2008-01,triangle,38.939612,-95.272329
2008-01,triangle,37.3394444,-121.8938889
2008-01,triangle,35.3786111,-81.3791667
2008-01,light,18.335765,-64.896335
2008-01,light,41.3405556,-87.6213889
2008-01,light,33.5225000,-117.7066667
2008-01,light,47.5302778,-122.0313889
2008-01,light,32.6536111,-83.7597222
2008-01,light,44.8644444,-75.2044444
2008-01,light,35.0844444,-106.6505556
2008-01,light,32.7152778,-117.1563889
2008-01,light,31.968599,-99.901813
2008-01,light,36.4541667,-83.5694444
2008-01,light,34.1808333,-118.3080556
2008-01,light,39.0638889,-108.5500000
2008-01,light,38.2541667,-85.7594444
2008-01,light,31.7036111,-98.1236111
2008-01,light,33.8886111,-117.8122222
2008-01,light,42.7261111,-87.7827778
2008-01,light,33.7591667,-96.6691667
2008-01,light,27.4463889,-80.3258333
2008-01,light,42.1944444,-71.2000000
2008-01,light,26.6402778,-81.8725000
2008-01,diamond,52.966667,-1.166667
2008-01,diamond,34.7697222,-85.6944444
2008-01,diamond,40.3872222,-75.1469444
2008-01,diamond,41.8500000,-87.6500000
2008-01,formation,37.5483333,-121.9875000
2008-01,formation,53.366667,-1.5
2008-01,formation,34.655456,-118.018609
2008-01,formation,35.4675000,-97.5161111
2008-01,formation,33.9400000,-118.1316667
2008-01,formation,40.7266667,-115.5850000
2008-01,formation,42.1013889,-72.5902778
2008-01,circle,32.9658333,-97.6833333
2008-01,circle,34.8297222,-82.6016667
2008-01,circle,39.9783333,-86.1180556
2008-01,circle,33.4483333,-112.0733333
2008-01,circle,45.883333,-64.35
2008-01,circle,32.8950000,-97.5455556
2008-01,circle,34.1808333,-118.3080556
2008-01,circle,39.3583333,-81.3083333
2008-01,circle,32.9658333,-97.6833333
2008-01,circle,39.9008333,-76.6061111
2008-01,circle,43.0008333,-73.8494444
2008-01,circle,35.5755556,-81.2119444
2008-01,circle,37.4283333,-121.9055556
2008-01,circle,27.92022,-15.547437
2008-01,circle,38.6244444,-76.9394444
2008-01,circle,40.71113,-73.81413
2008-01,circle,37.3488889,-108.5852778
2008-01,rectangle,32.7458333,-96.9975000
2008-01,changing,37.4636111,-122.4275000
2008-01,changing,39.4111111,-94.9013889
2008-01,changing,29.6513889,-82.3250000
2008-01,changing,49.25,-122.5
2008-01,changing,51.360163,1.432038
2008-01,changing,39.7391667,-104.9841667
2008-01,changing,34.0194444,-118.4902778
2008-01,changing,32.7677778,-117.0222222
2008-01,flash,28.8650000,-82.0391667
2008-01,flash,25.7738889,-80.1938889
2008-01,flash,38.6369444,-77.3113889
2008-01,sphere,44.5366667,-122.9058333
2008-01,sphere,15.865535,-97.069447
2008-01,sphere,34.9802778,-101.9183333
2008-01,sphere,29.8944444,-81.3147222
2008-01,sphere,40.091227,-74.047915
2008-01,sphere,40.6083333,-75.4905556
2008-01,sphere,55.95,-3.983333
2008-01,cross,36.1961111,-82.0705556
2008-01,disk,40.8558333,-73.2011111
2008-01,disk,30.3677778,-97.9913889
2008-01,disk,53.283333,-2.9
2008-01,disk,31.1711111,-84.7333333
2008-01,disk,43.316667,-79.8
2008-01,disk,40.7141667,-74.0063889
2008-01,disk,28.6608333,-81.3658333
2008-01,disk,35.142467,-119.456508
2008-01,disk,51.266667,-1.083333
2008-01,disk,30.3880556,-95.6961111
2008-01,fireball,32.8186111,-85.1794444
2008-01,fireball,35.6163889,-119.6933333
2008-01,fireball,27.477936,-99.549573
2008-01,fireball,33.8958333,-118.2191667
2008-01,fireball,32.7252778,-114.6236111
2008-01,fireball,27.3361111,-82.5308333
2008-01,fireball,63.333333,-90.7
2008-01,fireball,34.0658333,-84.6769444
2008-01,fireball,-25.282197,-57.6351
2008-01,teardrop,47.6063889,-122.3308333
2008-01,teardrop,40.417095,-74.222115
2008-01,cigar,35.6233333,-95.9602778
2008-01,cigar,42.96336,-85.668086
2008-01,cigar,29.4236111,-95.2438889
2008-02,oval,35.4725000,-77.4158333
2008-02,oval,36.8527778,-75.9783333
2008-02,oval,30.3319444,-81.6558333
2008-02,oval,33.4222222,-111.8219444
2008-02,,38.4783333,-107.8755556
2008-02,,46.7325000,-116.9991667
2008-02,,42.0527778,-124.2827778
2008-02,,45.1158333,-123.2061111
2008-02,,28.535516,77.391026
2008-02,,40.7966667,-81.5216667
2008-02,,28.8002778,-81.2733333
2008-02,,29.2163889,-82.0577778
2008-02,,46.5100000,-114.0922222
2008-02,,47.6588889,-117.4250000
2008-02,,34.7355556,-77.9955556
2008-02,,47.6588889,-117.4250000
2008-02,,40.7141667,-74.0063889
2008-02,,33.5091667,-111.8983333
2008-02,,33.4483333,-112.0733333
2008-02,,42.8594444,-72.7263889
2008-02,,18.252847,109.511909
2008-02,cylinder,44.4202778,-83.3308333
2008-02,triangle,42.7469444,-84.4011111
2008-02,triangle,44.6369444,-124.0522222
2008-02,triangle,30.3583333,-103.6605556
2008-02,triangle,36.3341667,-82.8369444
2008-02,triangle,33.4150000,-111.5488889
2008-02,triangle,33.5538889,-117.2130556
2008-02,triangle,38.4447222,-121.9419444
2008-02,triangle,32.2216667,-110.9258333
2008-02,triangle,32.7833333,-96.8000000
2008-02,triangle,26.4611111,-80.0730556
2008-02,light,33.7738889,-117.9405556
2008-02,light,33.6888889,-78.8869444
2008-02,light,33.9791667,-118.0319444
2008-02,light,37.2705556,-76.7077778
2008-02,light,33.4483333,-112.0733333
2008-02,light,39.4301,-77.804161
2008-02,light,41.8661111,-88.1069444
2008-02,light,33.7738889,-117.9405556
2008-02,light,52.883333,-118.083333
2008-02,light,47.5675000,-122.6313889
2008-02,light,33.4222222,-111.8219444
2008-02,light,34.2569444,-85.1647222
2008-02,light,40.7141667,-74.0063889
2008-02,light,22.0783333,-159.3219444
2008-02,light,37.0758333,-94.6394444
2008-02,light,30.3319444,-81.6558333
2008-02,light,42.6777778,-71.8208333
2008-02,light,31.7586111,-106.4863889
2008-02,light,40.7358333,-73.0825000
2008-02,light,37.0758333,-94.6394444
2008-02,light,33.1580556,-117.3497222
2008-02,light,41.2586111,-95.9375000
2008-02,light,61.2180556,-149.9002778
2008-02,light,47.3075000,-122.2272222
2008-02,diamond,54.766667,-1.566667
2008-02,diamond,40.586725,-73.811499
2008-02,formation,37.7750000,-122.4183333
2008-02,formation,32.7152778,-117.1563889
2008-02,circle,32.7252778,-97.3205556
2008-02,circle,42.1355556,-71.9705556
2008-02,circle,18.220833,-66.590149
2008-02,circle,27.8002778,-97.3961111
2008-02,circle,40.8041667,-73.1694444
2008-02,circle,51.514125,-.093689
2008-02,rectangle,34.0900000,-117.8894444
2008-02,changing,35.1494444,-90.0488889
2008-02,changing,37.5536111,-77.4605556
2008-02,changing,28.8525000,-81.6855556
2008-02,changing,37.5969444,-120.8650000
2008-02,changing,41.6411111,-88.4472222
2008-02,flash,31.0744444,-83.1994444
2008-02,flash,33.7738889,-117.9405556
2008-02,sphere,32.7252778,-97.3205556
2008-02,sphere,39.9522222,-75.1641667
2008-02,sphere,36.9786111,-76.4283333
2008-02,sphere,40.6638889,-74.2111111
2008-02,sphere,40.994542,-73.878746
2008-02,sphere,42.2291667,-95.9305556
2008-02,sphere,40.1527778,-81.5722222
2008-02,sphere,30.486856,-90.956212
2008-02,cross,40.7141667,-74.0063889
2008-02,disk,46.0086111,-122.8433333
2008-02,disk,35.1677778,-114.5722222
2008-02,disk,33.4669444,-117.6972222
2008-02,disk,37.1752778,-113.2891667
2008-02,disk,47.6063889,-122.3308333
2008-02,disk,38.8055556,-123.0161111
2008-02,disk,33.5800000,-85.0766667
2008-02,fireball,41.4277778,-74.1663889
2008-02,fireball,45.4300000,-122.3736111
2008-02,fireball,35.6869444,-105.9372222
2008-02,fireball,40.3088889,-76.5936111
2008-02,cigar,32.7938889,-79.8627778
2008-02,cigar,29.9911111,-93.9583333
2008-02,cigar,39.0169444,-94.2813889
2008-02,cigar,39.7730556,-75.0516667
2008-02,cigar,32.2216667,-110.9258333
2008-02,chevron,30.2669444,-97.7427778
2008-03,oval,33.7669444,-118.1883333
2008-03,oval,40.2600000,-74.2741667
2008-03,oval,32.9777778,-105.9413889
2008-03,oval,41.3747222,-83.6513889
2008-03,oval,40.8336111,-75.7141667
2008-03,,35.9380556,-77.7908333
2008-03,,30.469377,-83.412925
2008-03,,39.1722222,-120.1377778
2008-03,,40.6975000,-74.2636111
2008-03,,28.0611111,-97.0408333
2008-03,,44.383333,-79.7
2008-03,,38.1041667,-122.2555556
2008-03,,41.6005556,-93.6088889
2008-03,,28.8355556,-82.3305556
2008-03,,32.3122222,-106.7777778
2008-03,,37.7750000,-122.4183333
2008-03,,39.4022222,-107.2105556
2008-03,,26.1219444,-80.1436111
2008-03,,37.4283333,-121.9055556
2008-03,,27.2436111,-80.8300000
2008-03,,39.7391667,-104.9841667
2008-03,,41.4169444,-87.3652778
2008-03,,38.4363889,-122.8686111
2008-03,,44.0522222,-123.0855556
2008-03,,32.7152778,-117.1563889
2008-03,cylinder,41.2372222,-82.1200000
2008-03,triangle,40.0377778,-76.3058333
2008-03,triangle,36.0997222,-80.2444444
2008-03,triangle,42.6458333,-85.2908333
2008-03,triangle,33.5091667,-111.8983333
2008-03,triangle,44.5047222,-114.2308333
2008-03,triangle,30.3319444,-81.6558333
2008-03,triangle,43.5500000,-96.7000000
2008-03,light,39.7286111,-121.8363889
2008-03,light,36.1750000,-115.1363889
2008-03,light,33.5058333,-102.0086111
2008-03,light,42.0969444,-79.2355556
2008-03,light,30.2669444,-97.7427778
2008-03,light,38.6580556,-77.2500000
2008-03,light,45.3544444,-117.2286111
2008-03,light,42.9336111,-72.2786111
2008-03,light,32.2686111,-107.7580556
2008-03,light,47.6063889,-122.3308333
2008-03,light,40.5366667,-75.6316667
2008-03,light,35.0844444,-106.6505556
2008-03,light,35.2922222,-81.5358333
2008-03,light,36.1658333,-86.7844444
2008-03,light,28.5380556,-81.3794444
2008-03,light,38.8947222,-81.9336111
2008-03,light,33.4483333,-112.0733333
2008-03,light,35.8777778,-76.6155556
2008-03,light,41.6441667,-93.4644444
2008-03,light,42.983333,-81.25
2008-03,light,34.0922222,-117.4341667
2008-03,light,33.2883,-111.877418
2008-03,formation,37.7750000,-122.4183333
2008-03,formation,37.0113889,-95.9350000
2008-03,formation,34.0200000,-97.9572222
2008-03,circle,35.2269444,-80.8433333
2008-03,circle,40.4863889,-86.1336111
2008-03,circle,41.1075000,-83.7927778
2008-03,circle,39.4561111,-77.9641667
2008-03,circle,33.3702778,-112.5830556
2008-03,circle,32.4205556,-104.2283333
2008-03,circle,41.385064,2.173403
2008-03,circle,37.6391667,-120.9958333
2008-03,rectangle,39.9536111,-74.1983333
2008-03,rectangle,39.1619444,-84.4569444
2008-03,changing,50.26713,-100.872132
2008-03,changing,29.7630556,-95.3630556
2008-03,changing,36.1538889,-95.9925000
2008-03,changing,39.5297222,-119.8127778
2008-03,changing,35.5280556,-108.7419444
2008-03,flash,40.452516,-74.476671
2008-03,flash,32.5091667,-92.1191667
2008-03,sphere,34.2694444,-118.7805556
2008-03,sphere,34.2419444,-117.2847222
2008-03,sphere,44.0125000,-75.7947222
2008-03,sphere,37.0297222,-76.3455556
2008-03,disk,61.2180556,-149.9002778
2008-03,disk,25.7211111,-80.2686111
2008-03,disk,34.8697222,-111.7602778
2008-03,disk,40.7358333,-73.0825000
2008-03,disk,37.0833333,-88.6000000
2008-03,disk,33.5386111,-112.1852778
2008-03,fireball,42.3958333,-71.1791667
2008-03,fireball,32.2216667,-110.9258333
2008-03,fireball,39.6988889,-78.1800000
2008-03,fireball,26.7052778,-80.0366667
2008-03,fireball,39.0483333,-95.6777778
2008-03,cigar,37.6922222,-97.3372222
2008-03,cigar,32.7833333,-96.8000000
2008-03,cigar,39.6136111,-86.1066667
2008-03,cigar,41.7122222,-72.6086111
2008-03,chevron,40.6013889,-79.7600000
2008-04,oval,47.6063889,-122.3308333
2008-04,oval,53.916667,-.7
2008-04,oval,39.0638889,-108.5500000
2008-04,oval,35.9938889,-78.8988889
2008-04,oval,30.3319444,-81.6558333
2008-04,oval,30.1763889,-85.8055556
2008-04,,31.9563889,-99.9619444
2008-04,,41.6005556,-93.6088889
2008-04,,37.9319444,-121.6947222
2008-04,,40.1577778,-83.0752778
2008-04,,29.6991667,-91.2066667
2008-04,,40.5813889,-79.5666667
2008-04,,40.4863889,-86.1336111
2008-04,,34.0552778,-117.7513889
2008-04,,42.0883333,-87.9805556
2008-04,,34.9247222,-81.0252778
2008-04,,40.4863889,-86.1336111
2008-04,,35.5280556,-108.7419444
2008-04,,50.45,-3.5
2008-04,,36.7097222,-81.9775000
2008-04,,34.0708333,-112.1500000
2008-04,,36.3047222,-86.6200000
2008-04,,35.676448,-83.753734
2008-04,,53.3,-1.133333
2008-04,,42.1583333,-71.1452778
2008-04,,47.6063889,-122.3308333
2008-04,cylinder,40.9169444,-72.6625000
2008-04,cylinder,35.022485,-114.58927
2008-04,cylinder,34.8697222,-111.7602778
2008-04,cylinder,33.7838889,-116.9577778
2008-04,triangle,-16.376068,-71.545443
2008-04,triangle,35.9938889,-78.8988889
2008-04,triangle,43.7452778,-73.4988889
2008-04,triangle,40.5675000,-89.6405556
2008-04,triangle,32.8794444,-111.7566667
2008-04,triangle,41.0080556,-91.1638889
2008-04,triangle,32.7152778,-117.1563889
2008-04,triangle,30.0850000,-97.8400000
2008-04,triangle,35.6727778,-89.5733333
2008-04,triangle,42.3333333,-88.2666667
2008-04,triangle,28.0391667,-81.9500000
2008-04,triangle,28.2713889,-82.7197222
2008-04,triangle,39.43007,-78.061927
2008-04,light,53.816667,-1.95
2008-04,light,40.4863889,-86.1336111
2008-04,light,19.4969444,-155.9216667
2008-04,light,33.4483333,-112.0733333
2008-04,light,40.3977778,-105.0744444
2008-04,light,42.4391667,-123.3272222
2008-04,light,37.3022222,-120.4819444
2008-04,light,41.6000000,-87.9380556
2008-04,light,33.4483333,-112.0733333
2008-04,light,50.033333,-100.216667
2008-04,light,46.5575000,-120.4738889
2008-04,light,44.2055556,-73.2466667
2008-04,light,32.2216667,-110.9258333
2008-04,light,42.9119444,-83.9847222
2008-04,light,36.6002778,-121.8936111
2008-04,light,31.7586111,-106.4863889
2008-04,light,34.9900000,-106.0486111
2008-04,light,42.9633333,-85.6680556
2008-04,light,38.2097222,-84.2530556
2008-04,diamond,33.9761111,-117.9044444
2008-04,formation,38.6786111,-121.7722222
2008-04,formation,41.4569444,-72.8236111
2008-04,formation,41.4819444,-81.7983333
2008-04,formation,41.6611111,-87.7525000
2008-04,formation,43.8958333,-75.3927778
2008-04,circle,42.1669444,-76.8208333
2008-04,circle,36.3319444,-94.1183333
2008-04,circle,36.0397222,-114.9811111
2008-04,circle,34.0936111,-118.6005556
2008-04,circle,36.7080556,-119.5550000
2008-04,circle,26.6402778,-81.8725000
2008-04,circle,33.6694444,-117.8222222
2008-04,circle,38.7891667,-90.3225000
2008-04,rectangle,25.7738889,-80.1938889
2008-04,rectangle,36.9741667,-122.0297222
2008-04,rectangle,39.8863889,-83.4483333
2008-04,rectangle,32.8950000,-97.5455556
2008-04,changing,42.3333333,-88.2666667
2008-04,changing,29.4238889,-98.4933333
2008-04,changing,37.3394444,-121.8938889
2008-04,sphere,53.05,-3
2008-04,sphere,38.2541667,-85.7594444
2008-04,sphere,47.6105556,-122.1994444
2008-04,sphere,30.4380556,-84.2808333
2008-04,egg,39.1341667,-93.9825000
2008-04,egg,30.8205556,-88.0705556
2008-04,egg,40.5866667,-122.3905556
2008-04,disk,42.3927778,-83.0497222
2008-04,disk,-20.917574,142.702796
2008-04,disk,32.7833333,-96.8000000
2008-04,disk,41.8297222,-86.2541667
2008-04,disk,37.5297222,-122.0391667
2008-04,disk,38.3566667,-121.9866667
2008-04,disk,50.965896,-1.298133
2008-04,disk,34.135558,-116.054169
2008-04,disk,41.2427778,-73.2011111
2008-04,fireball,33.4483333,-112.0733333
2008-04,fireball,40.2291667,-74.9372222
2008-04,teardrop,33.3963889,-96.9602778
2008-04,teardrop,45.4086111,-91.7438889
2008-04,cigar,64.200841,-149.493673
2008-04,cigar,40.0427778,-86.1275000
2008-04,cigar,31.9972222,-102.0775000
2008-04,cigar,42.9575000,-77.0577778
2008-04,chevron,26.1272222,-80.2333333
2008-04,chevron,27.9472222,-82.4586111
2008-05,oval,34.6722222,-86.0341667
2008-05,oval,39.6172222,-104.9502778
2008-05,oval,41.7486111,-77.3008333
2008-05,,34.1500000,-114.2883333
2008-05,,38.3605556,-75.5997222
2008-05,,44.79,-63.71
2008-05,,12.565679,104.990963
2008-05,,42.3250000,-71.0958333
2008-05,,39.9522222,-75.1641667
2008-05,,43.0730556,-89.4011111
2008-05,,32.7769444,-97.3941667
2008-05,,35.1494444,-90.0488889
2008-05,,41.5380556,-72.8075000
2008-05,,47.8569444,-121.6958333
2008-05,,42.2508333,-84.2130556
2008-05,,29.0336111,-95.4341667
2008-05,,30.5880556,-103.8941667
2008-05,,37.751783,14.994604
2008-05,,42.7861111,-72.4869444
2008-05,cylinder,37.2138889,-105.5638889
2008-05,triangle,34.3916667,-118.5416667
2008-05,triangle,44.0941667,-72.7333333
2008-05,triangle,34.0983333,-118.3258333
2008-05,light,40.2463889,-80.2116667
2008-05,light,45.45,-73.3
2008-05,light,35.7200000,-79.1775000
2008-05,light,37.4097222,-79.9127778
2008-05,light,51.833333,.583333
2008-05,light,34.0636111,-83.1255556
2008-05,light,30.8461111,-93.2888889
2008-05,light,33.4150000,-111.5488889
2008-05,light,43.0730556,-89.4011111
2008-05,light,41.9666667,-92.5766667
2008-05,light,35.522027,-94.221636
2008-05,light,37.7750000,-122.4183333
2008-05,light,42.3266667,-122.8744444
2008-05,light,40.3294444,-104.8547222
2008-05,light,39.9338889,-74.8913889
2008-05,light,42.9275000,-83.6300000
2008-05,light,43.0125000,-83.6875000
2008-05,light,32.7922222,-80.1083333
2008-05,light,35.686975,-105.937799
2008-05,light,28.0219444,-81.7330556
2008-05,light,38.8105556,-90.6997222
2008-05,light,38.0500000,-85.5458333
2008-05,diamond,39.576863,-84.739392
2008-05,formation,39.5211111,-105.3047222
2008-05,formation,46.216667,-63.483333
2008-05,formation,51.566667,-.766667
2008-05,formation,39.0638889,-108.5500000
2008-05,formation,-37.813938,144.963425
2008-05,circle,34.1647222,-114.3002778
2008-05,circle,36.2625000,-85.3755556
2008-05,circle,36.7069444,-97.0852778
2008-05,circle,41.8500000,-87.6500000
2008-05,circle,43.0388889,-87.9063889
2008-05,circle,53.366667,-1.5
2008-05,circle,-31.95224,115.861397
2008-05,circle,33.9525000,-84.5500000
2008-05,circle,49.266667,-122.783333
2008-05,circle,41.8011111,-88.0747222
2008-05,rectangle,26.1416667,-81.7950000
2008-05,changing,40.7280556,-74.0780556
2008-05,changing,42.6194444,-112.0102778
2008-05,flash,32.7355556,-97.1077778
2008-05,sphere,37.7750000,-122.4183333
2008-05,sphere,32.7152778,-117.1563889
2008-05,sphere,36.1750000,-115.1363889
2008-05,sphere,40.7988889,-81.3786111
2008-05,sphere,38.9488889,-83.4058333
2008-05,sphere,29.4238889,-98.4933333
2008-05,sphere,49.589722,11.003889
2008-05,sphere,35.3658333,-120.8488889
2008-05,disk,38.7297222,-120.7975000
2008-05,disk,36.1658333,-86.7844444
2008-05,disk,45.803647,-81.72149
2008-05,disk,37.431573,-78.656894
2008-05,disk,34.8697222,-111.7602778
2008-05,disk,37.431573,-78.656894
2008-05,disk,46.7586111,-122.0297222
2008-05,disk,34.5025000,-84.9511111
2008-05,disk,2.718592,101.948988
2008-05,fireball,36.3125000,-95.6158333
2008-05,fireball,40.858789,-75.177885
2008-05,fireball,34.1458333,-118.8047222
2008-05,teardrop,47.9130556,-122.0969444
2008-05,teardrop,39.7555556,-105.2205556
2008-05,cigar,35.9938889,-78.8988889
2008-05,cigar,30.6694444,-81.4627778
2008-06,oval,41.6650000,-86.0758333
2008-06,oval,33.0461111,-96.9938889
2008-06,oval,36.3302778,-119.2911111
2008-06,oval,41.4569444,-72.8236111
2008-06,,51.131258,-0.987425
2008-06,,34.7391667,-112.0091667
2008-06,,38.534845,-28.629981
2008-06,,32.597938,-96.450343
2008-06,,35.2827778,-120.6586111
2008-06,,34.2483333,-117.1883333
2008-06,,40.4233333,-78.4341667
2008-06,,38.5766667,-92.1733333
2008-06,,42.6652778,-76.6169444
2008-06,,39.0416667,-94.7200000
2008-06,,38.4494444,-78.8691667
2008-06,,31.2230556,-85.3905556
2008-06,,33.3702778,-112.5830556
2008-06,,31.1430556,-89.4097222
2008-06,,35.3733333,-119.0177778
2008-06,,30.3319444,-81.6558333
2008-06,,42.5233333,-76.9769444
2008-06,,36.4033333,-88.5872222
2008-06,,33.4250000,-94.0475000
2008-06,,-8.783195,-124.508523
2008-06,,40.7141667,-74.0063889
2008-06,triangle,41.4683333,-75.6033333
2008-06,triangle,42.0111111,-87.8405556
2008-06,triangle,27.3361111,-82.5308333
2008-06,triangle,47.601156,-122.163676
2008-06,triangle,35.7825000,-80.8875000
2008-06,triangle,41.8500000,-87.6500000
2008-06,triangle,69.753158,18.466054
2008-06,triangle,42.1058333,-84.2483333
2008-06,triangle,29.2105556,-81.0230556
2008-06,triangle,38.2205556,-90.3958333
2008-06,light,37.7477778,-84.2947222
2008-06,light,34.8780556,-83.4011111
2008-06,light,45.8641667,-122.8052778
2008-06,light,38.956131,-78.805797
2008-06,light,41.9841667,-86.1086111
2008-06,light,33.5833333,-95.9097222
2008-06,light,37.9513889,-91.7711111
2008-06,light,40.8325000,-115.7622222
2008-06,light,48.4111111,-114.3366667
2008-06,light,41.4138889,-73.3038889
2008-06,light,41.0933333,-75.0022222
2008-06,light,37.9900000,-84.1797222
2008-06,light,40.1388889,-75.5027778
2008-06,light,41.5119444,-82.9377778
2008-06,light,44.728891,-71.278727
2008-06,light,28.5380556,-81.3794444
2008-06,light,42.8688889,-76.9780556
2008-06,light,30.4866667,-90.9561111
2008-06,light,34.5794444,-118.1155556
2008-06,light,34.8697222,-111.7602778
2008-06,light,41.4200000,-73.9550000
2008-06,light,36.7477778,-119.7713889
2008-06,light,47.9130556,-122.0969444
2008-06,light,36.1538889,-95.9925000
2008-06,light,36.7769444,-92.2172222
2008-06,light,39.6030556,-74.3405556
2008-06,light,52.416667,.75
2008-06,diamond,36.0397222,-114.9811111
2008-06,diamond,36.3230556,-86.7133333
2008-06,formation,39.6000000,-75.9416667
2008-06,formation,45.6502778,-95.3894444
2008-06,formation,39.8350000,-83.4652778
2008-06,formation,38.4000000,-105.2166667
2008-06,circle,7.894167,-72.503889
2008-06,circle,51.864245,-2.238156
2008-06,circle,42.4625000,-83.1041667
2008-06,circle,33.9986111,-96.7194444
2008-06,circle,28.5380556,-81.3794444
2008-06,circle,40.8047222,-73.3366667
2008-06,rectangle,36.7097222,-81.9775000
2008-06,rectangle,25.7738889,-80.1938889
2008-06,rectangle,40.4861111,-74.4522222
2008-06,changing,32.2216667,-110.9258333
2008-06,changing,36.1750000,-115.1363889
2008-06,changing,33.2336111,-82.2325000
2008-06,changing,38.9783333,-76.4925000
2008-06,changing,34.2572222,-118.6002778
2008-06,sphere,34.4888889,-118.6219444
2008-06,sphere,40.3941667,-74.1175000
2008-06,sphere,39.6136111,-86.1066667
2008-06,sphere,42.2011111,-85.5800000
2008-06,sphere,51.883333,.9
2008-06,sphere,33.5833333,-95.9097222
2008-06,sphere,48.0905556,-105.6400000
2008-06,sphere,33.3705556,-96.0686111
2008-06,egg,41.7955556,-86.0808333
2008-06,egg,49.136353351,-122.821343315
2008-06,cross,41.0463889,-81.3980556
2008-06,disk,30.3083333,-97.9447222
2008-06,disk,33.9022222,-118.0808333
2008-06,disk,40.5186111,-74.4125000
2008-06,disk,43.8013889,-91.2394444
2008-06,fireball,53.55,-2.116667
2008-06,fireball,41.0997222,-80.6497222
2008-06,fireball,33.8169444,-118.0363889
2008-06,fireball,34.0522222,-118.2427778
2008-06,teardrop,48.4,-89.233333
2008-06,cigar,40.3461111,-94.8722222
2008-06,cigar,41.9172222,-87.8955556
2008-06,cigar,41.9402778,-85.0005556
2008-06,cigar,41.0933333,-75.0022222
2008-06,cigar,27.2936111,-80.3505556
2008-06,cigar,39.1619444,-84.4569444
2008-06,cigar,35.3394444,-97.4863889
2008-06,cigar,31.7586111,-106.4863889
2008-06,cigar,41.7494444,-72.1550000
2008-06,cigar,51.269738,-.402165
2008-06,chevron,-41.209165,174.908056
2008-06,chevron,42.0188889,-87.8027778
2008-06,chevron,36.0725000,-79.7922222
2008-07,oval,42.8863889,-78.8786111
2008-07,oval,28.1758333,-80.5902778
2008-07,oval,28.6802778,-81.5097222
2008-07,oval,39.6172222,-104.9502778
2008-07,oval,41.2402778,-75.9450000
2008-07,oval,41.2402778,-75.9450000
2008-07,oval,42.8583333,-70.9305556
2008-07,,32.3078,-64.7505
2008-07,,43.6152778,-83.8419444
2008-07,,42.7919444,-83.6277778
2008-07,,28.9022222,-82.5927778
2008-07,,34.075376,-84.29409
2008-07,,34.4438889,-116.9669444
2008-07,,39.7219444,-85.8891667
2008-07,,32.9411111,-97.1338889
2008-07,,33.9525000,-84.5500000
2008-07,,36.8222222,-107.9922222
2008-07,,41.5933333,-73.0858333
2008-07,,33.9136111,-98.4930556
2008-07,,37.2152778,-93.2980556
2008-07,,26.882138,88.278851
2008-07,,41.6266667,-93.7119444
2008-07,,29.7630556,-95.3630556
2008-07,,38.0563889,-83.9433333
2008-07,,42.0916667,-70.7061111
2008-07,,32.7152778,-117.1563889
2008-07,,38.4191667,-82.4452778
2008-07,,42.4391667,-123.3272222
2008-07,,34.9072222,-106.6886111
2008-07,,43.683333,-79.766667
2008-07,,29.7630556,-95.3630556
2008-07,,42.6583333,-83.1500000
2008-07,,33.9925000,-117.5155556
2008-07,,39.7683333,-86.1580556
2008-07,,41.0036111,-80.3472222
2008-07,,27.4986111,-82.5750000
2008-07,cylinder,39.4141667,-77.4108333
2008-07,triangle,34.8525000,-82.3941667
2008-07,triangle,32.7252778,-97.3205556
2008-07,triangle,43.1775000,-85.2527778
2008-07,triangle,38.4022222,-122.8227778
2008-07,triangle,38.9988889,-84.6266667
2008-07,triangle,33.5769444,-97.0127778
2008-07,triangle,50.833333,-.15
2008-07,triangle,43.756775,1.467376
2008-07,triangle,42.2708333,-83.7263889
2008-07,triangle,51.514125,-.093689
2008-07,triangle,40.569789,-79.76477
2008-07,triangle,31.221959,121.544721
2008-07,triangle,33.4669444,-117.6972222
2008-07,triangle,43.6155556,-84.2472222
2008-07,light,33.9608333,-83.3780556
2008-07,light,46.729553,-94.6859
2008-07,light,43.2233333,-85.5513889
2008-07,light,35.6008333,-82.5541667
2008-07,light,-37.813938,144.963425
2008-07,light,38.7316667,-82.9977778
2008-07,light,33.4483333,-112.0733333
2008-07,light,40.8381,-85.730261
2008-07,light,33.0313889,-111.3866667
2008-07,light,39.7219444,-85.8891667
2008-07,light,44.0522222,-123.0855556
2008-07,light,33.6305556,-112.3325000
2008-07,light,32.0833333,-81.1000000
2008-07,light,45.366667,-63.3
2008-07,light,42.9,-78.933333
2008-07,light,39.6363889,-74.8027778
2008-07,light,31.956578,35.945695
2008-07,light,39.7391667,-104.9841667
2008-07,light,32.9411111,-97.1338889
2008-07,light,30.3027778,-90.9719444
2008-07,light,45.3011111,-94.9438889
2008-07,light,29.9986111,-95.2619444
2008-07,light,30.3319444,-81.6558333
2008-07,light,42.6583333,-83.1500000
2008-07,light,40.7933333,-77.8602778
2008-07,light,38.7955556,-77.6141667
2008-07,light,40.792672,-76.564061
2008-07,light,30.5880556,-103.8941667
2008-07,light,51.507351,-0.127758
2008-07,diamond,33.3061111,-111.8405556
2008-07,diamond,53.2,-105.75
2008-07,diamond,34.1866667,-118.4480556
2008-07,formation,39.90403,116.407526
2008-07,formation,44.9033333,-93.5661111
2008-07,circle,48.2413889,-122.3694444
2008-07,circle,41.2844444,-84.3558333
2008-07,circle,41.6436111,-83.4869444
2008-07,circle,38.3913889,-86.9311111
2008-07,circle,30.2263889,-93.2172222
2008-07,circle,52.355518,-1.17432
2008-07,circle,44.9444444,-93.0930556
2008-07,circle,38.5816667,-121.4933333
2008-07,circle,47.9791667,-122.2008333
2008-07,circle,53.432604,-1.363501
2008-07,circle,34.8855556,-112.4675000
2008-07,circle,41.2380556,-85.8530556
2008-07,circle,45.6625000,-110.5602778
2008-07,circle,41.756128,13.223789
2008-07,circle,43.0513889,-83.3188889
2008-07,rectangle,41.7519444,-87.9738889
2008-07,rectangle,38.9558333,-76.9458333
2008-07,changing,38.0672222,-117.2291667
2008-07,flash,30.5080556,-97.6786111
2008-07,flash,40.5852778,-105.0838889
2008-07,sphere,30.1586111,-85.6602778
2008-07,sphere,42.2505556,-83.1786111
2008-07,sphere,43.166667,-79.233333
2008-07,sphere,34.6722222,-86.0341667
2008-07,sphere,40.6408333,-74.8816667
2008-07,sphere,42.6047222,-73.7700000
2008-07,sphere,40.9463889,-73.0697222
2008-07,sphere,51.45,-2.583333
2008-07,sphere,38.910833,-75.52767
2008-07,sphere,51.253775,-85.323214
2008-07,sphere,43.88728,-70.677518
2008-07,sphere,34.70713,33.022617
2008-07,disk,54.687156,25.279651
2008-07,disk,47.6063889,-122.3308333
2008-07,disk,41.5733333,-87.7844444
2008-07,disk,42.0372222,-88.2811111
2008-07,disk,49.015,12.095556
2008-07,disk,45.6872222,-120.8125000
2008-07,disk,36.3133333,-82.3536111
2008-07,disk,37.6455556,-91.5358333
2008-07,disk,26.6583333,-80.2416667
2008-07,fireball,40.7536111,-86.0688889
2008-07,fireball,42.9994444,-83.6163889
2008-07,fireball,38.2855556,-85.8241667
2008-07,fireball,40.0455556,-86.0086111
2008-07,fireball,40.4169444,-75.9447222
2008-07,fireball,43.866667,-80
2008-07,cigar,41.9475000,-80.5544444
2008-07,cigar,38.9516667,-92.3338889
2008-07,cigar,42.4391667,-123.3272222
2008-07,chevron,34.7355556,-77.9955556
2008-07,cone,26.1219444,-80.1436111
2008-08,oval,40.6386111,-73.6405556
2008-08,oval,38.8597222,-104.9166667
2008-08,oval,40.89533,-83.888829
2008-08,oval,41.5261111,-87.8891667
2008-08,oval,34.0200000,-117.9486111
2008-08,oval,47.6063889,-122.3308333
2008-08,oval,40.5883333,-73.6583333
2008-08,oval,37.9319444,-121.6947222
2008-08,oval,40.9250000,-98.3416667
2008-08,,46.1469444,-122.9072222
2008-08,,29.5072222,-95.0947222
2008-08,,44.9444444,-93.0930556
2008-08,,46.9422222,-122.6047222
2008-08,,33.1730556,-86.2516667
2008-08,,31.3066667,-94.2688889
2008-08,,48.4213889,-122.3327778
2008-08,,46.9005556,-97.2108333
2008-08,,46.1469444,-122.9072222
2008-08,,43.7486111,-87.9769444
2008-08,,37.3038889,-82.3511111
2008-08,,42.8713889,-112.4447222
2008-08,,41.4488889,-82.7080556
2008-08,,40.463667,-3.74922
2008-08,,43.0730556,-89.4011111
2008-08,cylinder,39.8016667,-89.6436111
2008-08,cylinder,29.7630556,-95.3630556
2008-08,cylinder,34.5794444,-118.1155556
2008-08,triangle,38.9905556,-77.0263889
2008-08,triangle,40.1741667,-75.0441667
2008-08,triangle,38.8986111,-92.1233333
2008-08,triangle,40.5247222,-111.8630556
2008-08,triangle,42.495556,-82.900278
2008-08,triangle,46.7216667,-92.4591667
2008-08,triangle,33.8594444,-84.6838889
2008-08,triangle,48.4644444,-122.2327778
2008-08,triangle,40.691613,-112.00105
2008-08,triangle,33.4483333,-112.0733333
2008-08,triangle,39.295298,-76.610392
2008-08,triangle,27.9011111,-81.5861111
2008-08,triangle,37.3341667,-79.5233333
2008-08,triangle,41.591771,-70.941149
2008-08,light,29.6044444,-98.9427778
2008-08,light,43.5208333,-88.2288889
2008-08,light,30.6316667,-81.6066667
2008-08,light,41.1133333,-74.2458333
2008-08,light,41.9538889,-75.2808333
2008-08,light,44.0247222,-88.5425000
2008-08,light,36.7536111,-120.3805556
2008-08,light,39.5127778,-115.9597222
2008-08,light,45.3002778,-122.9719444
2008-08,light,56.016667,-3.733333
2008-08,light,41.2458333,-75.8816667
2008-08,light,32.4608333,-84.9877778
2008-08,light,40.8000000,-96.6666667
2008-08,light,38.7627778,-93.7358333
2008-08,light,41.6266667,-93.7119444
2008-08,light,44.9747222,-92.7566667
2008-08,light,49.833333,-99.95
2008-08,light,45.4438889,-93.7361111
2008-08,light,26.1219444,-80.1436111
2008-08,light,39.3736111,-76.9680556
2008-08,light,45.458217,-74.800049
2008-08,light,33.854335,-112.125137
2008-08,light,43.6852778,-71.1172222
2008-08,light,52.133333,-106.666667
2008-08,light,29.9544444,-90.0750000
2008-08,light,40.6975000,-74.2636111
2008-08,light,39.1652778,-86.5263889
2008-08,light,38.2972222,-122.2844444
2008-08,diamond,41.0813889,-81.5191667
2008-08,diamond,39.5297222,-119.8127778
2008-08,formation,43.1547222,-77.6158333
2008-08,circle,32.6400000,-117.0833333
2008-08,circle,41.9269444,-73.9977778
2008-08,circle,43.666667,-79.416667
2008-08,circle,41.7013889,-71.1555556
2008-08,circle,37.017954,-7.930834
2008-08,circle,53,-3.066667
2008-08,circle,42.700632,-74.033738
2008-08,circle,39.2775000,-74.5750000
2008-08,circle,42.8863889,-78.8786111
2008-08,circle,41.9211111,-73.0605556
2008-08,circle,38.6786111,-121.2247222
2008-08,circle,41.0533333,-73.5391667
2008-08,rectangle,27.9375000,-82.2861111
2008-08,rectangle,35.3733333,-119.0177778
2008-08,changing,42.3702778,-87.9019444
2008-08,changing,39.3897222,-74.5244444
2008-08,changing,41.8650000,-80.7900000
2008-08,changing,28.5380556,-81.3794444
2008-08,changing,42.7977778,-83.7050000
2008-08,flash,41.3405556,-87.6213889
2008-08,flash,39.3641667,-74.4233333
2008-08,flash,40.5261111,-75.0619444
2008-08,flash,34.0736111,-118.3994444
2008-08,flash,46.479347,-116.255139
2008-08,flash,30.2669444,-97.7427778
2008-08,flash,33.9533333,-117.3952778
2008-08,flash,33.8702778,-117.9244444
2008-08,sphere,26.1833333,-98.1227778
2008-08,sphere,39.2902778,-76.6125000
2008-08,sphere,30.6580556,-98.4402778
2008-08,sphere,49.966667,6.533333
2008-08,sphere,33.8158333,-78.6802778
2008-08,sphere,45.083333,-64.366667
2008-08,sphere,34.279358,-118.502153
2008-08,sphere,33.8463889,-118.0458333
2008-08,sphere,35.584324,-78.800013
2008-08,egg,37.3688889,-122.0352778
2008-08,egg,38.7522222,-121.2869444
2008-08,egg,39.7294444,-104.8313889
2008-08,egg,38.907231,-77.036464
2008-08,disk,41.4900000,-71.3133333
2008-08,disk,42.5000000,-96.4000000
2008-08,disk,39.7391667,-104.9841667
2008-08,disk,27.8775000,-97.2113889
2008-08,disk,40.6638889,-74.2111111
2008-08,disk,33.2147222,-97.1327778
2008-08,disk,35.20105,-91.831833
2008-08,disk,40.4405556,-79.9961111
2008-08,disk,26.2030556,-98.2297222
2008-08,fireball,46.083333,-64.766667
2008-08,fireball,41.6005556,-93.6088889
2008-08,fireball,29.5633333,-95.2858333
2008-08,fireball,56.949649,24.105186
2008-08,fireball,44.3875000,-68.2044444
2008-08,fireball,40.1063889,-75.1088889
2008-08,fireball,30.3155556,-89.2475000
2008-08,fireball,39.5752778,-76.9961111
2008-08,teardrop,36.1538889,-95.9925000
2008-08,teardrop,33.1030556,-96.6702778
2008-08,cigar,42.2588889,-88.1391667
2008-08,cigar,42.4222222,-87.8572222
2008-08,cigar,35.6266667,-120.6900000
2008-08,cigar,42.1155556,-75.9591667
2008-08,chevron,42.0072222,-87.9402778
2008-09,oval,42.7008333,-82.9591667
2008-09,oval,31.7619444,-95.6305556
2008-09,oval,40.634249,-74.50048
2008-09,,35.3819444,-78.5488889
2008-09,,43.9925000,-72.1294444
2008-09,,-33.867487,151.20699
2008-09,,51.394943,-0.19446
2008-09,,39.1366667,-77.7150000
2008-09,,35.7325000,-78.8505556
2008-09,,29.7630556,-95.3630556
2008-09,,41.2833333,-70.1000000
2008-09,,33.9608333,-83.3780556
2008-09,,39.0638889,-108.5500000
2008-09,,26.7052778,-80.0366667
2008-09,,34.4838889,-114.3216667
2008-09,,35.4797222,-79.1805556
2008-09,,36.1750000,-115.1363889
2008-09,,38.8019444,-81.3511111
2008-09,,42.4511111,-84.1805556
2008-09,,36.5330556,-82.3269444
2008-09,,38.6175000,-90.3491667
2008-09,,47.8125000,-116.8955556
2008-09,,39.6894444,-84.1688889
2008-09,,27.8825000,-98.6175000
2008-09,,32.2216667,-110.9258333
2008-09,,40.9866667,-75.1950000
2008-09,,39.9155556,-79.1525000
2008-09,,35.1980556,-111.6505556
2008-09,,36.1750000,-115.1363889
2008-09,triangle,34.579434,-118.116461
2008-09,triangle,37.7750000,-122.4183333
2008-09,triangle,36.1750000,-115.1363889
2008-09,triangle,30.2669444,-97.7427778
2008-09,triangle,36.1750000,-115.1363889
2008-09,triangle,44.9800000,-93.2636111
2008-09,triangle,25.9013889,-97.4972222
2008-09,triangle,40.1672222,-105.1013889
2008-09,triangle,35.5066667,-97.7622222
2008-09,triangle,41.0238889,-81.1636111
2008-09,light,38.907231,-77.036464
2008-09,light,40.8125000,-73.9994444
2008-09,light,34.2330556,-97.4875000
2008-09,light,53.533333,-113.916667
2008-09,light,36.1750000,-115.1363889
2008-09,light,42.2711111,-89.0938889
2008-09,light,51.083333,-.933333
2008-09,light,30.8827778,-87.7730556
2008-09,light,42.9463889,-71.5163889
2008-09,light,35.9605556,-83.9208333
2008-09,light,50.066667,8.533333
2008-09,light,38.5816667,-121.4933333
2008-09,light,53.758684,10.936472
2008-09,light,39.2827778,-80.5591667
2008-09,light,43.0480556,-76.1477778
2008-09,light,39.8366667,-105.0366667
2008-09,light,44.9583333,-124.0166667
2008-09,light,26.1033333,-97.1644444
2008-09,light,38.0194444,-122.1330556
2008-09,light,45.6388889,-122.6602778
2008-09,diamond,34.1063889,-117.5922222
2008-09,diamond,35.9797222,-78.5100000
2008-09,formation,39.4922222,-80.9038889
2008-09,formation,43.337274,-71.56528
2008-09,formation,34.2283333,-92.0030556
2008-09,formation,39.2866667,-86.7625000
2008-09,circle,42.7844444,-83.2397222
2008-09,circle,50.716667,-1.883333
2008-09,circle,34.3597222,-98.3075000
2008-09,circle,43.0797222,-86.0672222
2008-09,circle,41.6269444,-88.2038889
2008-09,circle,41.6619444,-86.1586111
2008-09,circle,42.1550000,-71.0091667
2008-09,sphere,34.0522222,-118.2427778
2008-09,sphere,42.4805556,-83.4755556
2008-09,sphere,36.1750000,-115.1363889
2008-09,sphere,39.0541667,-84.0530556
2008-09,egg,37.3394444,-121.8938889
2008-09,egg,42.0850000,-76.0541667
2008-09,disk,42.123721,-72.431586
2008-09,disk,37.9480556,-122.0597222
2008-09,fireball,41.8994444,-87.9402778
2008-09,fireball,39.7047222,-105.0808333
2008-09,fireball,43.3719444,-83.5833333
2008-09,teardrop,36.721261,-4.421266
2008-09,cigar,40.7652778,-73.8177778
2008-09,chevron,33.8883333,-118.3080556
2008-10,oval,35.6808333,-94.1750000
2008-10,oval,28.8355556,-82.3305556
2008-10,oval,41.5733333,-87.7844444
2008-10,oval,29.7027778,-96.7802778
2008-10,oval,42.1291667,-80.0852778
2008-10,,40.3100000,-75.1302778
2008-10,,35.7327778,-84.3338889
2008-10,,33.6675000,-84.0177778
2008-10,,33.3527778,-111.7883333
2008-10,,41.2938889,-82.2175000
2008-10,,41.140039,-79.679032
2008-10,,43.797623,-123.059525
2008-10,,37.7750000,-122.4183333
2008-10,,-33.137551,81.826172
2008-10,,45.5,-73.583333
2008-10,,32.7152778,-117.1563889
2008-10,,42.7022222,-83.4027778
2008-10,,46.0038889,-112.5338889
2008-10,,33.4483333,-112.0733333
2008-10,cylinder,32.7666667,-96.5988889
2008-10,cylinder,38.4191667,-82.4452778
2008-10,cylinder,41.4747222,-84.5525000
2008-10,triangle,36.8527778,-75.9783333
2008-10,triangle,36.725775,-120.373613
2008-10,triangle,42.0494444,-92.9077778
2008-10,triangle,41.3747222,-83.6513889
2008-10,triangle,42.145418,-86.246334
2008-10,triangle,34.7463889,-92.2894444
2008-10,triangle,41.3305556,-74.1872222
2008-10,triangle,35.1858333,-86.1122222
2008-10,triangle,40.7875000,-73.8463889
2008-10,triangle,32.7252778,-114.6236111
2008-10,triangle,33.6155556,-81.1022222
2008-10,triangle,35.730631,-78.859752
2008-10,triangle,33.4483333,-112.0733333
2008-10,triangle,41.3197222,-81.6269444
2008-10,triangle,43.3800000,-71.7175000
2008-10,triangle,37.1236111,-82.6013889
2008-10,triangle,34.8088889,-79.5480556
2008-10,light,36.1538889,-95.9925000
2008-10,light,43.0388889,-87.9063889
2008-10,light,42.3750000,-71.1061111
2008-10,light,37.8044444,-122.2697222
2008-10,light,30.4055556,-86.6188889
2008-10,light,33.831675,-118.281693
2008-10,light,34.1394444,-117.9763889
2008-10,light,47.2530556,-122.4430556
2008-10,light,45.041389,-63.576944
2008-10,light,37.9780556,-122.0300000
2008-10,light,43.8441667,-88.9600000
2008-10,light,52.833333,-2
2008-10,light,39.3761111,-77.1550000
2008-10,light,51.131258,-0.987425
2008-10,light,38.2544444,-104.6086111
2008-10,light,38.6786111,-121.7722222
2008-10,light,42.8141667,-73.9400000
2008-10,light,43.9627778,-70.2830556
2008-10,diamond,40.3355556,-75.9272222
2008-10,formation,32.3880556,-98.9788889
2008-10,formation,32.7833333,-96.8000000
2008-10,formation,43.8280556,-91.3038889
2008-10,formation,38.4730556,-77.9969444
2008-10,formation,44.2300000,-69.7758333
2008-10,formation,30.4505556,-91.1544444
2008-10,circle,37.8391667,-94.3544444
2008-10,circle,38.1838889,-83.4327778
2008-10,circle,39.0355556,-104.2966667
2008-10,circle,42.2813889,-83.3863889
2008-10,circle,39.1155556,-77.5638889
2008-10,circle,32.6097222,-85.4808333
2008-10,circle,33.744461,-118.387017
2008-10,circle,50.866667,4.7
2008-10,rectangle,38.2494444,-122.0388889
2008-10,changing,39.2902778,-76.6125000
2008-10,changing,36.1750000,-115.1363889
2008-10,changing,38.5450000,-121.7394444
2008-10,changing,35.4816667,-86.0886111
2008-10,flash,35.2219444,-101.8308333
2008-10,flash,49.283763,-122.793206
2008-10,sphere,27.2541667,-80.2300000
2008-10,sphere,40.4797222,-84.6283333
2008-10,sphere,38.9700000,-109.3200000
2008-10,sphere,40.8000000,-96.6666667
2008-10,sphere,34.0230556,-84.3616667
2008-10,sphere,37.0833333,-88.6000000
2008-10,sphere,37.5536111,-77.4605556
2008-10,sphere,38.6272222,-90.1977778
2008-10,egg,40.8152778,-73.1127778
2008-10,egg,42.43565,-82.691543
2008-10,cross,35.2269444,-80.8433333
2008-10,disk,38.2541667,-85.7594444
2008-10,disk,40.6627778,-73.5519444
2008-10,disk,33.7455556,-117.8669444
2008-10,disk,35.4833333,-86.4602778
2008-10,disk,50.183333,-98.316667
2008-10,disk,53.366667,-1.5
2008-10,disk,32.7152778,-117.1563889
2008-10,disk,35.4833333,-86.4602778
2008-10,disk,36.1750000,-115.1363889
2008-10,fireball,39.7683333,-86.1580556
2008-10,fireball,32.7152778,-117.1563889
2008-10,fireball,42.2586111,-87.8405556
2008-10,fireball,33.5508333,-79.0416667
2008-10,cigar,47.4705556,-122.3455556
2008-10,cigar,35.4736111,-81.2547222
2008-10,chevron,34.5033333,-82.6502778
2008-10,chevron,41.3900000,-95.3622222
2008-10,chevron,32.5155556,-95.4091667
2008-11,oval,47.2152778,-123.0994444
2008-11,oval,32.7833333,-96.8000000
2008-11,oval,27.1972222,-80.2530556
2008-11,oval,37.7022222,-121.9347222
2008-11,oval,33.6000000,-117.6711111
2008-11,oval,40.2150000,-75.0111111
2008-11,oval,42.5000000,-96.4000000
2008-11,oval,45.5,-73.583333
2008-11,oval,33.8622222,-118.3986111
2008-11,,42.2505556,-83.1786111
2008-11,,42.1275000,-87.8288889
2008-11,,32.2730556,-89.9858333
2008-11,,35.1494444,-90.0488889
2008-11,,38.8338889,-104.8208333
2008-11,,33.6000000,-117.6711111
2008-11,,34.0522222,-118.2427778
2008-11,,42.7675000,-78.7441667
2008-11,,40.164579,-74.208267
2008-11,,33.744461,-118.387017
2008-11,,33.8302778,-116.5444444
2008-11,,33.4472222,-84.1469444
2008-11,,32.9125000,-96.6386111
2008-11,,37.9747222,-87.5558333
2008-11,cylinder,36.4091667,-80.2061111
2008-11,cylinder,42.0333333,-87.7333333
2008-11,triangle,47.2358333,-122.5491667
2008-11,triangle,33.4222222,-111.8219444
2008-11,triangle,41.6027778,-87.7438889
2008-11,triangle,39.0997222,-94.5783333
2008-11,triangle,42.3086111,-83.4822222
2008-11,triangle,37.7750000,-122.4183333
2008-11,triangle,52.33072,-0.905283
2008-11,triangle,39.7683333,-86.1580556
2008-11,triangle,33.7458333,-117.8252778
2008-11,triangle,38.5200000,-89.9838889
2008-11,triangle,33.8622222,-118.3986111
2008-11,light,46.3,-79.45
2008-11,light,42.6191667,-78.6580556
2008-11,light,32.9344444,-97.2513889
2008-11,light,34.0230556,-84.3616667
2008-11,light,34.4900000,-77.4319444
2008-11,light,43.0591667,-92.3175000
2008-11,light,36.4202778,-81.4736111
2008-11,light,44.025847,-89.690188
2008-11,light,39.8027778,-105.0869444
2008-11,light,37.0752778,-81.7088889
2008-11,light,37.2694444,-107.0091667
2008-11,light,38.1838889,-83.4327778
2008-11,light,35.9250000,-86.8688889
2008-11,light,50.793209,-0.005174
2008-11,light,37.3394444,-121.8938889
2008-11,light,45.5236111,-122.6750000
2008-11,light,32.678109,-117.099197
2008-11,light,41.8500000,-87.6500000
2008-11,light,40.8830556,-85.4975000
2008-11,light,32.7833333,-96.8000000
2008-11,light,39.1458333,-121.5902778
2008-11,light,53.800755,-1.549077
2008-11,light,42.6288889,-85.0241667
2008-11,light,35.2827778,-120.6586111
2008-11,light,36.8352778,-76.2986111
2008-11,light,47.6063889,-122.3308333
2008-11,light,26.9616667,-82.3527778
2008-11,light,60.631811,24.857883
2008-11,light,32.7152778,-117.1563889
2008-11,light,34.9261111,-117.9341667
2008-11,light,41.170359,-76.876908
2008-11,light,36.8252778,-119.7019444
2008-11,formation,26.443397,-82.111512
2008-11,formation,33.9311111,-117.5477778
2008-11,formation,37.6391667,-120.9958333
2008-11,circle,51.75,-1.25
2008-11,circle,39.3722222,-104.8555556
2008-11,circle,43.161748,-70.648258
2008-11,circle,56.2,-3.183333
2008-11,circle,52.466667,-1.916667
2008-11,circle,51.127876,1.313403
2008-11,circle,45.4872222,-122.8025000
2008-11,circle,33.7069444,-117.2441667
2008-11,circle,32.7447222,-116.9980556
2008-11,circle,53.479324,-2.248485
2008-11,rectangle,36.0152778,-83.4150000
2008-11,rectangle,32.7152778,-117.1563889
2008-11,rectangle,41.7958333,-87.9755556
2008-11,rectangle,36.0102778,-84.2697222
2008-11,changing,28.9022222,-82.5927778
2008-11,changing,4.175278,73.508889
2008-11,changing,53.873712,-3.021371
2008-11,changing,34.2366667,-84.4908333
2008-11,flash,40.9405556,-73.9972222
2008-11,flash,34.0050000,-118.8091667
2008-11,flash,39.7555556,-105.2205556
2008-11,sphere,30.2419444,-93.2505556
2008-11,sphere,45.4872222,-122.8025000
2008-11,sphere,34.0736111,-118.3994444
2008-11,sphere,42.737191,-73.766614
2008-11,sphere,38.9341667,-77.1777778
2008-11,sphere,33.4269444,-117.6111111
2008-11,sphere,40.7141667,-74.0063889
2008-11,sphere,38.9516667,-92.3338889
2008-11,egg,38.8402778,-97.6111111
2008-11,egg,27.7,85.333333
2008-11,egg,44.0886111,-87.6575000
2008-11,cross,37.9780556,-122.0300000
2008-11,disk,49.15,-123.916667
2008-11,disk,41.0255556,-81.7300000
2008-11,disk,29.9833,75.3833
2008-11,disk,32.8341667,-97.2286111
2008-11,disk,37.9886111,-84.4777778
2008-11,disk,19.033049,73.029662
2008-11,fireball,45.4902778,-93.2475000
2008-11,fireball,36.1658333,-86.7844444
2008-11,fireball,40.4405556,-79.9961111
2008-11,fireball,35.8455556,-86.3902778
2008-11,fireball,33.4208333,-82.1622222
2008-11,fireball,39.1619444,-84.4569444
2008-11,fireball,41.7711111,-81.0500000
2008-11,fireball,40.4233333,-104.7086111
2008-11,fireball,35.2288889,-89.5150000
2008-11,fireball,38.4405556,-122.7133333
2008-11,cigar,34.0522222,-118.2427778
2008-11,cigar,33.6625000,-117.5894444
2008-11,cigar,42.1625000,-71.0416667
2008-11,chevron,33.5016667,-117.6616667
2008-11,chevron,33.4483333,-112.0733333
2008-11,chevron,34.0522222,-118.2427778
2008-11,chevron,39.1266667,-82.9855556
2008-12,oval,35.2147222,-80.0025000
2008-12,oval,35.4675000,-97.5161111
2008-12,oval,52.466667,-1.916667
2008-12,,38.7208333,-75.0763889
2008-12,,46.758621,-122.79022
2008-12,,48.0519444,-122.1758333
2008-12,,48.7597222,-122.4869444
2008-12,,39.3000000,-85.2222222
2008-12,,43.3,21.9
2008-12,,42.4391667,-123.3272222
2008-12,,40.6936111,-89.5888889
2008-12,,33.4483333,-112.0733333
2008-12,,33.9400000,-118.1316667
2008-12,,39.3541667,-85.9666667
2008-12,,28.6905556,-95.9672222
2008-12,,33.9650000,-83.5966667
2008-12,,39.6477778,-104.9872222
2008-12,,39.5297222,-119.8127778
2008-12,,63.3366667,-142.9855556
2008-12,,47.3225000,-122.3113889
2008-12,cylinder,25.7738889,-80.1938889
2008-12,cylinder,41.6258333,-71.2138889
2008-12,triangle,42.9633333,-85.6680556
2008-12,triangle,47.214793,-122.170177
2008-12,triangle,42.4500000,-73.2458333
2008-12,triangle,28.0512,-16.709685
2008-12,triangle,27.5955556,-81.5063889
2008-12,triangle,44.0747222,-89.2877778
2008-12,triangle,34.4113889,-118.5391667
2008-12,triangle,39.5538889,-104.9688889
2008-12,triangle,43.2158333,-95.0877778
2008-12,triangle,36.7477778,-119.7713889
2008-12,triangle,33.7444444,-118.3861111
2008-12,triangle,40.4233333,-104.7086111
2008-12,triangle,42.2458333,-84.4013889
2008-12,triangle,33.5225000,-117.7066667
2008-12,triangle,45.5608333,-94.1622222
2008-12,light,33.6602778,-117.9983333
2008-12,light,26.6402778,-81.8725000
2008-12,light,38.5322222,-93.5219444
2008-12,light,32.7833333,-96.8000000
2008-12,light,35.1952778,-79.4697222
2008-12,light,33.6058333,-78.9733333
2008-12,light,34.0522222,-118.2427778
2008-12,light,27.1972222,-80.2530556
2008-12,light,37.7750000,-122.4183333
2008-12,light,33.6602778,-117.9983333
2008-12,light,45.8261111,-92.9683333
2008-12,light,47.9130556,-122.0969444
2008-12,light,32.2216667,-110.9258333
2008-12,light,41.6005556,-93.6088889
2008-12,light,37.9577778,-121.2897222
2008-12,light,39.2902778,-76.6125000
2008-12,light,42.4375000,-122.8577778
2008-12,diamond,35.9938889,-78.8988889
2008-12,formation,40.8822222,-74.0836111
2008-12,formation,41.0016667,-74.3675000
2008-12,formation,38.6272222,-90.1977778
2008-12,formation,33.9533333,-117.3952778
2008-12,formation,38.9777778,-77.0077778
2008-12,circle,39.0911111,-94.4152778
2008-12,circle,28.5388889,-80.6722222
2008-12,circle,28.8355556,-82.3305556
2008-12,circle,55.004722,-1.472778
2008-12,circle,31.3111111,-92.4450000
2008-12,circle,42.4083333,-71.0125000
2008-12,circle,41.603889,-72.011667
2008-12,circle,47.6063889,-122.3308333
2008-12,circle,50.9,-1.4
2008-12,circle,28.3644444,-82.1961111
2008-12,rectangle,33.9411111,-84.2136111
2008-12,changing,38.9541667,-119.7647222
2008-12,changing,29.1869444,-82.1402778
2008-12,changing,39.7391667,-104.9841667
2008-12,sphere,32.2216667,-110.9258333
2008-12,sphere,43.5977778,-88.2788889
2008-12,sphere,37.2386111,-76.5100000
2008-12,sphere,32.4366667,-111.2247222
2008-12,sphere,26.0625000,-80.2333333
2008-12,sphere,31.0905556,-88.2280556
2008-12,sphere,44.7133333,-93.4225000
2008-12,sphere,35.2219444,-101.8308333
2008-12,sphere,34.1952778,-79.7627778
2008-12,egg,37.4283333,-121.9055556
2008-12,disk,38.7955556,-77.6141667
2008-12,disk,38.7072222,-77.0233333
2008-12,fireball,36.8527778,-75.9783333
2008-12,fireball,26.1219444,-80.1436111
2008-12,fireball,26.1219444,-80.1436111
2008-12,fireball,52.373702,-2.602164
2008-12,fireball,37.8144444,-82.8072222
2008-12,fireball,30.3152778,-93.6616667
2008-12,fireball,46.5436111,-87.3952778
2008-12,cigar,40.7763889,-73.4677778
2008-12,cigar,28.5555556,-82.4505556
2008-12,cigar,33.9533333,-117.3952778
2009-01,oval,33.8444444,-117.7763889
2009-01,oval,34.0577778,-79.7533333
2009-01,oval,39.0955556,-121.5511111
2009-01,oval,50.8,-.5
2009-01,oval,34.0291667,-98.9186111
2009-01,oval,43.7066667,-73.0286111
2009-01,oval,51.433333,-1
2009-01,,39.7588889,-84.1916667
2009-01,,39.3716667,-121.2050000
2009-01,,34.6100000,-112.3150000
2009-01,,40.7141667,-74.0063889
2009-01,,30.2383333,-90.9200000
2009-01,,34.7302778,-86.5861111
2009-01,,40.7141667,-74.0063889
2009-01,,39.1619444,-84.4569444
2009-01,,50.6,-1.966667
2009-01,,33.6675000,-84.0177778
2009-01,,37.242936,-121.960369
2009-01,,35.3266667,-79.2555556
2009-01,,38.5816667,-121.4933333
2009-01,,29.5686111,-97.9644444
2009-01,,39.6288889,-75.1597222
2009-01,triangle,39.8308333,-77.2313889
2009-01,triangle,40.5983333,-124.1561111
2009-01,triangle,38.8113889,-90.8527778
2009-01,triangle,34.2175000,-118.3694444
2009-01,triangle,12.971599,77.594563
2009-01,triangle,37.9780556,-122.0300000
2009-01,triangle,37.1297222,-80.4091667
2009-01,triangle,33.7669444,-118.1883333
2009-01,triangle,44.983334,-93.26667
2009-01,triangle,36.7477778,-119.7713889
2009-01,light,26.7052778,-80.0366667
2009-01,light,33.5205556,-86.8025000
2009-01,light,49.9,-119.483333
2009-01,light,30.4111111,-88.8277778
2009-01,light,39.7036111,-121.5211111
2009-01,light,34.1063889,-117.5922222
2009-01,light,35.4736111,-81.2547222
2009-01,light,38.7430556,-94.8252778
2009-01,light,42.5916667,-88.4333333
2009-01,light,29.7233333,-98.9355556
2009-01,light,43.5408333,-116.5625000
2009-01,light,42.6338889,-73.5541667
2009-01,light,32.7447222,-116.9980556
2009-01,light,44.9800000,-93.2636111
2009-01,light,40.7536111,-86.0688889
2009-01,light,37.8350000,-122.1286111
2009-01,light,32.7152778,-117.1563889
2009-01,light,51.45,-2.583333
2009-01,light,49.45,7.533333
2009-01,light,34.1063889,-117.5922222
2009-01,light,29.4238889,-98.4933333
2009-01,light,32.5888889,-96.3086111
2009-01,light,34.5033333,-82.6502778
2009-01,light,40.8427778,-73.2933333
2009-01,light,-36.84846,174.763332
2009-01,light,51.5,-3.2
2009-01,light,40.8325000,-115.7622222
2009-01,light,32.7152778,-117.1563889
2009-01,light,34.5794444,-118.1155556
2009-01,light,36.3047222,-103.9725000
2009-01,light,32.7252778,-114.6236111
2009-01,light,31.7319444,-84.1708333
2009-01,diamond,35.9938889,-78.8988889
2009-01,diamond,40.3872222,-75.1469444
2009-01,formation,30.2238889,-92.0197222
2009-01,formation,39.1855556,-78.1636111
2009-01,formation,43.4261111,-73.7127778
2009-01,formation,34.9888889,-90.0125000
2009-01,circle,33.2486111,-111.6336111
2009-01,circle,33.865015,-117.917004
2009-01,circle,41.1305556,-85.1288889
2009-01,circle,34.7538889,-77.4305556
2009-01,circle,33.5225000,-117.7066667
2009-01,circle,37.6361111,-91.0016667
2009-01,circle,32.9536111,-96.8900000
2009-01,circle,30.4211111,-87.2169444
2009-01,circle,24.7133333,-81.0905556
2009-01,circle,39.1580556,-75.5247222
2009-01,circle,31.298886,120.585316
2009-01,circle,10.315699,123.885437
2009-01,circle,40.8291667,-85.3355556
2009-01,circle,53.438116,0.109506
2009-01,circle,34.3380556,-84.3766667
2009-01,rectangle,44.7527778,-68.6794444
2009-01,rectangle,34.5361111,-117.2902778
2009-01,rectangle,32.3502778,-108.7080556
2009-01,changing,29.7630556,-95.3630556
2009-01,changing,49.266667,-55.066667
2009-01,changing,41.8666667,-103.6666667
2009-01,changing,33.6602778,-117.9983333
2009-01,flash,32.7152778,-117.1563889
2009-01,flash,38.5816667,-121.4933333
2009-01,flash,32.7152778,-117.1563889
2009-01,sphere,62.797057,7.645556
2009-01,sphere,43.9808333,-84.4863889
2009-01,sphere,30.2750000,-89.7811111
2009-01,sphere,33.6602778,-117.9983333
2009-01,sphere,37.7750000,-122.4183333
2009-01,sphere,34.2011111,-118.5972222
2009-01,egg,35.6505556,-78.4566667
2009-01,disk,33.1211111,-97.1830556
2009-01,disk,38.2541667,-85.7594444
2009-01,disk,40.7141667,-74.0063889
2009-01,disk,34.0522222,-118.2427778
2009-01,disk,64.133333,-21.933333
2009-01,disk,51.514125,-.093689
2009-01,disk,39.1502778,-123.2066667
2009-01,disk,38.1877778,-83.0188889
2009-01,fireball,52.161435,-7.149295
2009-01,fireball,37.5483333,-121.9875000
2009-01,fireball,51.733333,-1.983333
2009-01,fireball,40.5577778,-90.6733333
2009-01,fireball,49.945898,7.779277
2009-01,teardrop,1.530976,110.34422
2009-01,cigar,35.1494444,-90.0488889
2009-01,cigar,33.8752778,-117.5655556
2009-02,oval,34.0522222,-118.2427778
2009-02,oval,48.7005556,-112.3191667
2009-02,oval,24.897778,91.871389
2009-02,oval,42.8794444,-88.4741667
2009-02,oval,47.4236111,-120.3091667
2009-02,oval,45.5872222,-122.3983333
2009-02,,39.7938889,-75.1725000
2009-02,,35.2783333,-93.1336111
2009-02,,32.214008,-98.20825
2009-02,,32.5563889,-95.8630556
2009-02,,39.9936111,-105.0891667
2009-02,,53.285594,-1.209239
2009-02,,39.0066667,-76.7794444
2009-02,,36.3486111,-82.2108333
2009-02,,45.368614,-110.734994
2009-02,,32.2205556,-98.2019444
2009-02,,40.164579,-74.208267
2009-02,,37.3019444,-78.3922222
2009-02,,37.8016667,-80.4458333
2009-02,,40.0305556,-124.0719444
2009-02,cylinder,36.2350000,-87.4438889
2009-02,cylinder,47.8555556,-121.9697222
2009-02,cylinder,40.5569444,-75.1800000
2009-02,triangle,51.650833,-3.231667
2009-02,triangle,39.7683333,-86.1580556
2009-02,triangle,39.945833,-74.19
2009-02,triangle,47.6447222,-122.6936111
2009-02,triangle,42.9633333,-85.6680556
2009-02,triangle,40.0580556,-82.4013889
2009-02,triangle,46.7833333,-92.1063889
2009-02,triangle,44.666667,-63.566667
2009-02,triangle,51.65,-.2
2009-02,light,64.8377778,-147.7163889
2009-02,light,39.7391667,-104.9841667
2009-02,light,25.981202,-80.148379
2009-02,light,33.4269444,-117.6111111
2009-02,light,38.9822222,-94.6705556
2009-02,light,34.4372222,-94.5572222
2009-02,light,38.6786111,-121.7722222
2009-02,light,51.611667,-2.5125
2009-02,light,39.4488889,-91.0513889
2009-02,light,40.0580556,-82.4013889
2009-02,light,37.7044444,-91.8663889
2009-02,light,37.6625000,-121.8736111
2009-02,light,43.0730556,-89.4011111
2009-02,light,30.0797222,-95.4169444
2009-02,light,42.3683333,-83.3527778
2009-02,light,29.6991667,-91.2066667
2009-02,light,33.1580556,-117.3497222
2009-02,light,26.203407,-98.230012
2009-02,light,46.1469444,-122.9072222
2009-02,light,31.7091667,-98.9908333
2009-02,light,-21.983333,16.916667
2009-02,light,38.7891667,-77.1875000
2009-02,diamond,33.6694444,-117.8222222
2009-02,diamond,42.5444444,-72.6061111
2009-02,diamond,45.583333,-62.633333
2009-02,formation,37.3394444,-121.8938889
2009-02,circle,42.6158333,-70.6625000
2009-02,circle,26.6155556,-80.0572222
2009-02,circle,47.7741667,-96.6077778
2009-02,circle,30.2669444,-97.7427778
2009-02,circle,53.416667,-3
2009-02,circle,41.6666667,-70.1852778
2009-02,circle,36.5297222,-87.3594444
2009-02,circle,33.8352778,-117.9136111
2009-02,circle,48.9244444,-122.0758333
2009-02,circle,33.3763889,-117.2502778
2009-02,rectangle,33.7488889,-84.3880556
2009-02,rectangle,62.223889,-6.578611
2009-02,changing,39.043757,-77.487442
2009-02,changing,35.7330556,-81.3413889
2009-02,changing,35.7511111,-86.9300000
2009-02,changing,42.0472222,-71.0819444
2009-02,flash,30.4380556,-84.2808333
2009-02,sphere,38.4783333,-82.6380556
2009-02,sphere,44.0522222,-123.0855556
2009-02,sphere,41.0041667,-92.3736111
2009-02,sphere,37.8716667,-122.2716667
2009-02,sphere,60.183333,-134.716667
2009-02,sphere,42.9047222,-76.8630556
2009-02,sphere,30.5041667,-90.4611111
2009-02,egg,40.7311111,-122.9408333
2009-02,egg,32.9477778,-112.7161111
2009-02,egg,38.043987,-122.401419
2009-02,cross,39.6050000,-83.3955556
2009-02,disk,29.8266667,-82.5969444
2009-02,disk,38.8338889,-104.8208333
2009-02,fireball,32.7152778,-117.1563889
2009-02,fireball,34.192537,43.886423
2009-02,fireball,29.7352778,-94.9772222
2009-02,fireball,38.3855556,-81.8363889
2009-02,fireball,52.466667,-1.916667
2009-02,fireball,3.043061,101.440657
2009-02,fireball,52.770101,-1.292427
2009-02,teardrop,41.1844444,-73.1336111
2009-02,teardrop,45.492449,-72.31495
2009-02,cigar,36.2558333,-77.9361111
2009-02,cigar,45.996439,-68.446142
2009-02,cigar,30.7613889,-88.0913889
2009-02,cigar,35.238056,-111.833611
2009-02,cigar,33.7838889,-116.9577778
2009-02,cigar,39.1722222,-120.1377778
2009-02,cigar,34.7575000,-112.4530556
2009-03,oval,41.0441667,-83.6500000
2009-03,oval,39.90403,116.407526
2009-03,oval,35.3733333,-119.0177778
2009-03,oval,32.2216667,-110.9258333
2009-03,oval,52.311421,4.870087
2009-03,,28.0183333,-82.1130556
2009-03,,4.210484,101.975766
2009-03,,40.5219444,-111.9383333
2009-03,,43.7319444,-71.5888889
2009-03,,33.2486111,-111.6336111
2009-03,,40.6083333,-75.4905556
2009-03,,51.483333,.2
2009-03,,43.6613889,-70.2558333
2009-03,,39.6411111,-85.1411111
2009-03,,26.0625000,-80.2333333
2009-03,,36.216667,37.166667
2009-03,,26.0027778,-80.2241667
2009-03,,39.9525000,-74.9927778
2009-03,,27.8658333,-82.3266667
2009-03,,32.2686111,-107.7580556
2009-03,,52.166667,-2.166667
2009-03,,47.6063889,-122.3308333
2009-03,,40.7700000,-85.4533333
2009-03,,38.489775,-90.816801
2009-03,,37.3350000,-82.5797222
2009-03,,52.355518,-1.17432
2009-03,,49.783333,-112.15
2009-03,,42.8650000,-71.3744444
2009-03,,38.907231,-77.036464
2009-03,,40.7608333,-111.8902778
2009-03,cylinder,-43.532054,172.636225
2009-03,cylinder,32.2216667,-110.9258333
2009-03,triangle,33.7669444,-118.1883333
2009-03,triangle,38.885841,-94.53301
2009-03,triangle,41.6611111,-87.7525000
2009-03,triangle,28.8002778,-81.2733333
2009-03,triangle,41.7691667,-72.9650000
2009-03,triangle,41.5261111,-87.8891667
2009-03,triangle,36.9741667,-122.0297222
2009-03,triangle,38.7044444,-93.2280556
2009-03,light,50.9097,-1.404351
2009-03,light,34.4263889,-117.3000000
2009-03,light,64.8377778,-147.7163889
2009-03,light,47.4236111,-120.3091667
2009-03,light,44.9800000,-93.2636111
2009-03,light,46.1880556,-123.8300000
2009-03,light,53.8,-1.583333
2009-03,light,44.0805556,-103.2305556
2009-03,light,47.2530556,-122.4430556
2009-03,light,34.2308333,-111.3244444
2009-03,light,36.8876000,-89.9307000
2009-03,light,26.0625000,-80.2333333
2009-03,formation,47.6063889,-122.3308333
2009-03,formation,39.5505556,-107.3241667
2009-03,circle,47.2530556,-122.4430556
2009-03,circle,38.9783333,-76.4925000
2009-03,circle,24.466667,54.366667
2009-03,circle,47.2530556,-122.4430556
2009-03,circle,50.545556,-4.144444
2009-03,circle,41.2391667,-81.3461111
2009-03,circle,41.5261111,-87.8891667
2009-03,rectangle,35.7719444,-78.6388889
2009-03,changing,26.7052778,-80.0366667
2009-03,sphere,40.847807,-74.574725
2009-03,sphere,36.8527778,-75.9783333
2009-03,sphere,35.7808333,-78.3700000
2009-03,egg,45.583333,-72
2009-03,cross,40.3977778,-105.0744444
2009-03,disk,42.9633333,-85.6680556
2009-03,disk,39.6294444,-79.9561111
2009-03,disk,33.4483333,-112.0733333
2009-03,disk,38.2544444,-104.6086111
2009-03,fireball,37.4136111,-79.1425000
2009-03,fireball,32.6736111,-81.0205556
2009-03,fireball,30.4211111,-87.2169444
2009-03,fireball,34.369827,-83.235155
2009-03,fireball,36.0652778,-119.0158333
2009-03,fireball,34.6402778,-78.4841667
2009-03,cigar,27.9091667,-82.7875000
2009-04,oval,31.7586111,-106.4863889
2009-04,oval,53.583333,-.65
2009-04,oval,40.7452778,-73.9058333
2009-04,oval,38.9516667,-92.3338889
2009-04,oval,33.9175000,-79.7441667
2009-04,,36.3047222,-86.6200000
2009-04,,35.304969,-80.982884
2009-04,,35.304969,-80.982884
2009-04,,35.1477778,-114.5675000
2009-04,,48.1988889,-122.1238889
2009-04,,38.9516667,-92.3338889
2009-04,,43.2377778,-94.7511111
2009-04,,51.733333,-2.366667
2009-04,,47.1302778,-119.2769444
2009-04,,53,-2.183333
2009-04,,35.4675000,-97.5161111
2009-04,,48.2933333,-122.6419444
2009-04,cylinder,44.694209,-92.011826
2009-04,cylinder,37.906332,-25.782666
2009-04,triangle,37.6922222,-97.3372222
2009-04,triangle,41.6416667,-85.4166667
2009-04,triangle,33.7800000,-118.2616667
2009-04,triangle,28.5380556,-81.3794444
2009-04,triangle,33.8352778,-117.9136111
2009-04,triangle,41.4958333,-87.8486111
2009-04,triangle,32.5158333,-93.7319444
2009-04,triangle,37.5297222,-122.0391667
2009-04,triangle,40.7977778,-73.7000000
2009-04,light,39.9625000,-76.7280556
2009-04,light,34.2175000,-118.3694444
2009-04,light,27.6383333,-80.3975000
2009-04,light,29.8944444,-81.3147222
2009-04,light,35.4833333,-86.4602778
2009-04,light,44.5297222,-93.3525000
2009-04,light,41.7308333,-84.9327778
2009-04,light,50.7967,-1.083333
2009-04,light,34.883333,32.383333
2009-04,light,33.7669444,-118.1883333
2009-04,light,47.4811111,-118.2533333
2009-04,light,28.5380556,-81.3794444
2009-04,light,35.7563889,-83.9705556
2009-04,light,34.4716667,-104.2450000
2009-04,light,33.9133333,-78.3041667
2009-04,formation,44.4758333,-73.2125000
2009-04,formation,36.1750000,-115.1363889
2009-04,circle,32.7458333,-96.9975000
2009-04,circle,40.7141667,-74.0063889
2009-04,circle,54.572778,-1.162778
2009-04,circle,36.0652778,-119.0158333
2009-04,circle,31.866743,-116.596371
2009-04,circle,39.1433333,-77.2016667
2009-04,circle,42.4083333,-71.0541667
2009-04,circle,49.1,-122.65
2009-04,circle,40.5891667,-74.4722222
2009-04,circle,51.733333,-1.983333
2009-04,rectangle,34.0752778,-84.2941667
2009-04,rectangle,34.8238889,-89.9936111
2009-04,rectangle,29.9544444,-90.0750000
2009-04,changing,46.109315,-119.199477
2009-04,sphere,39.9611111,-82.9988889
2009-04,sphere,29.8944444,-81.3147222
2009-04,sphere,29.8502778,-81.2655556
2009-04,sphere,43.6613889,-70.2558333
2009-04,sphere,53.55,-113.5
2009-04,disk,46.3580556,-94.2005556
2009-04,disk,53.233333,-.533333
2009-04,disk,41.7797222,-71.4377778
2009-04,fireball,28.8355556,-82.3305556
2009-04,fireball,35.9555556,-80.0055556
2009-04,fireball,53.5,-2.216667
2009-04,fireball,45.541553,10.211802
2009-04,fireball,52.664913,-1.034894
2009-04,teardrop,45.2461111,-93.4519444
2009-04,cigar,36.1750000,-115.1363889
2009-04,cigar,47.6105556,-122.1994444
2009-04,cone,35.30004,-106.551137
2009-05,oval,47.751074,-120.740139
2009-05,oval,43.2363889,-120.6358333
2009-05,oval,39.5297222,-119.8127778
2009-05,oval,44.0313889,-70.1050000
2009-05,,40.0725000,-74.7211111
2009-05,,44.0583333,-121.3141667
2009-05,,45.6388889,-122.6602778
2009-05,,44.3113889,-96.7980556
2009-05,,44.0805556,-103.2305556
2009-05,,43.983333,-81.283333
2009-05,,53.183333,.1
2009-05,,51.016667,-4.216667
2009-05,,33.6058333,-78.9733333
2009-05,,36.2900000,-83.5911111
2009-05,,36.3008333,-119.7819444
2009-05,,37.7250000,-122.1550000
2009-05,,47.709167,24.423889
2009-05,cylinder,32.4205556,-104.2283333
2009-05,cylinder,38.5816667,-121.4933333
2009-05,triangle,47.9252778,-97.0325000
2009-05,triangle,36.255123,-115.238349
2009-05,triangle,34.3675000,-77.7108333
2009-05,triangle,25.7738889,-80.1938889
2009-05,triangle,48.0519444,-122.1758333
2009-05,triangle,41.1569444,-83.4169444
2009-05,triangle,47.0530556,-122.2930556
2009-05,light,41.2097222,-74.6080556
2009-05,light,38.609741,-122.254045
2009-05,light,35.3588889,-81.0972222
2009-05,light,34.4838889,-114.3216667
2009-05,light,37.8044444,-122.2697222
2009-05,light,42.1269444,-89.2555556
2009-05,light,47.0380556,-122.8994444
2009-05,light,39.340925,-80.018966
2009-05,light,53.166667,-1.2
2009-05,light,40.8094444,-80.2019444
2009-05,light,35.9488889,-85.0269444
2009-05,light,35.0844444,-106.6505556
2009-05,light,33.7475000,-116.9711111
2009-05,light,26.9758333,-82.0908333
2009-05,light,44.9800000,-93.2636111
2009-05,light,36.3433333,-106.1880556
2009-05,light,40.4841667,-88.9936111
2009-05,light,28.9002778,-81.2638889
2009-05,light,52.632381,4.753375
2009-05,light,51.280278,-2.778333
2009-05,light,44.3633333,-98.2138889
2009-05,light,40.7977778,-85.8205556
2009-05,formation,34.0922222,-117.4341667
2009-05,formation,37.3861111,-122.0827778
2009-05,formation,39.4152778,-81.4550000
2009-05,circle,43.2825000,-76.2708333
2009-05,circle,33.8158333,-78.6802778
2009-05,circle,41.151958,-96.05733
2009-05,circle,40.5852778,-105.0838889
2009-05,circle,33.6305556,-112.3325000
2009-05,circle,43.5780556,-70.3222222
2009-05,rectangle,45.0655556,-93.2016667
2009-05,changing,38.5816667,-121.4933333
2009-05,flash,44.6336111,-121.1283333
2009-05,flash,34.0952778,-118.1261111
2009-05,flash,36.2083333,-115.9830556
2009-05,flash,40.1044444,-74.9516667
2009-05,sphere,53.116667,-.166667
2009-05,sphere,38.4405556,-122.7133333
2009-05,sphere,39.7902778,-85.6127778
2009-05,sphere,32.3122222,-106.7777778
2009-05,sphere,40.7141667,-74.0063889
2009-05,sphere,32.7458333,-96.9975000
2009-05,sphere,40.7141667,-74.0063889
2009-05,disk,36.75652,-3.872466
2009-05,disk,45.1230556,-92.5363889
2009-05,disk,40.7597222,-74.4175000
2009-05,disk,39.7391667,-104.9841667
2009-05,disk,37.7750000,-122.4183333
2009-05,disk,46.6022222,-120.5047222
2009-05,fireball,42.1291667,-80.0852778
2009-05,cigar,43.1200000,-85.5600000
2009-05,chevron,41.4766667,-74.0241667
2009-05,cone,52.583333,-2.133333
2009-06,oval,39.7625000,-87.2291667
2009-06,oval,36.736389,-80.395278
2009-06,oval,34.2366667,-84.4908333
2009-06,oval,26.9294444,-82.0455556
2009-06,oval,40.9008333,-80.8569444
2009-06,oval,37.7750000,-122.4183333
2009-06,,35.4675000,-97.5161111
2009-06,,36.1538889,-95.9925000
2009-06,,38.7669444,-90.4113889
2009-06,,35.3733333,-119.0177778
2009-06,,45.583333,-72
2009-06,,-14.599413,-28.673147
2009-06,,41.2869444,-96.2852778
2009-06,,40.2861111,-96.5350000
2009-06,,25.7738889,-80.1938889
2009-06,,34.4672222,-83.5738889
2009-06,,34.1222222,-117.5972222
2009-06,,34.062511,-118.122848
2009-06,,33.6597222,-85.8316667
2009-06,,40.5741667,-74.6102778
2009-06,,32.2216667,-110.9258333
2009-06,,42.7761111,-71.0777778
2009-06,,38.4088889,-121.3705556
2009-06,cylinder,39.5138889,-121.5552778
2009-06,cylinder,38.7955556,-77.6141667
2009-06,triangle,36.004122,-120.129027
2009-06,triangle,36.0397222,-114.9811111
2009-06,triangle,24.819988,67.051984
2009-06,triangle,58.3019444,-134.4197222
2009-06,triangle,34.6016667,-105.2077778
2009-06,triangle,40.1350000,-86.2205556
2009-06,triangle,-14.599413,-28.673147
2009-06,triangle,47.7661111,-116.7855556
2009-06,triangle,42.5000000,-96.4000000
2009-06,triangle,29.7630556,-95.3630556
2009-06,light,33.9813889,-81.2363889
2009-06,light,34.092809,-118.328661
2009-06,light,33.6305556,-112.3325000
2009-06,light,39.1697222,-91.8827778
2009-06,light,44.0463889,-123.0208333
2009-06,light,33.8536111,-118.1330556
2009-06,light,42.608086,-89.379583
2009-06,light,42.2958333,-71.7133333
2009-06,light,32.7833333,-96.8000000
2009-06,light,39.1836111,-96.5713889
2009-06,light,35.5977778,-82.4000000
2009-06,light,42.7491667,-91.6711111
2009-06,light,40.7555556,-73.5880556
2009-06,light,33.1580556,-117.3497222
2009-06,light,51.1,-.616667
2009-06,light,37.8044444,-122.2697222
2009-06,light,41.6352778,-72.7691667
2009-06,light,33.8158333,-78.6802778
2009-06,diamond,48.4633333,-115.8886111
2009-06,formation,39.9522222,-75.1641667
2009-06,formation,39.9611111,-82.9988889
2009-06,circle,51.133333,.283333
2009-06,circle,34.1866667,-118.4480556
2009-06,circle,33.5311111,-111.9419444
2009-06,circle,33.387886,-118.41631
2009-06,circle,52.5,-2.083333
2009-06,circle,30.2352778,-92.9213889
2009-06,circle,16.402333,120.596007
2009-06,circle,36.9902778,-86.4436111
2009-06,circle,44.733333,-81.133333
2009-06,rectangle,32.4486111,-99.7327778
2009-06,changing,30.4211111,-87.2169444
2009-06,flash,37.6391667,-120.9958333
2009-06,flash,38.849066,-98.316928
2009-06,flash,44.6497222,-93.2425000
2009-06,sphere,52.938914,0.491032
2009-06,sphere,30.2419444,-93.2505556
2009-06,egg,41.3455556,-88.8425000
2009-06,disk,33.8158333,-78.6802778
2009-06,disk,39.9191667,-75.4919444
2009-06,disk,30.398014,-86.597735
2009-06,disk,34.9888889,-90.0125000
2009-06,fireball,51.38847,-0.416969
2009-06,fireball,33.7427778,-116.2883333
2009-06,fireball,53.63004,-1.640632
2009-06,fireball,44.4713889,-116.7336111
2009-06,fireball,39.8016667,-89.6436111
2009-06,cigar,43.9991667,-96.6486111
2009-06,cigar,42.8986111,-75.6405556
2009-06,cigar,29.4238889,-98.4933333
2009-06,chevron,44.9430556,-123.0338889
2009-06,cone,41.6638889,-83.5552778
2009-07,oval,47.6063889,-122.3308333
2009-07,oval,31.1169444,-97.7275000
2009-07,oval,43.3772222,-73.6136111
2009-07,oval,34.0522222,-118.2427778
2009-07,oval,41.00527,28.97696
2009-07,,38.2538000,-94.3356000
2009-07,,38.5450000,-121.7394444
2009-07,,52.355518,-1.17432
2009-07,,36.0397222,-114.9811111
2009-07,,48.7597222,-122.4869444
2009-07,,25.7738889,-80.1938889
2009-07,,41.6030556,-93.7238889
2009-07,,30.6741667,-96.3697222
2009-07,,33.6358333,-97.2225000
2009-07,,45.4469444,-122.5291667
2009-07,,35.8455556,-86.3902778
2009-07,,48.4111111,-114.3366667
2009-07,,43.7,-79.566667
2009-07,,44.8041667,-93.1666667
2009-07,,38.2855556,-85.8241667
2009-07,,35.5361111,-100.9594444
2009-07,,52.333333,-112.683333
2009-07,,38.431855,-120.571872
2009-07,,32.3122222,-106.7777778
2009-07,,39.2402778,-76.8397222
2009-07,,43.75,-79.2
2009-07,,42.9572222,-83.8305556
2009-07,,51.833333,-2.166667
2009-07,,41.6638889,-83.5552778
2009-07,,45.2788889,-92.9850000
2009-07,,43.15,-79.5
2009-07,,44.5438889,-73.1483333
2009-07,,34.7302778,-86.5861111
2009-07,,42.4486111,-83.8016667
2009-07,cylinder,51.514125,-.093689
2009-07,cylinder,47.3075000,-122.2272222
2009-07,cylinder,41.879321,-72.975169
2009-07,cylinder,42.8708333,-85.8650000
2009-07,triangle,33.4936111,-112.9363889
2009-07,triangle,38.1750000,-82.6736111
2009-07,triangle,41.6861111,-70.0763889
2009-07,triangle,40.5000000,-111.9500000
2009-07,triangle,44.5438889,-73.1483333
2009-07,triangle,38.8905556,-90.1841667
2009-07,triangle,34.0536111,-85.2550000
2009-07,triangle,28.198096,-82.432994
2009-07,triangle,34.1283333,-117.2077778
2009-07,light,39.4922222,-80.9038889
2009-07,light,43.866667,-78.933333
2009-07,light,38.3497222,-81.6327778
2009-07,light,34.1458333,-118.8047222
2009-07,light,35.6225000,-117.6700000
2009-07,light,54.108967,-3.218894
2009-07,light,47.3811111,-122.2336111
2009-07,light,47.6063889,-122.3308333
2009-07,light,38.6172222,-89.0522222
2009-07,light,40.7655556,-73.0155556
2009-07,light,43.5500000,-96.7000000
2009-07,light,45.0563889,-92.8058333
2009-07,light,40.8000000,-96.6666667
2009-07,light,37.8541667,-90.5180556
2009-07,light,36.4388889,-118.9036111
2009-07,light,32.7947222,-116.9616667
2009-07,light,43.966667,-80.733333
2009-07,light,32.8369444,-97.0816667
2009-07,light,26.5250000,-80.0666667
2009-07,light,47.9130556,-122.0969444
2009-07,light,49.262838,-122.781071
2009-07,light,41.5008333,-83.7183333
2009-07,light,35.4886111,-82.9888889
2009-07,light,26.3583333,-80.0833333
2009-07,light,36.0625000,-94.1572222
2009-07,light,44.0522222,-123.0855556
2009-07,light,38.9536111,-94.7333333
2009-07,light,39.6527778,-78.7627778
2009-07,light,41.3622222,-78.5963889
2009-07,light,43.0700000,-94.2327778
2009-07,light,36.7477778,-119.7713889
2009-07,light,33.0144444,-97.0966667
2009-07,light,42.0255556,-88.1783333
2009-07,light,31.5847222,-95.8488889
2009-07,light,36.1750000,-115.1363889
2009-07,diamond,38.7041667,-91.4372222
2009-07,formation,33.9175000,-116.7863889
2009-07,formation,26.0738889,-97.8227778
2009-07,formation,46.6566667,-95.8050000
2009-07,circle,51.64102,4.86169
2009-07,circle,42.698575,-78.020915
2009-07,circle,25.7738889,-80.1938889
2009-07,circle,45.6388889,-122.6602778
2009-07,circle,31.1044444,-91.2994444
2009-07,circle,51.514125,-.093689
2009-07,circle,44.8408333,-93.2980556
2009-07,circle,41.2752778,-75.8505556
2009-07,circle,42.0255556,-88.1783333
2009-07,circle,32.5005556,-94.7402778
2009-07,circle,41.5102778,-112.0147222
2009-07,circle,39.7902778,-77.7280556
2009-07,circle,33.6888889,-78.8869444
2009-07,circle,33.6408333,-117.6022222
2009-07,circle,52.3,-.7
2009-07,rectangle,34.1808333,-118.3080556
2009-07,rectangle,27.9375000,-82.2861111
2009-07,rectangle,32.2216667,-110.9258333
2009-07,rectangle,45.0025000,-101.2330556
2009-07,changing,40.5866667,-122.3905556
2009-07,changing,33.8169444,-118.0363889
2009-07,flash,33.1191667,-117.0855556
2009-07,flash,30.95685,-85.516599
2009-07,flash,33.4483333,-112.0733333
2009-07,flash,33.6305556,-112.3325000
2009-07,sphere,40.4405556,-79.9961111
2009-07,sphere,47.3075000,-122.2272222
2009-07,sphere,42.3966667,-88.1836111
2009-07,sphere,36.3100000,-96.4638889
2009-07,sphere,39.6375000,-106.0613889
2009-07,sphere,53.448717,-2.374697
2009-07,sphere,38.605604,-89.435916
2009-07,sphere,36.2694444,-95.8544444
2009-07,sphere,36.8466667,-76.2855556
2009-07,sphere,21.3500000,-157.7208333
2009-07,sphere,40.376177,-104.721973
2009-07,disk,41.9375000,-70.0333333
2009-07,disk,36.0397222,-114.9811111
2009-07,disk,41.7075000,-86.8950000
2009-07,disk,34.3541667,-119.0583333
2009-07,disk,39.3600000,-84.3100000
2009-07,disk,47.6063889,-122.3308333
2009-07,disk,44.033333,43.066667
2009-07,fireball,38.6927778,-75.0750000
2009-07,fireball,38.9488889,-83.4058333
2009-07,fireball,47.723087,-86.940716
2009-07,fireball,37.4850000,-119.9652778
2009-07,fireball,46.083333,-73.166667
2009-07,cigar,53.166667,-1.583333
2009-07,cigar,39.9522222,-75.1641667
2009-07,cigar,31.9958333,-99.2252778
2009-07,cigar,26.78,82.13
2009-07,cigar,28.0391667,-81.9500000
2009-08,oval,34.1741667,-97.1433333
2009-08,oval,33.7938889,-84.6605556
2009-08,oval,59.6425000,-151.5483333
2009-08,oval,26.275595,-80.115278
2009-08,oval,40.7141667,-74.0063889
2009-08,oval,54.572778,-1.162778
2009-08,oval,44.9800000,-93.2636111
2009-08,,38.4369444,-82.3772222
2009-08,,19.54,-96.9275
2009-08,,44.4202778,-83.3308333
2009-08,,33.9775000,-118.1861111
2009-08,,39.2022222,-83.6116667
2009-08,,37.6922222,-97.3372222
2009-08,,44.1858333,-88.4625000
2009-08,,45.1244444,-92.6733333
2009-08,,46.8722222,-113.9930556
2009-08,,50.716667,-2
2009-08,,38.907231,-77.036464
2009-08,,41.9761111,-72.5922222
2009-08,,32.7355556,-97.1077778
2009-08,,27.5872222,-82.4252778
2009-08,,37.834922,-77.370536
2009-08,,30.2750000,-89.7811111
2009-08,cylinder,47.112903,-68.324461
2009-08,cylinder,51.6,-.483333
2009-08,cylinder,27.3361111,-82.5308333
2009-08,triangle,41.1238889,-100.7650000
2009-08,triangle,42.9336111,-72.2786111
2009-08,triangle,32.4708333,-85.0008333
2009-08,triangle,45.5236111,-122.6750000
2009-08,triangle,43.2341667,-86.2483333
2009-08,triangle,44.05,-79.45
2009-08,triangle,36.510071,-4.882447
2009-08,triangle,48.5127778,-122.6113889
2009-08,triangle,42.1155556,-75.9591667
2009-08,triangle,37.0808333,-119.4844444
2009-08,triangle,35.517491,-86.580447
2009-08,triangle,43.9822222,-117.2372222
2009-08,triangle,37.6688889,-122.0797222
2009-08,triangle,41.8500000,-87.6500000
2009-08,triangle,32.4486111,-99.7327778
2009-08,light,42.9411111,-85.6100000
2009-08,light,33.3941667,-104.5225000
2009-08,light,47.6402778,-92.5252778
2009-08,light,46.8266667,-100.8891667
2009-08,light,36.2675000,-94.4844444
2009-08,light,41.8500000,-87.6500000
2009-08,light,42.1102778,-88.0341667
2009-08,light,29.7436111,-98.4527778
2009-08,light,36.8252778,-119.7019444
2009-08,light,40.5141667,-88.9905556
2009-08,light,37.2397222,-96.9952778
2009-08,light,46.1813889,-112.7838889
2009-08,light,29.7630556,-95.3630556
2009-08,light,32.7994444,-97.2688889
2009-08,light,34.6086111,-98.3900000
2009-08,light,38.8422222,-106.1305556
2009-08,light,38.6172222,-121.3272222
2009-08,light,44.9800000,-93.2636111
2009-08,light,37.2386111,-113.3583333
2009-08,light,40.4277778,-74.4163889
2009-08,light,46.6316667,-114.0780556
2009-08,light,30.3958333,-86.2288889
2009-08,light,39.5186111,-104.7608333
2009-08,light,33.6358333,-97.2225000
2009-08,light,35.4675000,-97.5161111
2009-08,light,36.9086111,-116.7583333
2009-08,light,42.9722222,-85.9536111
2009-08,light,41.6802778,-90.3188889
2009-08,light,42.7458333,-124.4961111
2009-08,light,35.775664,139.804479
2009-08,light,38.6300000,-112.1200000
2009-08,diamond,40.6575000,-73.5836111
2009-08,formation,28.3641667,-82.6936111
2009-08,formation,40.7608333,-111.8902778
2009-08,formation,47.6733333,-117.2383333
2009-08,circle,42.4152778,-74.0225000
2009-08,circle,37.9586111,-76.7583333
2009-08,circle,26.9338889,-80.0944444
2009-08,circle,43.133333,-80.266667
2009-08,circle,33.7458333,-117.8252778
2009-08,circle,46.0130556,-91.4844444
2009-08,circle,40.4166667,-86.8752778
2009-08,circle,42.966667,-82.4
2009-08,circle,38.2116667,-89.9941667
2009-08,circle,26.6155556,-80.0572222
2009-08,circle,52.166667,-2.166667
2009-08,circle,35.3583333,-117.6158333
2009-08,circle,50.85,-4.216667
2009-08,rectangle,43.4763889,-70.7188889
2009-08,rectangle,40.5683333,-74.5388889
2009-08,rectangle,41.9375000,-70.0333333
2009-08,rectangle,32.7152778,-117.1563889
2009-08,rectangle,51.733333,.483333
2009-08,rectangle,47.7569444,-122.2797222
2009-08,rectangle,35.0844444,-106.6505556
2009-08,rectangle,33.4708333,-81.9750000
2009-08,changing,51.896892,-8.486316
2009-08,changing,58.368091,25.597836
2009-08,changing,33.3941667,-110.7858333
2009-08,flash,40.4775000,-74.6272222
2009-08,flash,43.733333,-80.966667
2009-08,flash,41.8666667,-103.6666667
2009-08,sphere,33.4483333,-112.0733333
2009-08,sphere,33.8463889,-118.0458333
2009-08,sphere,33.7358333,-118.2913889
2009-08,sphere,41.6716667,-72.9497222
2009-08,sphere,42.6791667,-70.8416667
2009-08,sphere,38.5816667,-121.4933333
2009-08,sphere,28.5380556,-81.3794444
2009-08,egg,37.685096,-121.767491
2009-08,disk,42.6525000,-73.7566667
2009-08,disk,40.5000000,-111.9500000
2009-08,disk,32.7252778,-97.3205556
2009-08,fireball,41.5380556,-72.8075000
2009-08,fireball,35.1494444,-90.0488889
2009-08,fireball,40.4233333,-78.4341667
2009-08,fireball,42.9633333,-85.6680556
2009-08,fireball,41.0886111,-74.1441667
2009-08,fireball,40.1577778,-83.0752778
2009-08,fireball,39.1619444,-84.4569444
2009-08,fireball,42.3313889,-83.0458333
2009-08,fireball,26.5250000,-80.0666667
2009-08,fireball,52.355518,-1.17432
2009-08,teardrop,47.2530556,-122.4430556
2009-08,cigar,33.1191667,-117.0855556
2009-08,cigar,36.0505556,-93.5183333
2009-08,chevron,38.2369444,-85.9858333
2009-09,oval,40.164579,-74.208267
2009-09,oval,41.8500000,-87.6500000
2009-09,oval,40.4333333,-76.1125000
2009-09,oval,41.1400000,-104.8197222
2009-09,,41.1016667,-80.7647222
2009-09,,42.2708333,-83.7263889
2009-09,,38.4105556,-76.4555556
2009-09,,29.4411111,-83.2875000
2009-09,,29.2891667,-82.1119444
2009-09,,42.7325000,-84.5555556
2009-09,,39.0638889,-108.5500000
2009-09,,47.3075000,-122.2272222
2009-09,,33.8752778,-117.5655556
2009-09,,39.7683333,-86.1580556
2009-09,,34.6980556,-118.1358333
2009-09,,44.8944444,-71.4963889
2009-09,,43.5341667,-72.3566667
2009-09,,39.8230556,-78.7183333
2009-09,,53.983333,-1.533333
2009-09,,36.8055556,-114.0663889
2009-09,,46.0647222,-118.3419444
2009-09,,30.6483333,-91.1563889
2009-09,,39.9611111,-82.9988889
2009-09,,47.6588889,-117.4250000
2009-09,,32.4708333,-85.0008333
2009-09,,32.3094444,-90.1388889
2009-09,,51.656756,-0.277856
2009-09,cylinder,38.2538000,-94.3356000
2009-09,triangle,24.861462,67.009939
2009-09,triangle,43.0605556,-88.1063889
2009-09,triangle,42.9638889,-78.7380556
2009-09,triangle,39.4013889,-76.6022222
2009-09,triangle,44.5191667,-88.0197222
2009-09,triangle,42.1900000,-87.9083333
2009-09,triangle,39.6427778,-84.2866667
2009-09,triangle,34.38628,-77.68831
2009-09,triangle,29.8830556,-97.9411111
2009-09,light,52.266667,-113.8
2009-09,light,34.2611111,-116.8441667
2009-09,light,40.147054,-74.834608
2009-09,light,46.7566667,-88.4527778
2009-09,light,40.3041667,-73.9927778
2009-09,light,40.0047222,-75.6350000
2009-09,light,41.186548,-73.195177
2009-09,light,34.5400000,-112.4677778
2009-09,light,30.057536,-95.190299
2009-09,light,45.6388889,-122.6602778
2009-09,light,40.5983333,-76.0936111
2009-09,light,43.505096,-70.637968
2009-09,light,40.9736111,-72.1441667
2009-09,light,38.8338889,-104.8208333
2009-09,light,27.4986111,-82.5750000
2009-09,light,43.4391667,-70.7747222
2009-09,light,36.3133333,-82.3536111
2009-09,light,38.9516667,-92.3338889
2009-09,light,48.816528,-120.559551
2009-09,light,42.1944444,-71.8361111
2009-09,light,57.166667,-2.666667
2009-09,light,33.1975000,-96.6150000
2009-09,light,34.4838889,-114.3216667
2009-09,light,40.5819444,-74.9594444
2009-09,light,44.795583,-63.730111
2009-09,light,47.9791667,-122.2008333
2009-09,light,42.7761111,-71.0777778
2009-09,light,43.8013889,-91.2394444
2009-09,light,34.0522222,-118.2427778
2009-09,light,54.116667,-.483333
2009-09,light,42.4983333,-75.7683333
2009-09,light,41.0691667,-78.3583333
2009-09,light,51.083333,-114.083333
2009-09,light,39.8716667,-76.4833333
2009-09,light,45.9933333,-123.9213889
2009-09,light,34.1336111,-117.9066667
2009-09,light,40.7325000,-73.4458333
2009-09,light,41.2852778,-72.4480556
2009-09,light,43.6136111,-116.2025000
2009-09,light,44.65,-63.6
2009-09,formation,42.2458333,-84.4013889
2009-09,formation,38.7838889,-90.4811111
2009-09,circle,41.9941667,-88.2922222
2009-09,circle,28.362421,-82.709992
2009-09,circle,42.583595,-82.829342
2009-09,circle,40.8000000,-96.6666667
2009-09,circle,40.9633333,-72.1852778
2009-09,circle,44.6563889,-83.2947222
2009-09,circle,34.2063889,-118.2233333
2009-09,circle,40.928388,-72.997707
2009-09,circle,13.052414,80.250825
2009-09,circle,42.2177778,-85.8911111
2009-09,circle,42.5377778,-83.4811111
2009-09,circle,43.1547222,-77.6158333
2009-09,circle,43.5636111,-70.2005556
2009-09,circle,43.6136111,-116.2025000
2009-09,circle,37.5986111,-122.3861111
2009-09,circle,45.4313889,-122.7702778
2009-09,circle,44.0466667,-86.1786111
2009-09,rectangle,37.8591667,-122.4841667
2009-09,changing,39.825338,-83.634367
2009-09,flash,31.000699,17.47791
2009-09,flash,43.1705556,-78.6905556
2009-09,sphere,47.3294444,-122.5788889
2009-09,sphere,41.2083333,-78.5758333
2009-09,sphere,33.8141667,-86.8094444
2009-09,sphere,46.0130556,-91.4844444
2009-09,sphere,36.3061111,-81.5136111
2009-09,sphere,42.1486111,-72.6083333
2009-09,sphere,30.1102778,-97.3150000
2009-09,sphere,46.1286111,-112.9413889
2009-09,sphere,30.3155556,-89.2475000
2009-09,sphere,40.0427778,-86.1275000
2009-09,egg,52.939916,-73.549136
2009-09,disk,40.5866667,-122.3905556
2009-09,disk,46.5352778,-121.9558333
2009-09,disk,41.1305556,-85.1288889
2009-09,disk,34.0522222,-118.2427778
2009-09,disk,38.6272222,-90.1977778
2009-09,fireball,32.7577778,-84.8750000
2009-09,fireball,39.9522222,-75.1641667
2009-09,fireball,42.3702778,-87.9019444
2009-09,fireball,53.533333,-1.116667
2009-09,fireball,32.7577778,-84.8750000
2009-09,fireball,38.7891667,-90.3225000
2009-09,fireball,51.516667,-1.783333
2009-09,fireball,26.7052778,-80.0366667
2009-09,teardrop,41.8500000,-87.6500000
2009-09,cigar,38.1558333,-121.6902778
2009-09,cigar,36.0600000,-86.6722222
2009-09,cone,40.1022222,-75.2747222
2009-09,cone,41.5033333,-74.0108333
2009-09,cone,39.1155556,-77.5638889
2009-09,cone,41.7702778,-75.1786111
2009-10,oval,36.6211111,-93.2152778
2009-10,oval,29.7958333,-91.5013889
2009-10,oval,27.8002778,-97.3961111
2009-10,,39.5786111,-76.6158333
2009-10,,37.8402778,-85.9491667
2009-10,,37.8286111,-92.2005556
2009-10,,33.2147222,-97.1327778
2009-10,,40.7616667,-73.3297222
2009-10,,37.2083333,-81.5602778
2009-10,,34.0522222,-118.2427778
2009-10,,42.3369444,-77.3180556
2009-10,,26.1888889,-98.1550000
2009-10,,27.4986111,-82.5750000
2009-10,,40.5866667,-122.3905556
2009-10,cylinder,41.8786111,-71.3830556
2009-10,cylinder,41.6508333,-73.7633333
2009-10,triangle,47.7741667,-96.6077778
2009-10,triangle,28.2916667,-81.4077778
2009-10,triangle,51.394943,-0.19446
2009-10,triangle,43.0966667,-71.4655556
2009-10,triangle,47.1719444,-122.5172222
2009-10,triangle,34.5211111,-117.9827778
2009-10,triangle,47.9252778,-97.0325000
2009-10,triangle,34.3916667,-118.5416667
2009-10,light,30.415128,-94.88732
2009-10,light,39.340925,-80.018966
2009-10,light,33.4483333,-112.0733333
2009-10,light,32.9477778,-112.7161111
2009-10,light,30.3319444,-81.6558333
2009-10,light,41.0041667,-92.3736111
2009-10,light,33.5777778,-101.8547222
2009-10,light,32.5480556,-82.8719444
2009-10,light,41.7002778,-73.9213889
2009-10,light,38.4405556,-122.7133333
2009-10,light,43.2805556,-71.8172222
2009-10,light,39.7588889,-84.1916667
2009-10,light,37.5686111,-84.2963889
2009-10,light,33.4330556,-79.1216667
2009-10,light,41.6580556,-90.5844444
2009-10,light,53.381724,-2.480044
2009-10,light,43.1008333,-75.2330556
2009-10,light,37.2708333,-79.9416667
2009-10,light,41.5922222,-119.8594444
2009-10,light,43.0730556,-89.4011111
2009-10,light,37.2752778,-107.8794444
2009-10,light,30.099121,-95.615819
2009-10,light,39.7763889,-74.8627778
2009-10,light,38.6272222,-90.1977778
2009-10,light,33.4486111,-84.4550000
2009-10,light,26.9338889,-80.0944444
2009-10,formation,40.2169444,-74.7433333
2009-10,formation,35.0669444,-77.3530556
2009-10,formation,34.6627778,-106.7758333
2009-10,circle,-29.1,26.216667
2009-10,circle,40.7141667,-74.0063889
2009-10,circle,41.9666667,-71.5500000
2009-10,circle,41.6105556,-87.0641667
2009-10,circle,37.4283333,-121.9055556
2009-10,circle,42.7283333,-73.6922222
2009-10,circle,43.216667,-79.75
2009-10,circle,39.0347222,-87.1658333
2009-10,circle,47.4741667,-122.2597222
2009-10,circle,53.316667,-3.1
2009-10,changing,35.9172222,-82.3011111
2009-10,changing,41.7075000,-86.8950000
2009-10,changing,37.9780556,-122.0300000
2009-10,flash,31.8144444,-94.8402778
2009-10,sphere,37.339386,-121.894955
2009-10,sphere,33.6888889,-78.8869444
2009-10,sphere,28.5380556,-81.3794444
2009-10,egg,38.8697222,-106.9872222
2009-10,disk,44.166667,-77.383333
2009-10,disk,51.394943,-0.19446
2009-10,disk,32.9027778,-96.5636111
2009-10,fireball,35.752468,-120.696283
2009-10,fireball,40.6955556,-73.3261111
2009-10,fireball,43.9180556,-123.0233333
2009-10,fireball,27.7705556,-82.6794444
2009-10,fireball,43.6955556,-116.3530556
2009-10,fireball,39.7683333,-86.1580556
2009-10,teardrop,35.1716667,-103.7244444
2009-10,cigar,39.3236111,-83.6911111
2009-10,cigar,55.403756,10.40237
2009-10,chevron,40.4463889,-74.1786111
2009-11,oval,53.416667,-3
2009-11,oval,39.5522222,-84.2333333
2009-11,oval,42.3583333,-71.0602778
2009-11,oval,47.6522222,-101.4152778
2009-11,,46.366667,-75.966667
2009-11,,40.2141667,-77.0088889
2009-11,,37.6625000,-121.8736111
2009-11,,36.555239,-121.923288
2009-11,,48.4213889,-122.3327778
2009-11,,27.1972222,-80.2530556
2009-11,,30.2669444,-97.7427778
2009-11,,40.0455556,-86.0086111
2009-11,,37.8716667,-122.2716667
2009-11,,27.273049,-80.358226
2009-11,,37.5958333,-122.0180556
2009-11,,39.0216667,-84.4400000
2009-11,,38.9413889,-119.7486111
2009-11,,45.8566667,-111.3316667
2009-11,cylinder,38.6652778,-78.4597222
2009-11,cylinder,39.5297222,-119.8127778
2009-11,triangle,35.1555556,-89.7761111
2009-11,triangle,39.8716667,-75.5916667
2009-11,triangle,40.9166667,-74.1722222
2009-11,triangle,40.0116667,-89.8480556
2009-11,triangle,33.5205556,-86.8025000
2009-11,triangle,33.8158333,-112.5794444
2009-11,light,48.1969444,-106.6361111
2009-11,light,36.6002778,-121.8936111
2009-11,light,38.5816667,-121.4933333
2009-11,light,40.8041667,-74.0125000
2009-11,light,34.9491667,-83.7575000
2009-11,light,40.1672222,-105.1013889
2009-11,light,42.5238889,-83.2233333
2009-11,light,33.9961111,-117.4047222
2009-11,light,40.7655556,-95.3719444
2009-11,light,40.7311111,-122.9408333
2009-11,light,43.1547222,-77.6158333
2009-11,light,31.8666667,-89.2633333
2009-11,light,25.9561111,-80.1394444
2009-11,light,27.3361111,-82.5308333
2009-11,light,33.2147222,-97.1327778
2009-11,light,26.62535,-81.624803
2009-11,light,35.6008333,-82.5541667
2009-11,formation,51.5,-.416667
2009-11,circle,39.364728,-99.842065
2009-11,circle,43.3666667,-124.2166667
2009-11,circle,36.1538889,-95.9925000
2009-11,circle,42.3288889,-75.9680556
2009-11,circle,33.7488889,-84.3880556
2009-11,circle,45.1672222,-91.1491667
2009-11,rectangle,31.8455556,-102.3672222
2009-11,rectangle,34.51994,-105.87009
2009-11,changing,26.7052778,-80.0366667
2009-11,changing,24.466667,54.366667
2009-11,changing,26.169691,-81.009503
2009-11,changing,48.8466667,-122.5897222
2009-11,flash,25.474449,-80.474193
2009-11,flash,33.7738889,-93.6825000
2009-11,flash,-19.015438,29.154857
2009-11,flash,36.1750000,-115.1363889
2009-11,flash,32.4013889,-98.8172222
2009-11,flash,44.2444444,-69.7719444
2009-11,flash,32.7152778,-117.1563889
2009-11,sphere,51.833333,-4.166667
2009-11,sphere,64.282327,-135
2009-11,sphere,40.1727778,-74.9930556
2009-11,cross,43.9075000,-72.1438889
2009-11,disk,18.427445,-67.15407
2009-11,disk,34.4263889,-117.3000000
2009-11,disk,37.2152778,-93.2980556
2009-11,disk,34.2083333,-77.7966667
2009-11,disk,36.566389,-121.946667
2009-11,disk,41.4827778,-87.3327778
2009-11,fireball,38.8113889,-91.1413889
2009-11,fireball,51.55,.166667
2009-11,fireball,40.613551,-112.709966
2009-11,fireball,34.1083333,-117.2888889
2009-11,fireball,37.6305556,-122.4100000
2009-11,fireball,30.4386111,-90.4413889
2009-11,fireball,32.7833333,-96.8000000
2009-11,fireball,45.083333,-64.366667
2009-11,cigar,51.133333,1.3
2009-11,cigar,27.9472222,-82.4586111
2009-11,chevron,44.7677778,-93.2775000
2009-12,oval,39.8658333,-123.7130556
2009-12,oval,40.7583333,-74.9797222
2009-12,,42.1055556,-71.5527778
2009-12,,34.9202778,-82.2963889
2009-12,,39.5297222,-119.8127778
2009-12,,37.6658333,-77.5066667
2009-12,,32.5250000,-93.7500000
2009-12,,32.0677778,-86.0597222
2009-12,,38.8105556,-90.6997222
2009-12,,42.7047222,-77.2719444
2009-12,,39.6577778,-77.1747222
2009-12,,35.4675000,-97.5161111
2009-12,,47.3075000,-122.2272222
2009-12,cylinder,33.9400000,-118.1316667
2009-12,cylinder,40.2777778,-80.0841667
2009-12,triangle,38.9594444,-84.3880556
2009-12,triangle,-27.614093,152.758472
2009-12,triangle,44.5736111,-68.7961111
2009-12,triangle,34.0633333,-117.6500000
2009-12,triangle,39.7136111,-82.5994444
2009-12,triangle,42.3583333,-71.0602778
2009-12,triangle,31.886822,-88.983942
2009-12,triangle,49.15,-123.916667
2009-12,triangle,32.8158333,-97.2277778
2009-12,triangle,38.8338889,-104.8208333
2009-12,triangle,32.7947222,-116.9616667
2009-12,light,30.3311111,-92.4955556
2009-12,light,30.4505556,-91.1544444
2009-12,light,30.3580556,-90.0655556
2009-12,light,30.4505556,-91.1544444
2009-12,light,39.4666667,-87.4138889
2009-12,light,56.116667,-5.483333
2009-12,light,41.9950000,-88.1855556
2009-12,light,47.2530556,-122.4430556
2009-12,light,45.6216667,-94.2066667
2009-12,light,38.2972222,-122.2844444
2009-12,light,57.066667,-92.583333
2009-12,diamond,32.5400000,-85.0986111
2009-12,formation,45.4872222,-122.8025000
2009-12,formation,33.9533333,-117.3952778
2009-12,formation,41.4958333,-87.8486111
2009-12,circle,42.9875000,-71.8130556
2009-12,circle,39.5600000,-76.0716667
2009-12,circle,38.0386111,-77.6391667
2009-12,circle,37.7750000,-122.4183333
2009-12,circle,21.3069444,-157.8583333
2009-12,circle,38.7291667,-89.8830556
2009-12,circle,30.0969444,-95.6158333
2009-12,circle,32.7425000,-117.0305556
2009-12,circle,38.2872222,-89.8172222
2009-12,circle,35.7327778,-84.3338889
2009-12,rectangle,37.5072222,-122.2594444
2009-12,rectangle,40.5575000,-74.2850000
2009-12,flash,45.483333,-75.65
2009-12,sphere,30.2750000,-89.7811111
2009-12,sphere,30.2750000,-89.7811111
2009-12,cross,40.7141667,-74.0063889
2009-12,disk,38.8338889,-104.8208333
2009-12,disk,35.7511111,-86.9300000
2009-12,fireball,41.5380556,-72.8075000
2009-12,fireball,39.1652778,-86.5263889
2009-12,fireball,24.7133333,-81.0905556
2009-12,fireball,44.8480556,-93.0425000
2009-12,cigar,47.2530556,-122.4430556
2009-12,cigar,34.187044,-118.381256
2010-01,light,52.583333,-1.883333
2010-01,light,33.3100000,-89.1727778
2010-01,light,35.6505556,-78.4566667
2010-01,light,32.7447222,-116.9980556
2010-01,light,52.97894,-0.026577
2010-01,light,21.335391,-158.056896
2010-01,light,21.335391,-158.056896
2010-01,light,19.6255556,-155.0416667
2010-01,light,61.2180556,-149.9002778
2010-01,light,10.315699,123.885437
2010-01,light,35.0844444,-106.6505556
2010-01,light,32.7947222,-116.9616667
2010-01,light,33.7877778,-117.8522222
2010-01,light,37.0938889,-86.0463889
2010-01,light,40.5575000,-74.2850000
2010-01,light,51.666667,-1.283333
2010-01,light,32.7252778,-114.6236111
2010-01,light,42.3916667,-71.7041667
2010-01,light,39.1619444,-84.4569444
2010-01,circle,41.3888889,-70.5138889
2010-01,circle,37.6438889,-98.7372222
2010-01,circle,27.9472222,-82.4586111
2010-01,circle,33.4147222,-111.9086111
2010-01,circle,52.333333,-2.066667
2010-01,circle,32.767072,-116.983626
2010-01,circle,43.1547222,-77.6158333
2010-01,circle,55.611567,-4.669636
2010-01,circle,47.214793,-122.170177
2010-01,formation,40.8841667,-72.3900000
2010-01,flash,39.5297222,-119.8127778
2010-01,flash,41.4786111,-74.8138889
2010-01,triangle,34.1477778,-118.1436111
2010-01,triangle,35.7527778,-82.5466667
2010-01,triangle,36.9352778,-121.7719444
2010-01,triangle,37.0841667,-94.5130556
2010-01,triangle,32.7677778,-117.0222222
2010-01,triangle,34.6991667,-86.7483333
2010-01,triangle,32.7947222,-116.9616667
2010-01,triangle,40.6725000,-74.7477778
2010-01,triangle,41.4994444,-81.6955556
2010-01,triangle,40.0150000,-105.2700000
2010-01,triangle,52.966667,-1.166667
2010-01,triangle,32.7947222,-116.9616667
2010-01,triangle,42.7761111,-71.0777778
2010-01,cigar,39.5297222,-119.8127778
2010-01,fireball,40.376177,-104.721973
2010-01,fireball,37.9886111,-84.4777778
2010-01,fireball,33.7488889,-84.3880556
2010-01,fireball,42.4630556,-78.9361111
2010-01,fireball,52.664913,-1.034894
2010-01,fireball,51.75,-2.2
2010-01,,60.173324,24.941025
2010-01,,28.0391667,-81.9500000
2010-01,,43.1191667,-124.4072222
2010-01,,39.2191667,-121.0600000
2010-01,,30.0969444,-95.6158333
2010-01,,30.2669444,-97.7427778
2010-01,,33.0738889,-106.0180556
2010-01,,36.1750000,-115.1363889
2010-01,,41.447569,-71.524667
2010-01,,33.4213889,-96.5769444
2010-01,,35.1452778,-77.7041667
2010-01,,40.057838,-74.137183
2010-01,,41.2900000,-73.9208333
2010-01,disk,41.7002778,-73.9213889
2010-01,disk,41.330975,1.922643
2010-01,disk,42.983333,-81.25
2010-01,changing,36.2597222,-86.6477778
2010-01,sphere,26.1416667,-81.7950000
2010-01,rectangle,33.4483333,-112.0733333
2010-01,rectangle,34.9158333,-85.1091667
2010-01,rectangle,44.133333,-81.15
2010-01,chevron,32.7252778,-97.3205556
2010-01,chevron,38.2538000,-94.3356000
2010-01,chevron,41.447569,-71.524667
2010-01,diamond,51.514125,-.093689
2010-01,diamond,36.3852778,-79.9597222
2010-01,diamond,19.951944,-99.532778
2010-01,teardrop,34.0480556,-118.5255556
2010-02,light,36.6002778,-121.8936111
2010-02,light,38.6580556,-77.2500000
2010-02,light,43.666667,-79.416667
2010-02,light,42.7758333,-114.7033333
2010-02,light,38.9716667,-95.2350000
2010-02,light,32.6313889,-84.8013889
2010-02,light,43.7844444,-72.4547222
2010-02,light,32.863044,-113.169421
2010-02,circle,48.50389,-122.23611
2010-02,circle,40.9169444,-72.6625000
2010-02,circle,34.0522222,-118.2427778
2010-02,circle,40.5866667,-122.3905556
2010-02,circle,34.2997222,-79.8763889
2010-02,circle,33.7488889,-84.3880556
2010-02,circle,51.7,-1.783333
2010-02,circle,38.095476,-122.27247
2010-02,formation,33.6894444,-94.2855556
2010-02,formation,38.4972222,-122.9655556
2010-02,formation,30.3855556,-88.6116667
2010-02,formation,37.3688889,-122.0352778
2010-02,triangle,41.1983333,-74.4836111
2010-02,triangle,21.3155556,-158.0072222
2010-02,triangle,48.0402778,-122.4050000
2010-02,cigar,-12.094816,-76.756737
2010-02,oval,35.0844444,-106.6505556
2010-02,oval,36.1750000,-115.1363889
2010-02,oval,41.3461111,-73.0794444
2010-02,oval,34.1683333,-118.6050000
2010-02,fireball,25.357522,55.391865
2010-02,fireball,34.7697222,-84.9702778
2010-02,fireball,44.8486111,-123.2327778
2010-02,fireball,34.1083333,-117.2888889
2010-02,cylinder,52.366667,-108.216667
2010-02,cylinder,42.2138889,-71.2250000
2010-02,,39.8202778,-120.3777778
2010-02,,17.385044,78.486671
2010-02,,42.5091667,-84.6558333
2010-02,,40.832214,-76.143592
2010-02,disk,43.1863889,-77.8041667
2010-02,disk,41.8500000,-87.6500000
2010-02,egg,38.2919444,-122.4569444
2010-02,changing,32.4486111,-99.7327778
2010-02,changing,37.6391667,-120.9958333
2010-02,sphere,40.9941667,-92.1672222
2010-02,sphere,43.4666667,-70.7941667
2010-02,sphere,19.6255556,-155.0416667
2010-02,sphere,29.8155556,-97.2183333
2010-02,rectangle,32.7666667,-96.5988889
2010-02,diamond,38.4405556,-122.7133333
2010-03,light,51.514125,-.093689
2010-03,light,38.8113889,-90.8527778
2010-03,light,32.6125000,-90.0366667
2010-03,light,36.6002778,-121.8936111
2010-03,light,38.6130556,-78.7991667
2010-03,light,16.912033,-90.299578
2010-03,light,42.820865,-82.486024
2010-03,light,28.0219444,-81.7330556
2010-03,light,1.352083,103.819836
2010-03,light,32.0850000,-98.3416667
2010-03,light,30.4211111,-87.2169444
2010-03,light,37.9577778,-121.2897222
2010-03,light,41.2230556,-111.9730556
2010-03,light,32.7355556,-97.1077778
2010-03,light,47.8211111,-122.3138889
2010-03,light,26.9758333,-82.0908333
2010-03,light,32.2344444,-97.7550000
2010-03,light,47.0380556,-122.8994444
2010-03,light,40.6408333,-74.8816667
2010-03,light,40.2013889,-77.1891667
2010-03,light,42.1305556,-71.0416667
2010-03,light,31.4636111,-96.0577778
2010-03,circle,33.9650000,-83.5966667
2010-03,circle,27.0669444,-81.3569444
2010-03,circle,36.1750000,-115.1363889
2010-03,circle,47.5302778,-122.0313889
2010-03,circle,51.514125,-.093689
2010-03,circle,20.7850000,-156.4655556
2010-03,circle,42.4222222,-87.8572222
2010-03,circle,57.866667,-4.033333
2010-03,circle,40.8927778,-73.9730556
2010-03,circle,30.7619444,-86.5705556
2010-03,circle,20.7850000,-156.4655556
2010-03,circle,41.2222222,-73.0569444
2010-03,formation,27.9472222,-82.4586111
2010-03,formation,28.198096,-82.432994
2010-03,flash,35.3733333,-119.0177778
2010-03,triangle,42.0988889,-88.2713889
2010-03,triangle,44.409977,-122.53401
2010-03,triangle,29.0694444,-98.0816667
2010-03,triangle,41.5894444,-88.0577778
2010-03,triangle,31.5422222,-86.7150000
2010-03,triangle,45.0052778,-122.7819444
2010-03,triangle,39.8794444,-91.1077778
2010-03,oval,44.5438889,-73.1483333
2010-03,oval,53.717856,-6.356099
2010-03,oval,37.6391667,-120.9958333
2010-03,fireball,25.0861111,-80.4475000
2010-03,fireball,47.2530556,-122.4430556
2010-03,fireball,41.0086111,-91.9625000
2010-03,cylinder,21.3069444,-157.8583333
2010-03,cylinder,44.8086111,-124.0619444
2010-03,,35.3858333,-94.3983333
2010-03,,33.9533333,-117.3952778
2010-03,,41.8297222,-86.2541667
2010-03,,39.4522222,-74.7280556
2010-03,,38.4700000,-90.3044444
2010-03,,41.8650000,-80.7900000
2010-03,,32.5005556,-94.7402778
2010-03,,41.8500000,-87.6500000
2010-03,,34.7694444,-92.2669444
2010-03,,35.7200000,-79.1775000
2010-03,,41.8500000,-87.6500000
2010-03,,47.5302778,-122.0313889
2010-03,disk,52.091874,5.096623
2010-03,disk,34.1808333,-118.3080556
2010-03,disk,29.5177778,-98.3158333
2010-03,disk,34.6888889,-82.1958333
2010-03,disk,38.9783333,-76.4925000
2010-03,changing,33.9041667,-80.8772222
2010-03,changing,43.1063889,-76.2180556
2010-03,sphere,40.7141667,-74.0063889
2010-03,sphere,52.058119,5.405432
2010-03,sphere,41.0127778,-81.6052778
2010-03,sphere,26.3394444,-81.7788889
2010-03,sphere,33.4222222,-111.8219444
2010-03,rectangle,37.6391667,-120.9958333
2010-03,chevron,42.0333333,-87.7333333
2010-04,light,-22.9083,-43.197077
2010-04,light,45.9697222,-89.8919444
2010-04,light,40.6583333,-74.3000000
2010-04,light,34.4208333,-119.6972222
2010-04,light,36.8527778,-75.9783333
2010-04,light,41.1400000,-104.8197222
2010-04,light,2.187732,73.095126
2010-04,light,64.133333,-21.933333
2010-04,light,46.9961111,-123.5105556
2010-04,light,37.6391667,-120.9958333
2010-04,light,36.3597222,-94.2850000
2010-04,light,37.9747222,-87.5558333
2010-04,light,39.0911111,-94.4152778
2010-04,light,42.3369444,-83.2733333
2010-04,circle,36.5008333,-87.6936111
2010-04,circle,34.806553,-78.971141
2010-04,circle,42.4666667,-70.9500000
2010-04,circle,26.1416667,-81.7950000
2010-04,circle,41.5736111,-87.6463889
2010-04,circle,33.8805556,-78.5125000
2010-04,formation,36.9741667,-122.0297222
2010-04,flash,51.514125,-.093689
2010-04,triangle,39.7683333,-86.1580556
2010-04,triangle,32.3863889,-96.8480556
2010-04,triangle,41.258704,-73.685414
2010-04,triangle,33.4269444,-117.6111111
2010-04,triangle,45.8044444,-96.4988889
2010-04,triangle,44.377628,-69.111907
2010-04,triangle,44.4269444,-124.0675000
2010-04,triangle,43.766667,-80.066667
2010-04,triangle,30.6325000,-97.6769444
2010-04,triangle,43.8277778,-94.4369444
2010-04,cigar,43.0391667,-76.3044444
2010-04,cigar,36.4425000,-83.5997222
2010-04,cigar,36.6777778,-121.6544444
2010-04,oval,33.6680556,-117.3263889
2010-04,oval,-8.783195,-124.508523
2010-04,oval,41.0813889,-81.5191667
2010-04,oval,35.0844444,-106.6505556
2010-04,oval,40.7141667,-74.0063889
2010-04,fireball,36.1750000,-115.1363889
2010-04,fireball,42.0358333,-91.6819444
2010-04,fireball,30.4111111,-88.8277778
2010-04,,37.320519,-114.948619
2010-04,,35.2247222,-88.2491667
2010-04,,34.0522222,-118.2427778
2010-04,,33.941213,-84.213531
2010-04,,33.9938889,-96.3705556
2010-04,,40.7763889,-73.4677778
2010-04,,39.3391667,-94.2258333
2010-04,,36.0838889,-87.7947222
2010-04,,48.783333,-123.7
2010-04,,28.3858333,-80.7422222
2010-04,,46.083333,-64.766667
2010-04,disk,41.7000000,-71.4166667
2010-04,disk,43.5863889,-119.0530556
2010-04,disk,36.9752778,-121.9522222
2010-04,disk,46.966667,-70.55
2010-04,disk,29.9986111,-95.1763889
2010-04,changing,33.4147222,-111.9086111
2010-04,changing,42.9316667,-76.5663889
2010-04,changing,29.4658333,-81.2580556
2010-04,sphere,43.1377778,-72.5102778
2010-04,sphere,40.8291667,-85.3355556
2010-04,sphere,33.9400000,-118.1316667
2010-04,sphere,34.1063889,-117.3694444
2010-04,sphere,30.4380556,-84.2808333
2010-04,rectangle,47.6816667,-122.2075000
2010-04,chevron,36.1750000,-115.1363889
2010-04,chevron,32.7152778,-117.1563889
2010-05,light,33.097635,-93.192944
2010-05,light,35.9938889,-78.8988889
2010-05,light,34.2783333,-119.2922222
2010-05,light,33.7380556,-81.0980556
2010-05,light,35.1494444,-90.0488889
2010-05,light,38.2097222,-84.2530556
2010-05,light,41.3983333,-81.8047222
2010-05,light,29.1869444,-82.1402778
2010-05,light,33.3061111,-111.8405556
2010-05,light,39.7558333,-77.5780556
2010-05,light,39.844385,-75.444473
2010-05,light,27.9091667,-97.1497222
2010-05,light,21.5027778,-158.0236111
2010-05,light,10.340556,-68.736944
2010-05,light,40.7933333,-77.8602778
2010-05,light,48.5500000,-109.6833333
2010-05,light,39.1502778,-123.2066667
2010-05,light,29.2388889,-96.1997222
2010-05,light,48.5500000,-109.6833333
2010-05,light,42.0775000,-73.9533333
2010-05,light,39.3175000,-74.5950000
2010-05,light,39.3897222,-74.5244444
2010-05,light,37.964253,-91.831833
2010-05,light,47.0530556,-122.2930556
2010-05,circle,40.164579,-74.208267
2010-05,circle,43.9747222,-75.9111111
2010-05,circle,47.185379,-122.292897
2010-05,circle,34.811757,-88.190041
2010-05,circle,34.1705556,-118.8366667
2010-05,circle,42.0841667,-88.0130556
2010-05,circle,32.8794444,-111.7566667
2010-05,circle,40.6577778,-73.8366667
2010-05,circle,40.5580556,-90.0350000
2010-05,formation,35.6869444,-105.9372222
2010-05,formation,31.554606,74.357158
2010-05,formation,34.3916667,-118.5416667
2010-05,formation,36.4072222,-105.5725000
2010-05,formation,33.3061111,-111.8405556
2010-05,triangle,42.2900000,-88.2247222
2010-05,triangle,52.466667,-1.916667
2010-05,triangle,3.420556,-76.522222
2010-05,triangle,36.2138889,-83.2950000
2010-05,triangle,42.2711111,-89.0938889
2010-05,triangle,33.6116667,-111.7166667
2010-05,cigar,42.5972222,-82.8780556
2010-05,cigar,33.9533333,-117.3952778
2010-05,cigar,42.5238889,-83.2233333
2010-05,oval,35.2269444,-80.8433333
2010-05,oval,42.7069444,-71.1636111
2010-05,oval,-32.927792,151.784485
2010-05,oval,36.1750000,-115.1363889
2010-05,fireball,29.3011111,-94.7975000
2010-05,fireball,53.133333,-1.2
2010-05,fireball,42.0372222,-88.2811111
2010-05,fireball,40.1794444,-74.8555556
2010-05,fireball,42.6183333,-82.5311111
2010-05,fireball,36.8188889,-76.2752778
2010-05,cylinder,51.466667,-.35
2010-05,cylinder,41.2833333,-70.1000000
2010-05,,8.980603,38.757761
2010-05,,36.1750000,-115.1363889
2010-05,,53.716667,-.333333
2010-05,,38.2494444,-122.0388889
2010-05,,60.690545,-147.097055
2010-05,,36.2702778,-121.8063889
2010-05,,32.1430556,-81.3780556
2010-05,,33.4483333,-112.0733333
2010-05,,49.883333,-97.166667
2010-05,,53.35,-2.216667
2010-05,,37.6459000,-93.0942000
2010-05,,40.5638889,-122.2377778
2010-05,,33.4486111,-84.4550000
2010-05,disk,40.7141667,-74.0063889
2010-05,disk,32.2216667,-110.9258333
2010-05,disk,20.211944,-87.465833
2010-05,disk,44.0583333,-121.3141667
2010-05,changing,27.3361111,-82.5308333
2010-05,changing,33.4483333,-112.0733333
2010-05,changing,37.8569444,-92.4041667
2010-05,sphere,44.1733333,-94.0336111
2010-05,rectangle,39.8427778,-82.8047222
2010-05,diamond,33.1191667,-117.0855556
2010-05,diamond,45.5236111,-122.6750000
2010-05,cross,36.1750000,-115.1363889
2010-05,teardrop,34.5286111,-86.2533333
2010-06,light,46.8083333,-100.7833333
2010-06,light,42.8713889,-112.4447222
2010-06,light,33.9255556,-116.8755556
2010-06,light,45.3002778,-122.9719444
2010-06,light,41.6116667,-93.8850000
2010-06,light,32.7355556,-97.1077778
2010-06,light,48.4,-89.233333
2010-06,light,47.4236111,-120.3091667
2010-06,light,34.5794444,-118.1155556
2010-06,light,41.7108333,-87.7580556
2010-06,light,33.6258333,-97.1330556
2010-06,light,34.8072222,-82.8208333
2010-06,light,39.2397222,-76.6805556
2010-06,light,40.0505556,-77.5205556
2010-06,light,40.7280556,-74.0780556
2010-06,light,31.7419444,-99.3213889
2010-06,light,33.9533333,-117.3952778
2010-06,light,36.6002778,-121.8936111
2010-06,light,41.2586111,-95.9375000
2010-06,light,41.5769444,-73.4088889
2010-06,light,41.7625000,-70.7222222
2010-06,light,39.518311,-119.988767
2010-06,circle,51.916667,-.216667
2010-06,circle,5.84561,118.057056
2010-06,circle,38.910833,-75.52767
2010-06,circle,41.1536111,-81.3580556
2010-06,circle,42.2711111,-89.0938889
2010-06,circle,38.5922222,-89.9111111
2010-06,circle,53.574158,-2.425823
2010-06,circle,33.6355556,-96.6086111
2010-06,circle,42.670782,-83.032993
2010-06,circle,46.927958,-84.605911
2010-06,circle,44.2619444,-88.4152778
2010-06,flash,36.1750000,-115.1363889
2010-06,triangle,38.2855556,-85.8241667
2010-06,triangle,43.1547222,-77.6158333
2010-06,triangle,40.2169444,-74.7433333
2010-06,triangle,41.6638889,-83.5552778
2010-06,cigar,40.7141667,-74.0063889
2010-06,cigar,39.2013889,-85.9213889
2010-06,oval,38.7422222,-108.0683333
2010-06,oval,34.0983333,-118.3258333
2010-06,oval,33.4352778,-112.3575000
2010-06,oval,41.8500000,-87.6500000
2010-06,oval,42.7844444,-83.2397222
2010-06,oval,40.6027778,-86.8672222
2010-06,oval,51.833333,-.25
2010-06,oval,33.6680556,-117.3263889
2010-06,fireball,41.4088889,-75.6627778
2010-06,fireball,44.169687,-80.037998
2010-06,fireball,51.266667,-1.083333
2010-06,fireball,41.8922222,-88.4722222
2010-06,fireball,52.966667,-1.3
2010-06,fireball,40.6855556,-76.1958333
2010-06,fireball,52.466667,-1.916667
2010-06,,36.8766667,-89.5877778
2010-06,,40.1002778,-123.7938889
2010-06,,41.8500000,-87.6500000
2010-06,,38.3000000,-120.6827778
2010-06,,38.3497222,-81.6327778
2010-06,,50.782727,-2.994937
2010-06,,47.8211111,-122.3138889
2010-06,,28.1875000,-82.7397222
2010-06,,37.6391667,-120.9958333
2010-06,,41.7519444,-87.9738889
2010-06,,39.3488889,-110.8508333
2010-06,disk,1.352083,103.819836
2010-06,disk,33.1580556,-117.3497222
2010-06,disk,47.0800000,-122.0502778
2010-06,changing,36.778261,-119.417932
2010-06,changing,38.1758333,-92.7841667
2010-06,sphere,41.8500000,-88.3125000
2010-06,sphere,42.166667,-82.816667
2010-06,sphere,47.6063889,-122.3308333
2010-06,sphere,41.2458333,-75.8816667
2010-06,sphere,36.005893,139.190225
2010-06,chevron,43.045335,-79.285449
2010-06,diamond,55.766667,-4.166667
2010-06,diamond,47.4475000,-122.4586111
2010-06,teardrop,40.8611111,-79.8955556
2010-06,teardrop,34.0775000,-117.6888889
2010-07,light,41.1202778,-76.5302778
2010-07,light,40.5686111,-75.0950000
2010-07,light,39.3563889,-121.2780556
2010-07,light,42.238712,-88.121856
2010-07,light,44.8480556,-93.0425000
2010-07,light,38.5450000,-121.7394444
2010-07,light,43.7358333,-113.3655556
2010-07,light,33.7877778,-117.8522222
2010-07,light,33.9966667,-77.9075000
2010-07,light,46.4163889,-117.0441667
2010-07,light,39.2486111,-94.9000000
2010-07,light,39.1619444,-84.4569444
2010-07,light,49.883333,-97.166667
2010-07,light,42.2916667,-85.5872222
2010-07,light,46.521858,-84.34609
2010-07,light,36.8655556,-87.4886111
2010-07,light,48.6338889,-116.9447222
2010-07,light,42.0450000,-71.9305556
2010-07,light,48.1183333,-123.4294444
2010-07,light,43.1547222,-77.6158333
2010-07,light,37.9833333,-75.8541667
2010-07,light,37.0944444,-88.0802778
2010-07,light,41.3555556,-72.1000000
2010-07,light,44.314844,-85.602364
2010-07,light,47.7988889,-122.4969444
2010-07,light,40.6994444,-99.0811111
2010-07,light,40.7519444,-80.3194444
2010-07,light,40.8436111,-81.7641667
2010-07,light,34.6777778,-76.9511111
2010-07,light,32.7833333,-96.8000000
2010-07,light,48.7597222,-122.4869444
2010-07,light,47.6063889,-122.3308333
2010-07,light,35.584324,-78.800013
2010-07,light,41.5769444,-73.4088889
2010-07,light,45.4444444,-99.0288889
2010-07,light,40.9977778,-72.2930556
2010-07,light,39.6988889,-78.1800000
2010-07,light,41.5758333,-87.1761111
2010-07,light,40.7933333,-77.8602778
2010-07,light,31.4636111,-100.4366667
2010-07,light,41.6894444,-70.1569444
2010-07,light,37.2152778,-93.2980556
2010-07,light,44.634917,-93.278482
2010-07,light,26.5250000,-80.0666667
2010-07,light,47.6105556,-122.1994444
2010-07,light,32.5380556,-81.9325000
2010-07,light,40.352941,-78.176127
2010-07,light,39.6269444,-78.2275000
2010-07,light,48.1183333,-123.4294444
2010-07,light,42.1013889,-72.5902778
2010-07,light,40.4797222,-85.6277778
2010-07,circle,38.3363889,-75.0852778
2010-07,circle,41.1305556,-85.1288889
2010-07,circle,41.9550000,-87.9400000
2010-07,circle,52.683333,-1.816667
2010-07,circle,45.4363889,-123.1383333
2010-07,circle,43.0605556,-88.1063889
2010-07,circle,-38.1,145.866667
2010-07,circle,47.9325000,-119.0369444
2010-07,circle,29.2363889,-89.9872222
2010-07,circle,40.0377778,-76.3058333
2010-07,circle,41.1544444,-96.0419444
2010-07,circle,36.297844,-91.515973
2010-07,circle,45.5236111,-122.6750000
2010-07,circle,47.6063889,-122.3308333
2010-07,circle,42.3211111,-85.1797222
2010-07,circle,37.0919444,-84.6041667
2010-07,circle,37.0833333,-88.6000000
2010-07,circle,41.0761111,-73.8591667
2010-07,circle,34.2072222,-84.1402778
2010-07,circle,48.0152778,-122.0625000
2010-07,circle,41.8038889,-73.5591667
2010-07,circle,38.7908333,-121.2347222
2010-07,circle,35.1222222,-84.7188889
2010-07,circle,41.3977778,-79.8316667
2010-07,circle,47.9791667,-122.2008333
2010-07,circle,37.4636111,-122.4275000
2010-07,formation,45.1200000,-93.2875000
2010-07,formation,47.7361111,-122.6452778
2010-07,formation,47.6063889,-122.3308333
2010-07,formation,41.1202778,-76.5302778
2010-07,flash,40.8558333,-73.2011111
2010-07,flash,53.433333,-1.35
2010-07,triangle,43.3980556,-76.4777778
2010-07,triangle,37.3636111,-118.3941667
2010-07,triangle,29.9744444,-92.1341667
2010-07,triangle,41.9944444,-70.7250000
2010-07,triangle,42.6158333,-70.6625000
2010-07,triangle,40.7608333,-111.8902778
2010-07,triangle,45.6388889,-122.6602778
2010-07,triangle,48.1333333,-103.6333333
2010-07,triangle,34.2072222,-84.1402778
2010-07,triangle,38.4588889,-90.5363889
2010-07,triangle,34.6777778,-76.9511111
2010-07,triangle,45.4208333,-122.6694444
2010-07,triangle,42.0722222,-86.1997222
2010-07,cigar,35.0844444,-106.6505556
2010-07,cigar,39.6452778,-121.4022222
2010-07,cigar,38.0050000,-121.8047222
2010-07,cigar,40.6408333,-74.3111111
2010-07,cigar,38.5722222,-94.8788889
2010-07,oval,42.269522,-71.616129
2010-07,oval,40.6994444,-99.0811111
2010-07,oval,38.8338889,-104.8208333
2010-07,oval,44.9663889,-70.6433333
2010-07,oval,40.6547222,-73.6722222
2010-07,oval,39.3638889,-76.4525000
2010-07,oval,41.4994444,-81.6955556
2010-07,oval,45.2325000,-88.0075000
2010-07,oval,38.5816667,-121.4933333
2010-07,oval,38.7627778,-93.7358333
2010-07,fireball,43.6105556,-72.9730556
2010-07,fireball,40.6936111,-75.1905556
2010-07,fireball,42.6805556,-83.1338889
2010-07,fireball,42.6372222,-77.5961111
2010-07,fireball,47.7625000,-122.2041667
2010-07,fireball,37.6922222,-97.3372222
2010-07,fireball,41.8800000,-88.0077778
2010-07,fireball,41.9833333,-71.3333333
2010-07,fireball,39.9241667,-83.8088889
2010-07,fireball,42.1608333,-88.0813889
2010-07,fireball,35.0072222,-80.9452778
2010-07,fireball,35.2619444,-81.1875000
2010-07,fireball,44.3,-77.95
2010-07,fireball,30.5041667,-90.4611111
2010-07,fireball,44.7133333,-93.4225000
2010-07,fireball,36.6436111,-93.2183333
2010-07,fireball,35.9605556,-83.9208333
2010-07,fireball,26.1219444,-80.1436111
2010-07,fireball,41.605327,-81.453449
2010-07,fireball,47.6063889,-122.3308333
2010-07,fireball,41.8338889,-75.8775000
2010-07,fireball,37.9175000,-76.4725000
2010-07,fireball,34.9675000,-82.4436111
2010-07,fireball,47.8627778,-121.8152778
2010-07,fireball,47.7625000,-122.2041667
2010-07,fireball,36.6991667,-93.1597222
2010-07,fireball,48.0519444,-122.1758333
2010-07,fireball,42.0697222,-87.7877778
2010-07,fireball,42.6011111,-76.1808333
2010-07,fireball,40.4063889,-75.5022222
2010-07,fireball,45.792784,24.152069
2010-07,fireball,30.3933333,-86.4958333
2010-07,fireball,33.4936111,-117.1475000
2010-07,fireball,47.6063889,-122.3308333
2010-07,fireball,47.6063889,-122.3308333
2010-07,cylinder,46.2113889,-119.1361111
2010-07,cylinder,42.4333333,-71.4500000
2010-07,cylinder,44.5258333,-121.2119444
2010-07,cylinder,46.15,-60.166667
2010-07,cylinder,35.4675000,-97.5161111
2010-07,,42.3313889,-83.0458333
2010-07,,45.6388889,-122.6602778
2010-07,,43.2694444,-91.4755556
2010-07,,41.1202778,-76.5302778
2010-07,,33.6305556,-112.3325000
2010-07,,39.5608333,-75.3627778
2010-07,,38.907231,-77.036464
2010-07,,35.8241667,-78.3150000
2010-07,,44.6497222,-93.2425000
2010-07,,33.4147222,-111.9086111
2010-07,,39.5150000,-84.3983333
2010-07,,42.0255556,-88.1783333
2010-07,,39.7458333,-75.5469444
2010-07,,43.296672,-87.98759
2010-07,,39.904444,-98.050833
2010-07,,47.6063889,-122.3308333
2010-07,,37.1288889,-84.0833333
2010-07,,47.6063889,-122.3308333
2010-07,,33.9133333,-78.3041667
2010-07,,40.376177,-104.721973
2010-07,,40.8000000,-96.6666667
2010-07,,33.6408333,-117.6022222
2010-07,,43.1330556,-115.6902778
2010-07,,35.6225000,-117.6700000
2010-07,,40.8238889,-73.5480556
2010-07,,33.7877778,-117.8522222
2010-07,,42.5322222,-73.7988889
2010-07,,42.5791667,-71.4383333
2010-07,,53.533333,-2.616667
2010-07,disk,47.1413889,-122.2688889
2010-07,disk,39.6580556,-83.7350000
2010-07,disk,39.6580556,-83.7350000
2010-07,disk,35.7330556,-81.3413889
2010-07,disk,42.5358333,-113.7919444
2010-07,disk,36.0213889,-80.3822222
2010-07,disk,37.2577778,-120.9977778
2010-07,disk,45.7838889,-84.7277778
2010-07,disk,39.2013889,-85.9213889
2010-07,egg,40.1077778,-74.0569444
2010-07,changing,46.2858333,-119.2833333
2010-07,changing,40.7141667,-74.0063889
2010-07,changing,43.6027778,-111.1105556
2010-07,changing,39.612875,-84.248952
2010-07,changing,40.3355556,-75.9272222
2010-07,changing,41.5236111,-90.5775000
2010-07,changing,46.0647222,-118.3419444
2010-07,changing,30.057536,-95.190299
2010-07,sphere,29.1869444,-82.1402778
2010-07,sphere,32.9747222,-97.3475000
2010-07,sphere,36.0769444,-87.3877778
2010-07,sphere,35.0844444,-106.6505556
2010-07,sphere,44.0522222,-123.0855556
2010-07,sphere,37.6922222,-97.3372222
2010-07,sphere,44.6497222,-93.2425000
2010-07,sphere,38.910841,-94.382172
2010-07,sphere,40.0483333,-86.4691667
2010-07,sphere,46.7163889,-122.9530556
2010-07,sphere,39.0086111,-94.4633333
2010-07,sphere,47.6063889,-122.3308333
2010-07,sphere,48.1183333,-123.4294444
2010-07,sphere,36.4202778,-81.4736111
2010-07,sphere,47.7625000,-122.2041667
2010-07,sphere,41.0530556,-82.7263889
2010-07,sphere,42.8408333,-85.6636111
2010-07,sphere,38.8105556,-90.6997222
2010-07,rectangle,41.1238889,-100.7650000
2010-07,rectangle,40.155556,-74.523611
2010-07,rectangle,42.6333333,-71.3166667
2010-07,rectangle,35.4675000,-97.5161111
2010-07,rectangle,32.060255,118.796877
2010-07,rectangle,35.7719444,-78.6388889
2010-07,rectangle,49.883333,-97.166667
2010-07,chevron,28.6119444,-80.8077778
2010-07,chevron,20.8783333,-156.6825000
2010-07,diamond,42.3136111,-122.9658333
2010-07,diamond,45.2536111,-92.8055556
2010-07,cross,42.2358333,-96.4722222
2010-07,cross,38.1302778,-121.2713889
2010-07,teardrop,28.2438889,-82.7194444
2010-07,teardrop,40.5794444,-75.3411111
2010-07,teardrop,47.8850000,-120.1572222
2010-08,light,34.2133333,-118.5711111
2010-08,light,50.4,-105.55
2010-08,light,40.5866667,-122.3905556
2010-08,light,32.7252778,-114.6236111
2010-08,light,47.6105556,-122.1994444
2010-08,light,42.1625000,-71.0416667
2010-08,light,38.6247222,-79.2450000
2010-08,light,53.4,-3.083333
2010-08,light,41.5141667,-74.3838889
2010-08,light,33.8158333,-78.6802778
2010-08,light,31.7586111,-106.4863889
2010-08,light,40.4500000,-111.7694444
2010-08,light,36.0525000,-95.7905556
2010-08,light,41.3358333,-71.9063889
2010-08,light,29.1869444,-82.1402778
2010-08,light,39.4561111,-77.9641667
2010-08,light,45.8661111,-122.4050000
2010-08,light,32.7700000,-108.2797222
2010-08,light,36.4336111,-99.3900000
2010-08,light,26.0625000,-80.2333333
2010-08,light,43.5250000,-84.1227778
2010-08,light,45.1572222,-88.7644444
2010-08,light,40.501179,-79.839216
2010-08,light,42.1711111,-87.8444444
2010-08,light,42.0775000,-73.9533333
2010-08,light,28.0833333,-80.6083333
2010-08,light,36.3647222,-93.5677778
2010-08,light,40.3491667,-101.1072222
2010-08,light,39.3641667,-74.4233333
2010-08,light,33.3022222,-84.5538889
2010-08,light,37.9725000,-89.0533333
2010-08,circle,34.1808333,-118.3080556
2010-08,circle,42.5377778,-83.4811111
2010-08,circle,41.7588889,-70.4944444
2010-08,circle,37.7527778,-100.0166667
2010-08,circle,53.816667,-101.233333
2010-08,circle,39.6836111,-75.7500000
2010-08,circle,50.7,-119.283333
2010-08,circle,38.9488889,-83.4058333
2010-08,circle,40.6461111,-111.4972222
2010-08,circle,27.9833333,-82.2758333
2010-08,circle,33.4669444,-117.6972222
2010-08,circle,40.5819444,-74.9594444
2010-08,circle,39.9852778,-104.8200000
2010-08,formation,32.2205556,-98.2019444
2010-08,flash,33.5386111,-112.1852778
2010-08,flash,52.466667,-113.733333
2010-08,triangle,47.2152778,-123.0994444
2010-08,triangle,40.1488889,-79.5413889
2010-08,triangle,36.8527778,-75.9783333
2010-08,triangle,25.7738889,-80.1938889
2010-08,triangle,44.6841667,-83.6055556
2010-08,triangle,30.5019444,-90.7477778
2010-08,cigar,28.5491667,-81.7730556
2010-08,cigar,41.4338889,-73.1172222
2010-08,cigar,45.261782,-76.889597
2010-08,oval,37.865101,-119.538329
2010-08,oval,51.083333,-114.083333
2010-08,oval,37.6922222,-97.3372222
2010-08,fireball,38.8950000,-77.0366667
2010-08,fireball,42.7005556,-74.9247222
2010-08,fireball,42.9336111,-85.3419444
2010-08,fireball,30.7619444,-86.5705556
2010-08,fireball,33.5422222,-117.7822222
2010-08,fireball,37.8227778,-121.2755556
2010-08,fireball,40.7072222,-73.6763889
2010-08,fireball,42.9572222,-83.8305556
2010-08,fireball,46.562843,-63.66546
2010-08,fireball,33.4483333,-112.0733333
2010-08,fireball,43.5500000,-96.7000000
2010-08,fireball,33.9213889,-78.0205556
2010-08,fireball,50.45,-104.616667
2010-08,fireball,28.5555556,-82.4505556
2010-08,fireball,42.5791667,-71.4383333
2010-08,fireball,36.1658333,-86.7844444
2010-08,,41.4994444,-81.6955556
2010-08,,43.0388889,-87.9063889
2010-08,,26.7080556,-80.2308333
2010-08,,39.8005556,-76.9833333
2010-08,,47.9791667,-122.2008333
2010-08,,40.8666667,-124.0816667
2010-08,,38.7538889,-95.8347222
2010-08,,39.1619444,-84.4569444
2010-08,,47.6397222,-122.8272222
2010-08,,37.8105556,-95.4366667
2010-08,,38.8858333,-94.5327778
2010-08,,43.0761111,-76.0011111
2010-08,,39.655556,-79.787778
2010-08,,35.0844444,-106.6505556
2010-08,,36.1750000,-115.1363889
2010-08,,35.6008333,-82.5541667
2010-08,,42.333355,-88.266753
2010-08,disk,33.744461,-118.387017
2010-08,disk,39.9361111,-84.0255556
2010-08,disk,40.2338889,-111.6577778
2010-08,disk,33.9791667,-118.0319444
2010-08,disk,32.2686111,-107.7580556
2010-08,egg,49.25,-123.133333
2010-08,changing,33.4483333,-112.0733333
2010-08,changing,39.0083333,-75.5783333
2010-08,changing,42.3583333,-71.0602778
2010-08,changing,39.3397222,-85.2044444
2010-08,changing,46.1469444,-122.9072222
2010-08,sphere,36.302496,98.095844
2010-08,sphere,44.1719444,-72.6513889
2010-08,sphere,44.325856,-75.872513
2010-08,sphere,38.6630556,-90.5769444
2010-08,sphere,29.4238889,-98.4933333
2010-08,sphere,39.8122222,-85.2088889
2010-08,sphere,45.5236111,-122.6750000
2010-08,sphere,40.7894444,-74.0569444
2010-08,rectangle,41.0105556,-73.8441667
2010-08,diamond,42.1013889,-72.5902778
2010-08,diamond,41.5172222,-72.7125000
2010-09,light,41.5875000,-109.2022222
2010-09,light,40.0150000,-105.2700000
2010-09,light,43.161748,-70.648258
2010-09,light,35.5641667,-121.0797222
2010-09,light,43.1008333,-75.2330556
2010-09,light,47.3075000,-122.2272222
2010-09,light,30.5252778,-89.6794444
2010-09,light,38.0280556,-121.8836111
2010-09,light,44.666667,-63.566667
2010-09,light,39.9852778,-104.8200000
2010-09,light,39.4352778,-84.2030556
2010-09,light,33.2613889,-97.2377778
2010-09,light,41.3502778,-83.1219444
2010-09,light,36.0725000,-79.7922222
2010-09,light,36.8352778,-76.2986111
2010-09,light,31.4636111,-100.4366667
2010-09,light,42.1013889,-72.5902778
2010-09,light,32.7763889,-79.9311111
2010-09,light,34.1347222,-116.3122222
2010-09,light,34.0522222,-118.2427778
2010-09,light,33.8886111,-117.8122222
2010-09,light,42.4391667,-123.3272222
2010-09,light,42.1816667,-87.8002778
2010-09,light,41.5733333,-87.7844444
2010-09,light,33.1958333,-117.3786111
2010-09,light,33.7413889,-118.1038889
2010-09,light,40.8255556,-73.4680556
2010-09,light,33.0580556,-112.0469444
2010-09,light,28.9886111,-80.9025000
2010-09,light,32.4608333,-84.9877778
2010-09,light,41.3297222,-90.6702778
2010-09,circle,37.888175,-4.779383
2010-09,circle,38.6861111,-76.5350000
2010-09,circle,35.5288889,-77.4013889
2010-09,circle,27.6383333,-80.3975000
2010-09,circle,45.6388889,-122.6602778
2010-09,circle,56.65,-2.883333
2010-09,circle,34.7463889,-92.2894444
2010-09,circle,33.8158333,-78.6802778
2010-09,circle,40.7408333,-74.3841667
2010-09,circle,34.2247222,-118.4488889
2010-09,circle,34.0555556,-117.1816667
2010-09,circle,43.0605556,-88.1063889
2010-09,circle,34.1511111,-118.4483333
2010-09,circle,34.1705556,-118.8366667
2010-09,circle,40.1786111,-122.2347222
2010-09,formation,40.8894444,-111.8800000
2010-09,flash,33.3630556,-97.1736111
2010-09,triangle,43.2122222,-77.4302778
2010-09,triangle,47.6063889,-122.3308333
2010-09,triangle,41.6602778,-71.4563889
2010-09,triangle,32.7833333,-96.8000000
2010-09,triangle,41.5733333,-87.7844444
2010-09,triangle,41.9994444,-88.1450000
2010-09,triangle,32.7355556,-97.1077778
2010-09,triangle,39.0638889,-108.5500000
2010-09,triangle,47.7661111,-116.7855556
2010-09,triangle,41.6077778,-122.8391667
2010-09,triangle,40.2547222,-75.0897222
2010-09,cigar,36.1658333,-86.7844444
2010-09,cigar,40.2727778,-80.9969444
2010-09,cigar,45.9933333,-123.9213889
2010-09,oval,29.6513889,-82.3250000
2010-09,oval,41.9833333,-71.3333333
2010-09,oval,43.0388889,-75.0708333
2010-09,oval,34.0194444,-118.4902778
2010-09,oval,33.0580556,-112.0469444
2010-09,oval,41.1305556,-85.1288889
2010-09,oval,8.228021,124.245242
2010-09,oval,38.6822222,-104.7002778
2010-09,oval,44.666667,-63.566667
2010-09,fireball,52.583333,-2.133333
2010-09,fireball,34.1975000,-119.1761111
2010-09,fireball,36.0397222,-114.9811111
2010-09,fireball,34.1597222,-106.9097222
2010-09,fireball,43.1,-79.05
2010-09,fireball,43.3219444,-70.5813889
2010-09,fireball,33.8847222,-118.4100000
2010-09,,47.6105556,-122.1994444
2010-09,,32.8950000,-97.5455556
2010-09,,40.6866667,-73.3738889
2010-09,,34.4208333,-119.6972222
2010-09,,40.4991667,-74.3994444
2010-09,,40.7358333,-73.0825000
2010-09,,42.1583333,-71.1452778
2010-09,,28.5780556,-81.8869444
2010-09,,34.6183333,-82.4780556
2010-09,,36.1538889,-95.9925000
2010-09,,38.2780556,-81.2788889
2010-09,,38.2225000,-85.3552778
2010-09,,37.0297222,-76.3455556
2010-09,,33.2447222,-81.3588889
2010-09,,42.6727778,-88.5444444
2010-09,,39.7683333,-86.1580556
2010-09,,38.2205556,-90.3958333
2010-09,,30.2669444,-97.7427778
2010-09,,41.6269444,-88.2038889
2010-09,,35.1097222,-79.4725000
2010-09,,41.8500000,-87.6500000
2010-09,,47.6063889,-122.3308333
2010-09,disk,40.6955556,-73.3261111
2010-09,disk,48.5466667,-117.9044444
2010-09,disk,34.0522222,-118.2427778
2010-09,disk,29.9258333,-94.2505556
2010-09,disk,36.163287,-86.782412
2010-09,disk,32.0355556,-82.5083333
2010-09,egg,47.1041667,-122.4333333
2010-09,egg,41.7108333,-87.7580556
2010-09,changing,47.783333,-59.233333
2010-09,changing,34.0013889,-81.7722222
2010-09,changing,29.7630556,-95.3630556
2010-09,sphere,41.3683333,-82.1077778
2010-09,sphere,43.0605556,-88.1063889
2010-09,sphere,39.3958333,-101.0519444
2010-09,sphere,42.584743,-87.821185
2010-09,sphere,38.2538000,-94.3356000
2010-09,sphere,36.8527778,-75.9783333
2010-09,sphere,43.1947222,-88.7288889
2010-09,chevron,39.0638889,-108.5500000
2010-09,chevron,45.3002778,-122.9719444
2010-09,chevron,31.5686111,-111.0516667
2010-09,diamond,38.0250000,-78.0044444
2010-09,diamond,54.65,-1.666667
2010-10,light,37.5058333,-77.6494444
2010-10,light,42.3583333,-71.0602778
2010-10,light,42.4927778,-92.3427778
2010-10,light,40.1416667,-93.8722222
2010-10,light,47.6063889,-122.3308333
2010-10,light,43.4194444,-83.9508333
2010-10,light,41.1400000,-104.8197222
2010-10,light,45.7833333,-108.5000000
2010-10,light,33.5386111,-112.1852778
2010-10,light,40.7402778,-75.3100000
2010-10,light,37.7750000,-122.4183333
2010-10,light,32.8544444,-79.9750000
2010-10,light,44.840798,-93.29828
2010-10,light,40.7977778,-85.8205556
2010-10,light,36.7758333,-121.6686111
2010-10,light,33.4483333,-112.0733333
2010-10,light,38.4202778,-81.7908333
2010-10,light,40.7141667,-74.0063889
2010-10,light,33.0888889,-96.8861111
2010-10,light,40.4841667,-88.9936111
2010-10,light,35.9127778,-79.7177778
2010-10,light,42.4733333,-83.2219444
2010-10,light,36.1750000,-115.1363889
2010-10,light,43.5500000,-96.7000000
2010-10,light,40.1783333,-74.0222222
2010-10,circle,40.8963889,-78.2208333
2010-10,circle,41.9200000,-84.6305556
2010-10,circle,40.2794444,-75.3875000
2010-10,circle,32.2216667,-110.9258333
2010-10,circle,36.1750000,-115.1363889
2010-10,circle,37.4850000,-119.9652778
2010-10,circle,42.6525000,-73.7566667
2010-10,circle,41.5930556,-81.5269444
2010-10,circle,25.7738889,-80.1938889
2010-10,circle,42.2875000,-73.3208333
2010-10,formation,40.0311111,-81.5886111
2010-10,formation,38.3697222,-90.3783333
2010-10,flash,32.5475000,-99.1655556
2010-10,triangle,47.6741667,-122.1202778
2010-10,triangle,27.9472222,-82.4586111
2010-10,triangle,32.2730556,-89.9858333
2010-10,triangle,42.3241667,-83.4002778
2010-10,triangle,46.9422222,-122.6047222
2010-10,triangle,36.5461111,-98.2697222
2010-10,triangle,39.1652778,-86.5263889
2010-10,triangle,43.2136111,-77.9394444
2010-10,triangle,39.4805556,-86.0550000
2010-10,triangle,46.7833333,-92.1063889
2010-10,triangle,32.753472,-79.952845
2010-10,cigar,32.7833333,-96.8000000
2010-10,oval,37.2705556,-76.7077778
2010-10,oval,35.0463889,-81.9819444
2010-10,oval,34.0625000,-118.0894444
2010-10,oval,35.4833333,-86.4602778
2010-10,oval,47.6588889,-117.4250000
2010-10,oval,34.2283333,-118.5358333
2010-10,oval,30.1586111,-85.6602778
2010-10,oval,31.4636111,-100.4366667
2010-10,oval,48.4213889,-122.3327778
2010-10,fireball,42.7325000,-84.5555556
2010-10,fireball,33.7319444,-84.9191667
2010-10,fireball,42.8863889,-78.8786111
2010-10,cylinder,42.1705556,-88.0477778
2010-10,cylinder,41.7858333,-88.1472222
2010-10,cylinder,38.6911111,-121.4475000
2010-10,cylinder,41.7886111,-89.6961111
2010-10,,39.4561111,-77.9641667
2010-10,,47.9791667,-122.2008333
2010-10,,32.7833333,-96.8000000
2010-10,,42.188354,-122.690442
2010-10,,57.107118,12.252091
2010-10,,33.5966667,-83.8602778
2010-10,,37.5850000,-79.0516667
2010-10,,35.2450000,-81.3413889
2010-10,,43.0972222,-89.5041667
2010-10,,28.1875000,-82.7397222
2010-10,,38.0194444,-122.1330556
2010-10,,33.7877778,-117.8522222
2010-10,,33.4222222,-111.8219444
2010-10,,26.4611111,-80.0730556
2010-10,,44.0475000,-83.8544444
2010-10,,39.7286111,-121.8363889
2010-10,,34.0552778,-117.7513889
2010-10,,28.5555556,-82.4505556
2010-10,,33.8491667,-118.3875000
2010-10,,33.1030556,-96.6702778
2010-10,disk,39.7155556,-82.9530556
2010-10,disk,32.3863889,-96.8480556
2010-10,disk,35.8752778,-110.6197222
2010-10,disk,40.1213889,-75.3402778
2010-10,disk,37.5175000,-76.9791667
2010-10,disk,39.487938,-104.932108
2010-10,egg,41.4952778,-79.4561111
2010-10,changing,40.4405556,-79.9961111
2010-10,changing,34.8088889,-79.5480556
2010-10,changing,40.7744444,-97.0502778
2010-10,changing,44.8008333,-122.7933333
2010-10,sphere,45.523452,-122.676207
2010-10,sphere,37.7750000,-122.4183333
2010-10,sphere,26.3180556,-80.1000000
2010-10,sphere,40.4233333,-104.7086111
2010-10,sphere,42.8863889,-78.8786111
2010-10,rectangle,38.7669444,-90.4113889
2010-10,rectangle,36.1750000,-115.1363889
2010-10,rectangle,41.7108333,-87.7580556
2010-10,rectangle,38.910841,-94.382172
2010-10,rectangle,37.6455556,-84.7722222
2010-10,chevron,38.6272222,-90.1977778
2010-10,chevron,37.8091667,-85.4669444
2010-10,chevron,32.6394444,-96.5380556
2010-10,diamond,41.6005556,-93.6088889
2010-10,cross,38.6688889,-88.4855556
2010-10,teardrop,33.4016667,-86.9544444
2010-10,teardrop,44.7894444,-93.6019444
2010-10,cone,47.9786111,-122.3544444
2010-11,light,42.2916667,-85.5872222
2010-11,light,35.7327778,-84.3338889
2010-11,light,39.3111111,-94.9222222
2010-11,light,32.3641667,-88.7036111
2010-11,light,25.7738889,-80.1938889
2010-11,light,34.1425000,-118.2541667
2010-11,light,52.466667,-1.916667
2010-11,light,34.0200000,-117.9486111
2010-11,light,33.6305556,-112.3325000
2010-11,light,37.9577778,-121.2897222
2010-11,light,42.3944444,-77.6969444
2010-11,light,39.7475000,-122.1952778
2010-11,light,37.7397222,-121.4241667
2010-11,light,27.9905556,-82.6933333
2010-11,light,42.4083333,-71.0125000
2010-11,light,33.6888889,-78.8869444
2010-11,light,35.6008333,-82.5541667
2010-11,light,39.3111111,-94.9222222
2010-11,light,37.289655,-79.852972
2010-11,circle,28.8002778,-81.2733333
2010-11,circle,35.2269444,-80.8433333
2010-11,circle,37.9622222,-122.3444444
2010-11,flash,48.95,-57.933333
2010-11,flash,45.2630556,-122.6913889
2010-11,flash,42.9055556,-74.5722222
2010-11,triangle,41.8500000,-87.6500000
2010-11,triangle,41.3500000,-72.0788889
2010-11,triangle,35.2619444,-81.1875000
2010-11,triangle,40.0411111,-86.8744444
2010-11,triangle,44.1102778,-70.6797222
2010-11,triangle,33.2613889,-97.2377778
2010-11,triangle,33.8352778,-117.9136111
2010-11,triangle,47.5002778,-111.3000000
2010-11,triangle,37.5630556,-122.3244444
2010-11,triangle,37.8716667,-122.2716667
2010-11,triangle,35.3733333,-119.0177778
2010-11,triangle,29.7630556,-95.3630556
2010-11,cigar,31.5783333,-84.1558333
2010-11,cigar,34.3541667,-119.0583333
2010-11,oval,47.6588889,-117.4250000
2010-11,oval,40.6855556,-76.1958333
2010-11,oval,46.4736111,-93.8986111
2010-11,oval,51.083333,-114.083333
2010-11,oval,42.7458333,-124.4961111
2010-11,fireball,39.6411111,-85.1411111
2010-11,fireball,37.3394444,-121.8938889
2010-11,fireball,29.3213889,-103.6155556
2010-11,fireball,42.657798,21.153346
2010-11,fireball,34.0922222,-117.4341667
2010-11,fireball,35.8825000,-80.0822222
2010-11,cylinder,39.2402778,-76.8397222
2010-11,,40.8041667,-74.0125000
2010-11,,37.315326,-93.5852
2010-11,,41.3325000,-73.2077778
2010-11,,33.0197222,-96.6986111
2010-11,,43.9011111,-85.8516667
2010-11,,42.4405556,-76.4969444
2010-11,,35.7719444,-78.6388889
2010-11,,34.0522222,-118.2427778
2010-11,,41.2586111,-95.9375000
2010-11,,38.7838889,-90.4811111
2010-11,,38.5816667,-121.4933333
2010-11,,42.2966667,-89.6211111
2010-11,,43.0388889,-87.9063889
2010-11,,39.9977778,-76.3544444
2010-11,,37.5536111,-77.4605556
2010-11,,39.8402778,-88.9547222
2010-11,,33.1958333,-80.0133333
2010-11,,23.3441,85.309562
2010-11,,33.0150000,-96.5386111
2010-11,,37.7750000,-122.4183333
2010-11,disk,33.5091667,-111.8983333
2010-11,disk,41.463992,-72.155619
2010-11,disk,33.1958333,-80.0133333
2010-11,disk,39.62892,-84.189512
2010-11,disk,39.7683333,-86.1580556
2010-11,disk,42.6338889,-73.5541667
2010-11,disk,39.3341667,-76.4397222
2010-11,egg,36.1658333,-86.7844444
2010-11,changing,47.1719444,-122.5172222
2010-11,changing,42.3583333,-71.0602778
2010-11,sphere,34.0141667,-86.0066667
2010-11,sphere,42.5750000,-71.9986111
2010-11,sphere,30.2669444,-97.7427778
2010-11,sphere,34.4369444,-89.9158333
2010-11,rectangle,43.7608333,-93.2038889
2010-11,rectangle,34.0105556,-95.5094444
2010-11,chevron,43.681611,-80.027781
2010-11,chevron,40.1672222,-105.1013889
2010-11,diamond,32.7252778,-114.6236111
2010-11,diamond,42.586888,-82.919551
2010-11,cross,35.2219444,-101.8308333
2010-11,teardrop,38.0194444,-122.1330556
2010-12,light,52.416667,-1.55
2010-12,light,38.8427778,-86.9913889
2010-12,light,40.4975000,-74.4888889
2010-12,light,49.683333,-125
2010-12,light,49.25,-123.133333
2010-12,light,39.9205556,-105.0861111
2010-12,light,46.216667,-63.483333
2010-12,light,27.2541667,-80.2300000
2010-12,light,39.2144444,-122.0083333
2010-12,light,32.237147,-80.860387
2010-12,light,42.697708,23.321868
2010-12,light,-39.492844,176.912018
2010-12,light,36.3130556,-86.8652778
2010-12,light,32.930399,-95.574956
2010-12,light,41.1008333,-74.1166667
2010-12,light,39.786389,-75.543611
2010-12,light,26.4611111,-80.0730556
2010-12,light,22.308085,69.600603
2010-12,light,33.8936111,-117.7263889
2010-12,light,42.5250000,-71.7602778
2010-12,light,33.1191667,-117.0855556
2010-12,light,31.8911111,-85.1455556
2010-12,light,40.7141667,-74.0063889
2010-12,light,34.393111,-118.590754
2010-12,light,29.3625000,-100.8963889
2010-12,light,47.4236111,-120.3091667
2010-12,light,35.4447222,-78.4272222
2010-12,circle,40.5247222,-111.8630556
2010-12,circle,39.0911111,-94.4152778
2010-12,circle,42.4,-82.183333
2010-12,circle,47.035404,-122.381744
2010-12,circle,50.733333,-2.966667
2010-12,circle,41.2222222,-73.0569444
2010-12,circle,-37.813938,144.963425
2010-12,flash,33.6411111,-117.9177778
2010-12,flash,45.9047222,-122.7427778
2010-12,flash,42.4152778,-71.1569444
2010-12,flash,35.0844444,-106.6505556
2010-12,triangle,42.3916667,-71.0333333
2010-12,triangle,-26.699167,27.835556
2010-12,triangle,53.666667,-3
2010-12,triangle,47.3075000,-122.2272222
2010-12,triangle,37.5483333,-121.9875000
2010-12,triangle,33.8752778,-117.5655556
2010-12,cigar,32.9813889,-82.8102778
2010-12,cigar,30.3580556,-90.0655556
2010-12,cigar,34.0522222,-118.2427778
2010-12,cigar,36.1538889,-95.9925000
2010-12,oval,35.0844444,-106.6505556
2010-12,oval,37.6922222,-97.3372222
2010-12,oval,44.9369444,-91.3927778
2010-12,oval,33.7488889,-84.3880556
2010-12,oval,44.0522222,-123.0855556
2010-12,oval,47.7361111,-122.6452778
2010-12,oval,38.0291667,-121.9605556
2010-12,fireball,32.7252778,-97.3205556
2010-12,fireball,27.9655556,-82.8002778
2010-12,fireball,37.7750000,-122.4183333
2010-12,cylinder,34.202831,-4.936391
2010-12,cylinder,45.1858333,-109.2461111
2010-12,,35.7325000,-78.8505556
2010-12,,26.1219444,-80.1436111
2010-12,,38.9905556,-77.0263889
2010-12,,42.033434,-70.95921
2010-12,,29.1333333,-98.1558333
2010-12,,28.8105556,-81.8780556
2010-12,,34.1063889,-84.0336111
2010-12,,26.142023,-81.789856
2010-12,,41.3952778,-85.5483333
2010-12,,32.9430556,-94.2480556
2010-12,,35.3733333,-119.0177778
2010-12,,34.7302778,-86.5861111
2010-12,,30.3797222,-86.3302778
2010-12,,29.9688889,-95.6969444
2010-12,disk,39.9936111,-105.0891667
2010-12,disk,47.751074,-120.740139
2010-12,disk,37.2708333,-79.9416667
2010-12,changing,30.409204,-81.427383
2010-12,changing,29.3011111,-94.7975000
2010-12,changing,38.6272222,-90.1977778
2010-12,changing,29.7630556,-95.3630556
2010-12,changing,33.8302778,-116.5444444
2010-12,sphere,41.8994444,-87.9402778
2010-12,sphere,40.5583333,-85.6591667
2010-12,sphere,47.8108333,-122.3761111
2010-12,sphere,30.1577778,-95.4891667
2010-12,sphere,34.182578,-118.439676
2010-12,sphere,37.9513889,-91.7711111
2010-12,rectangle,41.4138889,-73.3038889
2010-12,chevron,28.0833333,-80.6083333
2010-12,diamond,36.1750000,-115.1363889
2010-12,teardrop,29.1869444,-82.1402778
2011-01,light,52.95,.5
2011-01,light,33.5386111,-112.1852778
2011-01,light,36.5244444,-91.5380556
2011-01,light,40.21596,-75.67899
2011-01,light,34.2694444,-118.7805556
2011-01,light,40.3769444,-111.7950000
2011-01,light,42.9361111,-114.4050000
2011-01,light,40.3916667,-111.8500000
2011-01,light,27.8002778,-97.3961111
2011-01,light,45.6016667,-107.4605556
2011-01,light,39.9522222,-75.1641667
2011-01,light,44.9583333,-124.0166667
2011-01,light,41.7000000,-71.4166667
2011-01,circle,39.9547222,-82.8122222
2011-01,circle,33.5091667,-111.8983333
2011-01,circle,33.3527778,-111.7883333
2011-01,circle,30.2888889,-91.2341667
2011-01,circle,28.5491667,-81.7730556
2011-01,circle,43.542778,-70.579444
2011-01,formation,-37.813938,144.963425
2011-01,flash,47.4830556,-122.2158333
2011-01,flash,38.8575000,-76.8897222
2011-01,triangle,44.9430556,-123.0338889
2011-01,triangle,53.1,9.15
2011-01,triangle,43.3380556,-89.3802778
2011-01,triangle,41.6611111,-91.5300000
2011-01,triangle,26.4611111,-80.0730556
2011-01,triangle,27.9472222,-82.4586111
2011-01,triangle,48.8466667,-122.5897222
2011-01,triangle,34.028623,-117.810337
2011-01,triangle,42.1500000,-71.7633333
2011-01,triangle,33.9533333,-117.3952778
2011-01,triangle,37.7750000,-122.4183333
2011-01,triangle,38.6772222,-87.5286111
2011-01,cigar,41.1013889,-81.4419444
2011-01,oval,26.3013889,-98.1630556
2011-01,oval,39.4050000,-114.7777778
2011-01,oval,50.7,-119.283333
2011-01,oval,32.7252778,-114.6236111
2011-01,oval,39.2805556,-80.3447222
2011-01,oval,32.97512,-96.332482
2011-01,fireball,37.3394444,-121.8938889
2011-01,fireball,33.5538889,-117.2130556
2011-01,fireball,35.0525000,-83.1969444
2011-01,fireball,33.7283333,-117.1455556
2011-01,fireball,44.5647222,-123.2608333
2011-01,fireball,35.7233333,-79.4625000
2011-01,fireball,38.7511111,-105.5208333
2011-01,fireball,33.5988889,-117.2791667
2011-01,fireball,41.8569444,-93.9216667
2011-01,fireball,41.7108333,-87.7580556
2011-01,fireball,33.4936111,-117.1475000
2011-01,fireball,34.9386111,-82.2272222
2011-01,fireball,41.6744444,-72.8586111
2011-01,cylinder,27.46449,-82.672548
2011-01,cylinder,36.0525000,-95.7905556
2011-01,,25.4683333,-80.4777778
2011-01,,51.633333,-3.966667
2011-01,,27.3361111,-82.5308333
2011-01,,42.3758333,-82.9375000
2011-01,,25.7738889,-80.1938889
2011-01,,41.480599,-86.691686
2011-01,,42.888614,-78.872212
2011-01,,37.584154,-76.178374
2011-01,,29.7855556,-95.8241667
2011-01,,34.8555556,-86.7508333
2011-01,,37.6805556,-92.6636111
2011-01,,42.888614,-78.872212
2011-01,,14.083333,-87.216667
2011-01,,41.447569,-71.524667
2011-01,disk,38.6402778,-92.1222222
2011-01,egg,13.728,-60.954
2011-01,egg,33.3941667,-104.5225000
2011-01,changing,-33.833333,151.083333
2011-01,sphere,29.7855556,-95.8241667
2011-01,sphere,45.3283333,-121.9597222
2011-01,sphere,46.6633333,-123.8033333
2011-01,sphere,36.9822222,-76.6313889
2011-01,sphere,42.8666667,-106.3125000
2011-01,sphere,35.9605556,-83.9208333
2011-01,rectangle,34.0658333,-84.6769444
2011-01,diamond,35.4700000,-95.5227778
2011-02,light,25.7738889,-80.1938889
2011-02,light,39.0086111,-94.4633333
2011-02,light,40.8486111,-111.9061111
2011-02,light,42.8613889,-105.8716667
2011-02,light,47.9791667,-122.2008333
2011-02,light,36.6177778,-121.9155556
2011-02,light,29.3011111,-94.7975000
2011-02,light,51.083333,-114.083333
2011-02,light,39.7391667,-104.9841667
2011-02,light,44.427963,-110.588455
2011-02,light,40.5866667,-122.3905556
2011-02,light,45.777383,-111.160372
2011-02,light,47.2530556,-122.4430556
2011-02,light,38.4808333,-76.7783333
2011-02,light,36.322012,-114.945645
2011-02,light,33.8936111,-117.7263889
2011-02,light,33.3316667,-105.6725000
2011-02,light,36.7758333,-121.6686111
2011-02,light,32.755965,-88.028907
2011-02,light,47.9130556,-122.0969444
2011-02,light,51.133333,-.983333
2011-02,light,36.7477778,-119.7713889
2011-02,light,36.4072222,-105.5725000
2011-02,circle,55.651123,12.194711
2011-02,circle,33.7877778,-117.8522222
2011-02,circle,30.4380556,-84.2808333
2011-02,circle,42.2830556,-87.9530556
2011-02,formation,33.7444444,-113.7513889
2011-02,formation,34.7394444,-114.2675000
2011-02,formation,33.0144444,-97.0966667
2011-02,flash,36.8252778,-119.7019444
2011-02,triangle,43.0388889,-87.9063889
2011-02,cigar,36.1344444,-80.6597222
2011-02,cigar,40.0180556,-80.7344444
2011-02,oval,41.8977778,-87.8138889
2011-02,oval,30.5080556,-97.6786111
2011-02,fireball,34.1083333,-117.2888889
2011-02,cylinder,37.8044444,-122.2697222
2011-02,,27.9655556,-82.8002778
2011-02,,34.7538889,-77.4305556
2011-02,,25.7738889,-80.1938889
2011-02,,53.333333,-110.333333
2011-02,,39.1730556,-77.2719444
2011-02,,42.0983333,-76.0497222
2011-02,,32.3511111,-95.3008333
2011-02,,34.6100000,-112.3150000
2011-02,,37.3838889,-93.1511111
2011-02,,33.325,44.422
2011-02,,39.1072222,-76.5713889
2011-02,,32.2216667,-110.9258333
2011-02,,45.5236111,-122.6750000
2011-02,,43.9947222,-71.0613889
2011-02,disk,33.3527778,-111.7883333
2011-02,disk,33.7205556,-116.2147222
2011-02,egg,44.0216667,-92.4697222
2011-02,sphere,33.6602778,-117.9983333
2011-02,sphere,30.5080556,-97.6786111
2011-02,sphere,32.7152778,-117.1563889
2011-02,sphere,35.6266667,-120.6900000
2011-02,teardrop,41.7850000,-73.6944444
2011-02,teardrop,40.1522222,-75.2666667
2011-02,teardrop,30.2383333,-90.9200000
2011-03,light,32.4366667,-111.2247222
2011-03,light,33.3427778,-118.3269444
2011-03,light,39.603333,-74.677778
2011-03,light,41.6005556,-93.6088889
2011-03,light,34.4463889,-82.3916667
2011-03,light,35.7719444,-78.6388889
2011-03,light,38.2541667,-85.7594444
2011-03,light,42.3472222,-89.0388889
2011-03,light,33.8941667,-78.4269444
2011-03,light,39.41955,-76.780253
2011-03,light,39.6977778,-76.0630556
2011-03,light,30.0969444,-95.6158333
2011-03,light,39.9936111,-105.0891667
2011-03,light,41.584444,-71.921111
2011-03,light,35.759573,-79.0193
2011-03,circle,34.1063889,-117.5922222
2011-03,circle,33.4933333,-112.3572222
2011-03,circle,34.9202778,-82.2963889
2011-03,circle,46.6022222,-120.5047222
2011-03,circle,40.0930556,-83.0180556
2011-03,formation,45.5236111,-122.6750000
2011-03,formation,41.4372222,-71.5019444
2011-03,flash,39.6066667,-75.8336111
2011-03,triangle,35.2783333,-93.1336111
2011-03,triangle,41.4527778,-82.1825000
2011-03,triangle,34.8697222,-111.7602778
2011-03,triangle,52.416667,-1.55
2011-03,triangle,41.3500000,-72.0788889
2011-03,triangle,43.7730556,-88.4469444
2011-03,triangle,47.4736111,-94.8800000
2011-03,triangle,29.9675000,-98.9047222
2011-03,cigar,41.8500000,-87.6500000
2011-03,cigar,41.7108333,-87.7580556
2011-03,oval,36.9741667,-122.0297222
2011-03,oval,33.1958333,-117.3786111
2011-03,oval,36.306059,-109.220773
2011-03,oval,26.0108333,-80.1497222
2011-03,oval,33.2000000,-117.2416667
2011-03,fireball,41.8011111,-88.0747222
2011-03,fireball,18.3419,-64.930701
2011-03,cylinder,38.580461,-121.530234
2011-03,,33.7488889,-84.3880556
2011-03,,32.5175000,-96.8041667
2011-03,,37.3394444,-121.8938889
2011-03,,33.4483333,-112.0733333
2011-03,,45.583333,-72
2011-03,,42.5294444,-83.7802778
2011-03,,42.572721,-72.155974
2011-03,,32.4580556,-83.7316667
2011-03,,39.391111,-74.593889
2011-03,,39.2930556,-83.9888889
2011-03,,49.883333,-97.166667
2011-03,disk,35.3272222,-96.9250000
2011-03,disk,47.6063889,-122.3308333
2011-03,disk,34.8638889,-84.3241667
2011-03,disk,39.5897222,-120.3663889
2011-03,disk,30.7155556,-86.7458333
2011-03,disk,40.4841667,-88.9936111
2011-03,disk,38.6402778,-92.1222222
2011-03,disk,26.1416667,-81.7950000
2011-03,changing,32.7558333,-111.6702778
2011-03,changing,26.6155556,-80.0572222
2011-03,changing,1.530976,110.34422
2011-03,sphere,32.7252778,-97.3205556
2011-03,sphere,33.3941667,-110.7858333
2011-03,sphere,41.5894444,-88.0577778
2011-03,sphere,53.296374,-3.72542
2011-03,sphere,40.738658,-85.171637
2011-03,sphere,32.7558333,-111.6702778
2011-03,sphere,41.4458333,-74.4233333
2011-03,rectangle,43.057888,-80.999479
2011-03,diamond,34.5400000,-112.4677778
2011-03,diamond,34.5325000,-83.9850000
2011-03,diamond,37.0058333,-121.5672222
2011-03,teardrop,36.204824,138.252924
2011-03,cone,32.8808333,-97.1547222
2011-04,light,48.2325000,-101.2958333
2011-04,light,40.5983333,-124.1561111
2011-04,light,37.3394444,-121.8938889
2011-04,light,40.8488889,-73.6452778
2011-04,light,34.8697222,-111.7602778
2011-04,light,42.1427778,-77.0550000
2011-04,light,41.1400000,-104.8197222
2011-04,light,37.9577778,-121.2897222
2011-04,light,39.7475000,-122.1952778
2011-04,light,35.8455556,-86.3902778
2011-04,light,38.8338889,-104.8208333
2011-04,light,38.8822222,-77.1713889
2011-04,light,44.5069444,-92.9052778
2011-04,light,33.9908333,-118.4591667
2011-04,light,42.2711111,-89.0938889
2011-04,circle,32.2047222,-95.8552778
2011-04,circle,40.5172222,-75.7777778
2011-04,circle,35.6216667,-86.5925000
2011-04,circle,42.8863889,-78.8786111
2011-04,circle,47.4236111,-120.3091667
2011-04,circle,38.6900000,-90.3425000
2011-04,circle,38.9783333,-76.4925000
2011-04,circle,35.3186111,-82.4611111
2011-04,circle,29.4238889,-98.4933333
2011-04,circle,40.6763889,-74.2911111
2011-04,formation,32.7152778,-117.1563889
2011-04,formation,42.3708333,-72.5986111
2011-04,triangle,34.2255556,-77.9450000
2011-04,triangle,34.8641667,-118.1625000
2011-04,triangle,40.7141667,-74.0063889
2011-04,triangle,46.811434,1.686779
2011-04,triangle,39.391111,-74.593889
2011-04,cigar,41.6105556,-86.7225000
2011-04,oval,46.7566667,-88.4527778
2011-04,oval,34.1850000,-83.9252778
2011-04,oval,40.5727778,-81.0858333
2011-04,oval,34.4441667,-85.7197222
2011-04,oval,31.450463,-83.508497
2011-04,cylinder,41.68541,-88.109612
2011-04,cylinder,53.8,-1.583333
2011-04,,33.4708333,-81.9750000
2011-04,,46.2511111,-119.9005556
2011-04,,42.5083333,-78.6675000
2011-04,,56.2,-3
2011-04,,33.9908333,-118.4591667
2011-04,,38.3566667,-121.9866667
2011-04,,47.6777778,-116.7794444
2011-04,,39.7391667,-104.9841667
2011-04,,38.4038889,-96.1813889
2011-04,,34.4838889,-114.3216667
2011-04,disk,33.5927778,-79.0088889
2011-04,disk,37.5536111,-77.4605556
2011-04,egg,37.6922222,-97.3372222
2011-04,changing,37.3394444,-121.8938889
2011-04,sphere,32.9536111,-96.8900000
2011-04,sphere,41.0533333,-73.5391667
2011-04,sphere,32.8472222,-117.2733333
2011-04,sphere,34.0900000,-117.8894444
2011-04,sphere,41.1997222,-90.7491667
2011-04,sphere,51.227741,6.773456
2011-04,rectangle,32.9311111,-96.4594444
2011-04,rectangle,42.3313889,-83.0458333
2011-04,rectangle,36.8525000,-121.4005556
2011-04,rectangle,47.6733333,-117.2383333
2011-04,diamond,46.6022222,-120.5047222
2011-04,diamond,36.8527778,-75.9783333
2011-04,cone,32.0833333,-81.1000000
2011-05,light,41.4902778,-72.2758333
2011-05,light,43.866667,-78.933333
2011-05,light,40.3977778,-105.0744444
2011-05,light,37.2202778,-77.2883333
2011-05,light,37.3394444,-121.8938889
2011-05,light,-30.701054,-52.106879
2011-05,light,37.9825000,-76.9616667
2011-05,light,41.7625000,-70.7222222
2011-05,light,45.3069444,-92.3619444
2011-05,light,51.85,-105.033333
2011-05,light,37.0833333,-88.6000000
2011-05,light,38.9258333,-79.8469444
2011-05,light,30.2669444,-97.7427778
2011-05,light,41.6361111,-70.9347222
2011-05,light,41.8458333,-70.9500000
2011-05,circle,41.6105556,-86.7225000
2011-05,circle,35.7719444,-78.6388889
2011-05,circle,42.3811111,-88.1397222
2011-05,circle,45.416667,-75.7
2011-05,circle,32.0853,34.781768
2011-05,circle,30.2669444,-97.7427778
2011-05,circle,42.3222222,-83.1763889
2011-05,circle,43.1497222,-97.7172222
2011-05,circle,40.8894444,-111.8800000
2011-05,formation,43.666667,-79.416667
2011-05,formation,43.0608333,-88.4036111
2011-05,formation,32.7252778,-97.3205556
2011-05,formation,29.5605556,-104.3716667
2011-05,flash,38.9458333,-105.2888889
2011-05,flash,42.4400000,-85.6488889
2011-05,triangle,38.3500000,-104.7222222
2011-05,triangle,35.0844444,-106.6505556
2011-05,triangle,45.4,-71.9
2011-05,triangle,42.6038889,-90.7844444
2011-05,triangle,34.7302778,-86.5861111
2011-05,triangle,42.6827778,-89.0186111
2011-05,triangle,42.372541,21.147384
2011-05,triangle,65.584819,22.156703
2011-05,triangle,47.4066667,-122.0375000
2011-05,triangle,34.0194444,-118.4902778
2011-05,triangle,43.5408333,-116.5625000
2011-05,triangle,35.0525000,-78.8786111
2011-05,triangle,41.2058333,-76.0663889
2011-05,triangle,37.7250000,-122.1550000
2011-05,triangle,43.1547222,-77.6158333
2011-05,triangle,30.4380556,-84.2808333
2011-05,triangle,42.3211111,-85.1797222
2011-05,cigar,25.7738889,-80.1938889
2011-05,cigar,32.2216667,-110.9258333
2011-05,cigar,39.6477778,-104.9872222
2011-05,oval,42.4391667,-123.3272222
2011-05,oval,33.4483333,-112.0733333
2011-05,oval,27.273049,-80.358226
2011-05,oval,40.1527778,-76.6030556
2011-05,fireball,40.5141667,-112.0322222
2011-05,fireball,46.4166667,-117.0166667
2011-05,fireball,37.3872222,-92.8325000
2011-05,fireball,41.6986111,-88.0683333
2011-05,fireball,33.0183333,-80.1758333
2011-05,fireball,42.8247222,-83.2647222
2011-05,fireball,32.5005556,-94.7402778
2011-05,fireball,37.1041667,-113.5833333
2011-05,,38.51529,-84.709841
2011-05,,33.2197222,-82.7033333
2011-05,,39.2650000,-123.5900000
2011-05,,47.5708333,-122.2208333
2011-05,,32.7152778,-117.1563889
2011-05,,39.7530556,-74.2233333
2011-05,,39.9880556,-81.1766667
2011-05,,37.168591,-113.679406
2011-05,,47.4811111,-118.2533333
2011-05,,38.5816667,-121.4933333
2011-05,,43.6136111,-116.2025000
2011-05,,35.0844444,-106.6505556
2011-05,,41.5769444,-73.4088889
2011-05,,35.6144444,-88.8138889
2011-05,disk,38.910841,-94.382172
2011-05,disk,37.0841667,-94.5130556
2011-05,changing,40.7141667,-74.0063889
2011-05,sphere,37.3394444,-121.8938889
2011-05,sphere,36.9250000,-84.5208333
2011-05,sphere,41.6033333,-98.9258333
2011-05,sphere,40.1786111,-122.2347222
2011-05,rectangle,32.9311111,-96.4594444
2011-05,rectangle,34.0975000,-117.6475000
2011-05,rectangle,42.1816667,-87.8002778
2011-05,diamond,37.2255556,-107.5975000
2011-05,diamond,47.0380556,-122.8994444
2011-05,cone,36.7569444,-90.3927778
2011-05,cone,41.2505556,-87.8313889
2011-06,light,42.4222222,-88.6136111
2011-06,light,37.9747222,-87.5558333
2011-06,light,33.9133333,-78.3041667
2011-06,light,36.3302778,-119.2911111
2011-06,light,42.3583333,-71.0602778
2011-06,light,51.514125,-.093689
2011-06,light,40.3280556,-79.6155556
2011-06,light,35.651629,-80.301811
2011-06,light,35.3394444,-97.4863889
2011-06,light,41.5822222,-85.8344444
2011-06,light,42.5005556,-90.6644444
2011-06,light,39.2805556,-80.3447222
2011-06,light,35.2675000,-75.5427778
2011-06,light,41.7636111,-72.6855556
2011-06,light,33.9133333,-78.3041667
2011-06,light,47.6397222,-122.8272222
2011-06,light,42.8741667,-77.2883333
2011-06,light,33.8941667,-78.4269444
2011-06,light,44.0522222,-123.0855556
2011-06,light,31.0344444,-91.9755556
2011-06,light,29.9425000,-89.9633333
2011-06,light,42.0347222,-93.6197222
2011-06,light,35.696111,51.423056
2011-06,light,35.1144444,-75.9813889
2011-06,light,33.9163889,-78.1613889
2011-06,light,33.4666667,-79.1000000
2011-06,light,47.7375000,-120.3677778
2011-06,light,39.1072222,-76.5713889
2011-06,light,30.2238889,-92.0197222
2011-06,light,39.7683333,-86.1580556
2011-06,light,40.5852778,-105.0838889
2011-06,light,44.2113889,-114.9450000
2011-06,light,30.3877778,-96.0875000
2011-06,light,33.8941667,-78.4269444
2011-06,light,39.9777778,-105.1313889
2011-06,circle,40.3041667,-74.1008333
2011-06,circle,47.7086111,-91.9444444
2011-06,circle,41.7013889,-71.1555556
2011-06,circle,44.5366667,-122.9058333
2011-06,circle,-27.925507,26.81446
2011-06,circle,53.5,-2.216667
2011-06,circle,42.3266667,-122.8744444
2011-06,circle,47.8555556,-121.9697222
2011-06,circle,33.4666667,-79.1000000
2011-06,circle,39.8366667,-105.0366667
2011-06,circle,41.6116667,-93.8850000
2011-06,formation,43.8666667,-79.5
2011-06,formation,30.6322222,-87.0397222
2011-06,formation,38.7072222,-121.2800000
2011-06,flash,47.3225000,-122.3113889
2011-06,triangle,32.9480556,-96.7294444
2011-06,triangle,47.5963889,-120.6602778
2011-06,triangle,35.0525000,-78.8786111
2011-06,triangle,41.5047222,-73.9700000
2011-06,triangle,42.4772222,-88.0955556
2011-06,triangle,37.5900000,-86.5488889
2011-06,triangle,38.6272222,-90.1977778
2011-06,triangle,32.9477778,-112.7161111
2011-06,cigar,42.1291667,-80.0852778
2011-06,oval,39.7683333,-86.1580556
2011-06,oval,42.2411111,-88.3161111
2011-06,oval,40.7441667,-73.4825000
2011-06,oval,36.152638,-80.362275
2011-06,fireball,39.9777778,-105.1313889
2011-06,fireball,40.7141667,-74.0063889
2011-06,fireball,38.861159,-90.097607
2011-06,fireball,33.8158333,-78.6802778
2011-06,fireball,41.1669444,-74.0436111
2011-06,cylinder,30.4752778,-98.1561111
2011-06,,48.0152778,-122.0625000
2011-06,,33.4330556,-79.1216667
2011-06,,40.9113889,-73.7827778
2011-06,,43.9716667,-70.6097222
2011-06,,41.5275000,-74.2372222
2011-06,,42.2711111,-89.0938889
2011-06,,42.8666667,-88.3333333
2011-06,,42.525059,-83.051526
2011-06,,40.6872222,-80.2716667
2011-06,,33.0916667,-97.0463889
2011-06,,40.0516667,-84.3444444
2011-06,,37.3433333,-85.3419444
2011-06,,47.3075000,-122.2272222
2011-06,,40.7691667,-73.1155556
2011-06,,40.1719444,-84.9813889
2011-06,,45.5236111,-122.6750000
2011-06,disk,34.2694444,-118.7805556
2011-06,disk,37.2752778,-107.8794444
2011-06,disk,38.1502778,-92.6177778
2011-06,disk,44.5191667,-88.0197222
2011-06,changing,30.6325000,-97.6769444
2011-06,changing,41.7141667,-72.6530556
2011-06,changing,28.5650000,-81.5863889
2011-06,changing,39.4494444,-75.7166667
2011-06,changing,37.4791667,-82.5188889
2011-06,changing,43.22085,-88.343362
2011-06,sphere,41.611143,-86.722719
2011-06,sphere,48.2933333,-122.6419444
2011-06,sphere,53.3,-3.75
2011-06,sphere,27.2541667,-80.2300000
2011-06,sphere,34.4838889,-114.3216667
2011-06,sphere,42.2175000,-78.2755556
2011-06,sphere,45.0941667,-93.3561111
2011-06,sphere,47.3144444,-116.5616667
2011-06,sphere,37.9886111,-84.4777778
2011-06,sphere,42.983333,-79.25
2011-06,sphere,38.0044444,-122.2977778
2011-06,sphere,34.235822,-118.484936
2011-06,sphere,35.1225000,-85.3438889
2011-06,sphere,29.8944444,-81.3147222
2011-06,rectangle,40.1791667,-75.1808333
2011-06,teardrop,36.0725000,-79.7922222
2011-06,teardrop,41.8500000,-87.6500000
2011-06,teardrop,39.9725000,-74.5833333
2011-06,teardrop,30.0266667,-95.8441667
2011-06,cone,35.51383,24.018037
2011-07,light,34.1891667,-86.9169444
2011-07,light,45.1402778,-89.1522222
2011-07,light,36.7477778,-119.7713889
2011-07,light,40.8000000,-96.6666667
2011-07,light,38.3605556,-81.7375000
2011-07,light,41.9902778,-70.9755556
2011-07,light,40.6866667,-73.3738889
2011-07,light,39.7908333,-77.1097222
2011-07,light,33.1958333,-80.0133333
2011-07,light,40.3477778,-79.8644444
2011-07,light,37.5566667,-120.9144444
2011-07,light,26.122439,-80.137317
2011-07,light,42.1538889,-88.1361111
2011-07,light,45.5236111,-122.6750000
2011-07,light,31.968599,-99.901813
2011-07,light,37.0841667,-94.5130556
2011-07,light,28.5380556,-81.3794444
2011-07,light,37.4136111,-79.1425000
2011-07,light,47.0980556,-122.2030556
2011-07,light,38.9822222,-94.6705556
2011-07,light,28.3858333,-80.7422222
2011-07,light,38.9330556,-104.6080556
2011-07,light,32.7444444,-117.2611111
2011-07,light,42.0333333,-71.2194444
2011-07,light,43.6227778,-87.7944444
2011-07,light,38.4783333,-82.6380556
2011-07,light,36.7402778,-119.2458333
2011-07,light,43.0247222,-83.0777778
2011-07,light,33.6058333,-78.9733333
2011-07,light,47.5288889,-121.8241667
2011-07,light,40.9175000,-96.5280556
2011-07,light,29.4238889,-98.4933333
2011-07,light,41.3405556,-87.6213889
2011-07,light,43.2966667,-87.9875000
2011-07,light,36.0997222,-80.2444444
2011-07,light,29.3777778,-95.1055556
2011-07,light,28.545193,-81.518766
2011-07,circle,32.4791667,-80.3350000
2011-07,circle,36.5816667,-86.5163889
2011-07,circle,35.139167,-78.999167
2011-07,circle,41.4197222,-75.6327778
2011-07,circle,38.2544444,-104.6086111
2011-07,circle,40.2691667,-79.8900000
2011-07,circle,44.3113889,-96.7980556
2011-07,circle,43.5977778,-84.7675000
2011-07,circle,37.9886111,-84.4777778
2011-07,circle,47.722025,-94.557161
2011-07,circle,47.8850000,-120.1572222
2011-07,circle,43.7666667,-103.5983333
2011-07,circle,41.6005556,-93.6088889
2011-07,circle,46.6763889,-92.1850000
2011-07,circle,28.1458333,-82.7569444
2011-07,circle,34.5008333,-117.1850000
2011-07,circle,43.1713889,-70.6094444
2011-07,circle,34.8697222,-111.7602778
2011-07,circle,41.6033333,-80.3055556
2011-07,circle,45.4944444,-122.8658333
2011-07,circle,33.179285,-117.023606
2011-07,circle,39.1072222,-76.5713889
2011-07,circle,36.5816667,-86.5163889
2011-07,circle,38.0500000,-85.5458333
2011-07,circle,43.681611,-80.027781
2011-07,circle,43.1008333,-75.2330556
2011-07,circle,33.6888889,-78.8869444
2011-07,formation,43.0388889,-87.9063889
2011-07,formation,41.5580556,-73.0519444
2011-07,flash,36.9086111,-116.7583333
2011-07,flash,29.6513889,-82.3250000
2011-07,flash,42.3761111,-122.9152778
2011-07,triangle,29.2855556,-81.0561111
2011-07,triangle,27.9472222,-82.4586111
2011-07,triangle,37.1925000,-86.2677778
2011-07,triangle,43.2680556,-82.5308333
2011-07,triangle,34.1975000,-119.1761111
2011-07,triangle,33.7488889,-84.3880556
2011-07,triangle,35.5277778,-82.9597222
2011-07,triangle,28.0391667,-81.9500000
2011-07,triangle,30.2669444,-97.7427778
2011-07,triangle,34.8333333,-81.9922222
2011-07,triangle,41.2619444,-95.8608333
2011-07,triangle,41.6088889,-73.6822222
2011-07,triangle,36.7477778,-119.7713889
2011-07,triangle,43.6275000,-89.7708333
2011-07,triangle,46.4166667,-117.0166667
2011-07,triangle,42.3211111,-85.1797222
2011-07,triangle,39.7391667,-104.9841667
2011-07,triangle,43.681611,-80.027781
2011-07,triangle,36.382885,-84.119947
2011-07,cigar,35.1494444,-90.0488889
2011-07,cigar,35.1494444,-90.0488889
2011-07,cigar,41.8500000,-87.6500000
2011-07,cigar,38.1141667,-82.6033333
2011-07,oval,42.7177778,-73.8338889
2011-07,oval,47.6063889,-122.3308333
2011-07,oval,39.5236111,-87.1250000
2011-07,oval,42.5936111,-83.5994444
2011-07,oval,42.1236111,-72.4319444
2011-07,oval,48.2325000,-101.2958333
2011-07,oval,46.1469444,-122.9072222
2011-07,oval,26.11184,-97.168126
2011-07,oval,40.0638889,-80.7211111
2011-07,oval,44.6402778,-93.1433333
2011-07,oval,48.7438889,-113.4286111
2011-07,fireball,36.003916,-86.806797
2011-07,fireball,45.5061111,-91.7380556
2011-07,fireball,38.7838889,-90.4811111
2011-07,fireball,44.5236111,-89.5744444
2011-07,fireball,41.6269444,-88.2038889
2011-07,fireball,42.9005556,-78.6705556
2011-07,fireball,42.5636111,-84.8358333
2011-07,fireball,42.3441667,-79.3097222
2011-07,fireball,39.0638889,-108.5500000
2011-07,fireball,50.25,-99.833333
2011-07,fireball,43.5944444,-83.8888889
2011-07,fireball,36.0330556,-86.7827778
2011-07,fireball,42.2702778,-77.6061111
2011-07,fireball,35.9986111,-96.1138889
2011-07,fireball,38.8113889,-89.9530556
2011-07,fireball,33.74752,-116.971968
2011-07,fireball,32.7866667,-79.7950000
2011-07,fireball,33.7475000,-116.9711111
2011-07,fireball,40.7280556,-74.0780556
2011-07,fireball,47.1041667,-122.4333333
2011-07,fireball,39.6136111,-86.1066667
2011-07,fireball,41.4225000,-87.9858333
2011-07,fireball,39.9658333,-74.8055556
2011-07,fireball,41.6716667,-72.9497222
2011-07,fireball,40.8694444,-84.5841667
2011-07,fireball,42.3683333,-83.3527778
2011-07,fireball,34.7863889,-76.8594444
2011-07,fireball,35.9130556,-79.0561111
2011-07,fireball,39.7686111,-94.8463889
2011-07,fireball,38.7627778,-93.7358333
2011-07,fireball,45.7833333,-108.5000000
2011-07,fireball,33.2033333,-86.8616667
2011-07,fireball,33.5458333,-82.3161111
2011-07,fireball,32.8572222,-116.9213889
2011-07,fireball,43.8844444,-91.2350000
2011-07,fireball,41.948056,-71.648611
2011-07,fireball,42.6338889,-73.5541667
2011-07,fireball,37.9513889,-91.7711111
2011-07,fireball,35.3858333,-94.3983333
2011-07,cylinder,26.3583333,-80.0833333
2011-07,cylinder,36.5788889,-94.9708333
2011-07,,25.7738889,-80.1938889
2011-07,,41.4138889,-73.3038889
2011-07,,42.2222222,-71.0000000
2011-07,,-25.274398,133.775136
2011-07,,42.5547222,-88.1108333
2011-07,,35.7719444,-78.6388889
2011-07,,30.3672222,-89.0927778
2011-07,,40.376177,-104.721973
2011-07,,35.1494444,-90.0488889
2011-07,,42.8947222,-70.8716667
2011-07,,46.0038889,-112.5338889
2011-07,,45.6388889,-122.6602778
2011-07,,27.1958333,-82.4905556
2011-07,,42.2941667,-83.3100000
2011-07,,39.8855556,-104.9866667
2011-07,,41.5380556,-72.8075000
2011-07,,35.7436111,-79.6925000
2011-07,,38.5969444,-90.5091667
2011-07,disk,44.144882,-71.368141
2011-07,disk,36.0997222,-80.2444444
2011-07,disk,59.913869,10.752245
2011-07,disk,33.7222222,-116.3736111
2011-07,disk,29.6897222,-95.8994444
2011-07,disk,39.3458333,-84.5605556
2011-07,disk,39.6477778,-104.9872222
2011-07,disk,34.1808333,-118.3080556
2011-07,disk,46.405029,-79.46609
2011-07,disk,46.405029,-79.46609
2011-07,disk,59.913869,10.752245
2011-07,disk,37.2622222,-119.7000000
2011-07,disk,48.0905556,-105.6400000
2011-07,egg,39.7136111,-82.5994444
2011-07,changing,40.265368,-76.708303
2011-07,changing,37.8136111,-88.4380556
2011-07,changing,41.7966667,-85.0052778
2011-07,changing,40.1738889,-80.2463889
2011-07,changing,39.1530556,-77.0672222
2011-07,sphere,42.4091667,-82.8919444
2011-07,sphere,37.1794444,-85.9069444
2011-07,sphere,34.3111111,-99.8969444
2011-07,sphere,42.5608333,-77.6963889
2011-07,sphere,31.952856,-102.171694
2011-07,sphere,41.6469444,-73.5686111
2011-07,sphere,47.6063889,-122.3308333
2011-07,sphere,44.1102778,-70.6797222
2011-07,sphere,33.8186111,-84.5825000
2011-07,sphere,43.1063889,-76.2180556
2011-07,sphere,42.3313889,-83.0458333
2011-07,sphere,33.8186111,-84.5825000
2011-07,sphere,36.888847,-85.049325
2011-07,sphere,28.5491667,-81.7730556
2011-07,sphere,47.2358333,-122.5491667
2011-07,sphere,41.1702778,-76.8772222
2011-07,sphere,38.5394444,-75.0555556
2011-07,sphere,42.3313889,-83.0458333
2011-07,sphere,42.3313889,-83.0458333
2011-07,sphere,33.8186111,-84.5825000
2011-07,rectangle,45.942852,-121.896226
2011-07,rectangle,28.4366667,-99.2347222
2011-07,diamond,41.7680556,-88.8769444
2011-07,cone,38.9958333,-88.9527778
2011-08,light,40.0444444,-111.7313889
2011-08,light,46.7216667,-92.4591667
2011-08,light,43.0255556,-74.9863889
2011-08,light,38.3030556,-77.4608333
2011-08,light,36.9786111,-76.4283333
2011-08,light,40.4591667,-90.6716667
2011-08,light,34.5827778,-117.4083333
2011-08,light,47.3075000,-122.2272222
2011-08,light,40.2338889,-111.6577778
2011-08,light,45.410785,-73.681487
2011-08,light,47.7180556,-116.9505556
2011-08,light,43.1705556,-78.6905556
2011-08,light,44.5469444,-69.6216667
2011-08,light,43.6136111,-116.2025000
2011-08,light,46.8772222,-96.7894444
2011-08,light,41.5950000,-72.6458333
2011-08,light,45.4944444,-122.8658333
2011-08,light,45.4463889,-122.6380556
2011-08,light,34.8027778,-86.9716667
2011-08,light,44.0216667,-92.4697222
2011-08,light,32.580541,-82.312932
2011-08,light,48.8855556,-118.5983333
2011-08,light,41.5950000,-72.6458333
2011-08,light,46.6022222,-120.5047222
2011-08,light,40.057838,-74.137183
2011-08,light,44.0583333,-121.3141667
2011-08,light,25.7902778,-80.1302778
2011-08,light,40.2680556,-96.7466667
2011-08,light,48.0797222,-123.1005556
2011-08,light,49.9,-119.483333
2011-08,light,48.0841667,-121.9675000
2011-08,light,47.610377,-122.200679
2011-08,light,39.8083333,-104.9333333
2011-08,light,42.3266667,-122.8744444
2011-08,light,45.0700000,-85.2644444
2011-08,light,43.021628,-78.96573
2011-08,light,46.8711111,-89.3138889
2011-08,light,47.0980556,-122.2030556
2011-08,circle,40.5852778,-105.0838889
2011-08,circle,36.8527778,-75.9783333
2011-08,circle,38.2494444,-122.0388889
2011-08,circle,41.1688889,-82.2180556
2011-08,circle,47.1855556,-122.2916667
2011-08,circle,41.4191667,-83.7408333
2011-08,circle,26.1416667,-81.7950000
2011-08,circle,30.5080556,-97.6786111
2011-08,circle,40.057838,-74.137183
2011-08,circle,36.0988889,-78.3013889
2011-08,circle,40.3719444,-75.2930556
2011-08,circle,41.1400000,-104.8197222
2011-08,formation,45.7811111,-122.5322222
2011-08,formation,37.9319444,-121.6947222
2011-08,formation,47.2530556,-122.4430556
2011-08,formation,39.1141667,-94.6272222
2011-08,flash,29.7630556,-95.3630556
2011-08,flash,47.0027778,-108.3513889
2011-08,triangle,39.4830556,-88.3727778
2011-08,triangle,43.8730556,-111.1838889
2011-08,triangle,36.8588889,-120.4550000
2011-08,triangle,42.8780556,-73.1972222
2011-08,triangle,32.7833333,-96.8000000
2011-08,triangle,39.0086111,-94.4633333
2011-08,triangle,44.7480556,-72.1766667
2011-08,triangle,40.1316667,-75.4600000
2011-08,triangle,-33.90428,18.43006
2011-08,oval,39.80832,-104.933868
2011-08,oval,42.4605556,-83.6516667
2011-08,oval,34.6100000,-112.3150000
2011-08,fireball,29.5847222,-81.2080556
2011-08,fireball,30.3341667,-81.3988889
2011-08,fireball,40.4075000,-82.3269444
2011-08,fireball,39.9611111,-82.9988889
2011-08,fireball,44.7750000,-117.8333333
2011-08,fireball,43.566667,-81.7
2011-08,fireball,25.8572222,-80.2783333
2011-08,fireball,47.1302778,-119.2769444
2011-08,fireball,35.7972222,-84.2561111
2011-08,fireball,34.0105556,-95.5094444
2011-08,fireball,39.8397222,-74.1905556
2011-08,fireball,36.4702778,-86.6513889
2011-08,fireball,10.616667,-61.266667
2011-08,fireball,28.5380556,-81.3794444
2011-08,fireball,33.8675000,-117.9972222
2011-08,fireball,40.7438889,-73.0350000
2011-08,fireball,43.0202778,-78.8805556
2011-08,fireball,42.1394444,-83.1783333
2011-08,fireball,28.3644444,-82.1961111
2011-08,fireball,42.2119444,-88.2380556
2011-08,fireball,42.765189,-76.872096
2011-08,cylinder,47.5963889,-120.6602778
2011-08,cylinder,32.5630556,-97.1413889
2011-08,,32.8405556,-83.6325000
2011-08,,26.6250000,-81.6250000
2011-08,,41.8500000,-87.6500000
2011-08,,37.0902778,-98.3980556
2011-08,,37.7741667,-87.1133333
2011-08,,38.0683333,-78.8897222
2011-08,,32.1630556,-91.7205556
2011-08,,21.3155556,-158.0072222
2011-08,,42.207039,-71.685624
2011-08,,27.8950000,-81.9736111
2011-08,,43.0125000,-89.2897222
2011-08,,32.8350000,-116.7655556
2011-08,,42.7069444,-71.1636111
2011-08,,40.789142,-73.13496
2011-08,,46.803283,-71.242796
2011-08,,42.480139,-78.278285
2011-08,,36.5858333,-79.3952778
2011-08,,39.0997222,-94.5783333
2011-08,,40.8666667,-124.0816667
2011-08,disk,35.0525000,-78.8786111
2011-08,disk,39.8966667,-79.9747222
2011-08,disk,43.8736111,-116.4983333
2011-08,disk,34.135558,-116.054169
2011-08,disk,34.2819444,-118.4380556
2011-08,changing,41.8794444,-87.8136111
2011-08,sphere,38.4047222,-82.6005556
2011-08,sphere,44.6,-80.583333
2011-08,sphere,34.2669444,-118.3013889
2011-08,sphere,39.0169444,-94.2813889
2011-08,sphere,-29.958676,-71.249188
2011-08,sphere,43.449595,-119.137716
2011-08,sphere,35.111906,-83.099635
2011-08,sphere,30.3580556,-90.0655556
2011-08,sphere,38.8905556,-90.1841667
2011-08,rectangle,45.8197222,-91.0116667
2011-08,chevron,33.7900000,-118.2969444
2011-08,diamond,36.5091667,-86.8850000
2011-08,cross,35.7719444,-78.6388889
2011-08,teardrop,35.6008333,-82.5541667
2011-08,teardrop,51.514125,-.093689
2011-08,cone,33.7669444,-118.1883333
2011-09,light,33.1191667,-117.0855556
2011-09,light,41.3950000,-82.5552778
2011-09,light,37.7691667,-90.6247222
2011-09,light,33.426973,-117.611992
2011-09,light,41.5261111,-87.8891667
2011-09,light,41.8666667,-103.6666667
2011-09,light,33.1811111,-102.2738889
2011-09,light,40.5416667,-79.7994444
2011-09,light,35.1494444,-90.0488889
2011-09,light,33.3061111,-111.8405556
2011-09,light,47.4475000,-122.4586111
2011-09,light,41.4088889,-75.6627778
2011-09,light,40.0377778,-76.3058333
2011-09,light,47.1302778,-119.2769444
2011-09,light,33.3941667,-104.5225000
2011-09,light,36.1750000,-115.1363889
2011-09,light,44.0522222,-123.0855556
2011-09,light,38.9716667,-95.2350000
2011-09,light,41.1536111,-81.3580556
2011-09,light,34.1397222,-118.0344444
2011-09,light,35.3858333,-94.3983333
2011-09,light,42.2711111,-89.0938889
2011-09,light,42.670782,-83.032993
2011-09,light,34.4208333,-119.6972222
2011-09,light,41.7000000,-71.4166667
2011-09,light,39.0347222,-87.1658333
2011-09,circle,45.2216667,-122.5808333
2011-09,circle,31.1480556,-97.4630556
2011-09,circle,38.5200000,-89.9838889
2011-09,circle,47.5930556,-93.6905556
2011-09,circle,42.3761111,-85.4550000
2011-09,circle,31.1502778,-81.3697222
2011-09,circle,41.3647222,-87.4411111
2011-09,circle,37.6688889,-122.0797222
2011-09,circle,29.8944444,-81.3147222
2011-09,circle,45.6388889,-122.6602778
2011-09,circle,25.7738889,-80.1938889
2011-09,circle,38.6635000,-90.8184000
2011-09,circle,48.874927,2.745977
2011-09,circle,40.4533333,-111.7772222
2011-09,formation,38.1886111,-80.0163889
2011-09,formation,53.516667,-113.316667
2011-09,formation,34.1808333,-118.3080556
2011-09,formation,40.0891667,-75.3963889
2011-09,formation,44.6497222,-93.2425000
2011-09,flash,42.1486111,-72.6083333
2011-09,flash,39.2088889,-76.0669444
2011-09,flash,22.1452778,-159.3155556
2011-09,flash,37.0561111,-85.0886111
2011-09,triangle,35.022485,-114.58927
2011-09,triangle,29.4238889,-98.4933333
2011-09,triangle,48.415833,-101.358056
2011-09,triangle,38.9988889,-84.6266667
2011-09,triangle,43.6522222,-94.7266667
2011-09,triangle,42.1925000,-76.0613889
2011-09,triangle,32.0038889,-106.6052778
2011-09,triangle,33.8352778,-117.9136111
2011-09,triangle,31.3111111,-92.4450000
2011-09,cigar,39.7683333,-86.1580556
2011-09,cigar,46.7163889,-122.9530556
2011-09,oval,34.2255556,-77.9450000
2011-09,oval,34.8697222,-111.7602778
2011-09,oval,43.2669444,-73.5850000
2011-09,oval,48.6011111,-93.4108333
2011-09,oval,33.3400000,-86.6302778
2011-09,fireball,36.380288,-75.830778
2011-09,fireball,40.3611111,-83.7597222
2011-09,fireball,40.9008333,-80.8569444
2011-09,fireball,45.465509,-121.915016
2011-09,fireball,35.584324,-78.800013
2011-09,fireball,46.083333,-64.766667
2011-09,fireball,45.5947222,-121.1775000
2011-09,fireball,42.2141667,-83.1500000
2011-09,fireball,36.3727778,-94.2086111
2011-09,fireball,14.535427,121.060073
2011-09,fireball,36.0397222,-114.9811111
2011-09,fireball,40.579532,-74.150201
2011-09,fireball,42.3261111,-88.1677778
2011-09,fireball,44.6497222,-93.2425000
2011-09,cylinder,44.4591667,-69.6780556
2011-09,cylinder,41.0358333,-71.9550000
2011-09,cylinder,45.4563889,-123.8427778
2011-09,,32.9536111,-96.8900000
2011-09,,39.4463889,-89.7808333
2011-09,,44.3113889,-124.1036111
2011-09,,33.816006,-78.680016
2011-09,,25.7738889,-80.1938889
2011-09,,44.7677778,-93.2775000
2011-09,,36.5944444,-94.3838889
2011-09,,44.0583333,-121.3141667
2011-09,,25.7738889,-80.1938889
2011-09,,39.9611111,-82.9988889
2011-09,,49.166667,-121.95
2011-09,,41.6005556,-93.6088889
2011-09,,42.586888,-82.919551
2011-09,,31.1238889,-97.9027778
2011-09,,38.9697222,-76.8802778
2011-09,,37.714177,24.057663
2011-09,,28.3244444,-82.3372222
2011-09,,41.5119444,-82.9377778
2011-09,,36.0397222,-114.9811111
2011-09,,43.0388889,-87.9063889
2011-09,,33.1283333,-107.2522222
2011-09,disk,48.0969444,-122.6938889
2011-09,disk,34.4480556,-119.2419444
2011-09,disk,35.2144444,-90.1963889
2011-09,disk,39.8494444,-75.3561111
2011-09,disk,40.5069444,-111.4125000
2011-09,egg,43.8122222,-71.0361111
2011-09,changing,39.6236111,-89.6488889
2011-09,changing,40.1572222,-76.3072222
2011-09,changing,39.5186111,-104.7608333
2011-09,sphere,46.3141667,-114.1119444
2011-09,sphere,34.0788889,-87.2122222
2011-09,sphere,44.8408333,-93.2980556
2011-09,sphere,38.9516667,-92.3338889
2011-09,sphere,29.5072222,-95.0947222
2011-09,sphere,40.4233333,-104.7086111
2011-09,sphere,40.6283333,-76.3875000
2011-09,sphere,45.733338,-84.690825
2011-09,sphere,43.666667,-79.416667
2011-09,sphere,42.9072222,-70.8125000
2011-09,rectangle,43.9747222,-75.9111111
2011-09,chevron,25.7902778,-80.1302778
2011-09,chevron,41.2586111,-95.9375000
2011-09,diamond,34.3675000,-77.7108333
2011-09,diamond,29.2163889,-82.0577778
2011-09,teardrop,38.0280556,-121.8836111
2011-09,teardrop,36.7280556,-108.2180556
2011-09,teardrop,33.3061111,-111.8405556
2011-09,teardrop,47.3088889,-122.0019444
2011-09,teardrop,33.4483333,-112.0733333
2011-09,teardrop,26.7750000,-80.0583333
2011-09,cone,42.7158333,-78.8297222
2011-10,light,34.1361111,-117.8644444
2011-10,light,41.4244444,-91.0430556
2011-10,light,41.3127778,-96.3458333
2011-10,light,41.6005556,-93.6088889
2011-10,light,44.0522222,-123.0855556
2011-10,light,48.366615,-123.706823
2011-10,light,39.163098,-87.199181
2011-10,light,36.6116667,-77.5469444
2011-10,light,43.7730556,-88.4469444
2011-10,light,32.3861111,-94.8755556
2011-10,light,34.0447222,-110.4847222
2011-10,light,33.8941667,-78.4269444
2011-10,light,39.0991667,-76.8486111
2011-10,light,30.3319444,-81.6558333
2011-10,light,38.7522222,-121.2869444
2011-10,light,34.818831,-82.412391
2011-10,light,39.7558333,-77.5780556
2011-10,light,37.9444444,-87.4052778
2011-10,light,34.9919444,-86.8469444
2011-10,light,31.8911111,-85.1455556
2011-10,light,40.9227778,-81.0191667
2011-10,light,38.6675000,-77.0286111
2011-10,light,33.6058333,-78.9733333
2011-10,light,37.6086111,-77.3736111
2011-10,circle,35.7436111,-79.6925000
2011-10,circle,42.8741667,-77.2883333
2011-10,circle,42.4391667,-123.3272222
2011-10,circle,41.6361111,-70.9347222
2011-10,circle,41.1305556,-85.1288889
2011-10,circle,30.2941667,-87.5736111
2011-10,circle,34.3650000,-77.6308333
2011-10,circle,39.7683333,-86.1580556
2011-10,circle,40.0377778,-76.3058333
2011-10,circle,33.6188889,-83.8675000
2011-10,circle,38.6275000,-92.5663889
2011-10,circle,39.1961111,-121.1900000
2011-10,circle,38.8975000,-76.8305556
2011-10,circle,41.7758333,-72.5219444
2011-10,formation,35.8455556,-86.3902778
2011-10,formation,41.2411111,-77.0013889
2011-10,formation,39.7391667,-104.9841667
2011-10,formation,38.7133333,-77.7955556
2011-10,formation,46.4083333,-105.8400000
2011-10,flash,47.9447222,-122.3033333
2011-10,flash,30.316495,78.032192
2011-10,flash,31.4636111,-100.4366667
2011-10,flash,43.25,-79.833333
2011-10,triangle,36.1052778,-77.7130556
2011-10,triangle,33.5091667,-111.8983333
2011-10,triangle,32.3475000,-97.3863889
2011-10,triangle,26.4611111,-80.0730556
2011-10,triangle,26.1322222,-97.6308333
2011-10,triangle,52.116667,-122.15
2011-10,triangle,40.1983333,-83.0102778
2011-10,triangle,39.5950000,-75.1705556
2011-10,triangle,33.0580556,-112.0469444
2011-10,triangle,40.0377778,-76.3058333
2011-10,triangle,35.7847222,-89.1172222
2011-10,triangle,26.169691,-81.009503
2011-10,triangle,42.080698,-72.307433
2011-10,triangle,39.1200000,-88.5433333
2011-10,triangle,39.4283333,-74.4961111
2011-10,triangle,21.3069444,-157.8583333
2011-10,oval,42.586888,-82.919551
2011-10,oval,37.4536111,-90.7947222
2011-10,oval,34.1741667,-97.1433333
2011-10,oval,26.0519444,-80.1441667
2011-10,oval,35.3858333,-94.3983333
2011-10,oval,34.1850000,-83.9252778
2011-10,oval,36.1866667,-94.1286111
2011-10,oval,40.799722,-113.8
2011-10,oval,29.8750000,-98.2622222
2011-10,fireball,39.0997222,-94.5783333
2011-10,fireball,41.4819444,-81.7983333
2011-10,fireball,40.2397222,-78.8352778
2011-10,fireball,39.3175000,-74.5950000
2011-10,fireball,40.623333,-74.601111
2011-10,fireball,35.3519444,-75.5108333
2011-10,fireball,38.3030556,-77.4608333
2011-10,fireball,34.2783333,-119.2922222
2011-10,fireball,33.1958333,-80.0133333
2011-10,fireball,33.036222,-85.032244
2011-10,fireball,39.736928,-75.553649
2011-10,fireball,42.4386111,-73.1258333
2011-10,cylinder,33.2486111,-111.6336111
2011-10,cylinder,43.801356,-91.239581
2011-10,,32.7458333,-96.9975000
2011-10,,46.2397222,-119.0994444
2011-10,,39.9611111,-82.9988889
2011-10,,41.3572222,-88.4211111
2011-10,,33.3513889,-93.2955556
2011-10,,38.2430556,-93.3816667
2011-10,,41.3325000,-73.2077778
2011-10,,43.3541667,-96.8916667
2011-10,,45.410785,-73.681487
2011-10,,45.5236111,-122.6750000
2011-10,,38.5291667,-76.9755556
2011-10,,40.447631,-105.010887
2011-10,,34.9158333,-85.1091667
2011-10,,37.7622222,-84.8433333
2011-10,,33.8158333,-78.6802778
2011-10,,37.1491667,-94.4427778
2011-10,,43.0730556,-89.4011111
2011-10,,40.7722222,-79.5300000
2011-10,,35.7113889,-109.5413889
2011-10,,31.7169444,-99.1322222
2011-10,,35.2619444,-81.1875000
2011-10,,39.505638,-84.735625
2011-10,,34.1705556,-118.8366667
2011-10,,40.579532,-74.150201
2011-10,,36.2166667,-81.6747222
2011-10,,39.088346,-96.813939
2011-10,disk,38.6608333,-90.4225000
2011-10,disk,26.1336111,-80.1133333
2011-10,disk,46.2113889,-119.1361111
2011-10,disk,29.7855556,-95.8241667
2011-10,disk,34.2977778,-83.8241667
2011-10,disk,43.0116667,-88.2313889
2011-10,sphere,61.5813889,-149.4394444
2011-10,sphere,42.5916667,-88.4333333
2011-10,sphere,34.0522222,-118.2427778
2011-10,sphere,39.5491667,-76.0919444
2011-10,sphere,43.2122222,-82.9897222
2011-10,sphere,27.9472222,-82.4586111
2011-10,sphere,37.4308333,-79.1233333
2011-10,sphere,39.1619444,-84.4569444
2011-10,sphere,27.9472222,-82.4586111
2011-10,sphere,34.1083333,-117.2888889
2011-10,rectangle,40.6083333,-75.4905556
2011-10,rectangle,37.6138889,-122.4858333
2011-10,rectangle,39.0638889,-108.5500000
2011-10,rectangle,33.8358333,-118.3397222
2011-10,chevron,39.0061111,-77.4288889
2011-10,chevron,34.1511111,-118.4483333
2011-10,chevron,31.5086111,-82.8500000
2011-10,chevron,42.2638889,-88.8441667
2011-10,diamond,34.7016667,-86.3758333
2011-10,diamond,42.4647222,-71.0105556
2011-10,diamond,38.6272222,-90.1977778
2011-10,diamond,21.320901,-158.081286
2011-10,teardrop,40.7402778,-75.3100000
2011-10,teardrop,35.0886111,-92.4419444
2011-10,cone,35.6869444,-105.9372222
2011-11,light,32.7213889,-109.1047222
2011-11,light,37.8227778,-121.2755556
2011-11,light,32.0833333,-81.1000000
2011-11,light,36.3133333,-82.3536111
2011-11,light,31.9972222,-102.0775000
2011-11,light,41.8388889,-89.4794444
2011-11,light,42.3583333,-71.0602778
2011-11,light,39.5138889,-121.5552778
2011-11,light,26.9616667,-82.3527778
2011-11,light,34.0583333,-106.8908333
2011-11,light,43.8569444,-70.1036111
2011-11,light,34.1083333,-117.2888889
2011-11,light,41.7600000,-70.0833333
2011-11,light,38.9558333,-76.9458333
2011-11,light,36.1961111,-86.6225000
2011-11,light,35.2225000,-97.4391667
2011-11,light,45.4983333,-122.4302778
2011-11,light,33.4483333,-112.0733333
2011-11,light,42.1469444,-91.6800000
2011-11,light,42.5802778,-83.0302778
2011-11,light,27.7250000,-82.7413889
2011-11,circle,47.3075000,-122.2272222
2011-11,circle,42.0027778,-71.5152778
2011-11,circle,35.7452778,-81.6850000
2011-11,circle,35.9488889,-85.0269444
2011-11,circle,40.7141667,-74.0063889
2011-11,circle,43.7972222,-90.0772222
2011-11,circle,51.083333,-114.083333
2011-11,circle,35.6505556,-78.4566667
2011-11,circle,34.2561111,-78.0450000
2011-11,circle,38.6630556,-90.5769444
2011-11,circle,40.057838,-74.137183
2011-11,formation,39.7391667,-104.9841667
2011-11,formation,33.5441667,-84.2338889
2011-11,formation,46.7833333,-92.1063889
2011-11,formation,38.4191667,-82.4452778
2011-11,formation,35.2269444,-80.8433333
2011-11,flash,45.2630556,-122.6913889
2011-11,flash,38.0280556,-121.8836111
2011-11,triangle,41.4277778,-74.1663889
2011-11,triangle,42.2966667,-89.6211111
2011-11,triangle,32.7866667,-79.7950000
2011-11,triangle,42.3725000,-74.0961111
2011-11,triangle,32.3330556,-93.8361111
2011-11,triangle,33.7455556,-117.8669444
2011-11,triangle,39.9402778,-82.0133333
2011-11,triangle,35.4050000,-97.1625000
2011-11,triangle,44.1858333,-88.4625000
2011-11,triangle,45.8152778,-122.7413889
2011-11,cigar,41.4047222,-81.7230556
2011-11,oval,37.2294444,-80.4141667
2011-11,oval,40.1727778,-74.9930556
2011-11,fireball,35.2269444,-80.8433333
2011-11,fireball,44.9483333,-93.3477778
2011-11,fireball,41.4030556,-72.4513889
2011-11,fireball,41.5580556,-73.0519444
2011-11,fireball,47.0380556,-122.8994444
2011-11,fireball,47.3811111,-122.2336111
2011-11,fireball,39.1200000,-90.3283333
2011-11,fireball,40.2141667,-77.0088889
2011-11,fireball,33.6850000,-117.2722222
2011-11,fireball,38.3397222,-122.7000000
2011-11,fireball,26.1416667,-81.7950000
2011-11,cylinder,43.683333,-79.766667
2011-11,,41.5933333,-73.0858333
2011-11,,39.6527778,-78.7627778
2011-11,,44.0355556,-89.5213889
2011-11,,30.6741667,-96.3697222
2011-11,,27.9375000,-82.2861111
2011-11,,46.8722222,-113.9930556
2011-11,,42.2625000,-71.8027778
2011-11,,38.5291667,-76.9755556
2011-11,,44.0522222,-123.0855556
2011-11,,29.4238889,-98.4933333
2011-11,,45.2847222,-111.3675000
2011-11,,41.5766667,-75.2591667
2011-11,disk,48.50389,-122.23611
2011-11,disk,37.9291667,-86.1794444
2011-11,disk,35.7050000,-89.9694444
2011-11,disk,43.0730556,-89.4011111
2011-11,disk,35.5066667,-97.7622222
2011-11,disk,36.5958333,-91.6455556
2011-11,disk,34.4208333,-119.6972222
2011-11,disk,32.6277778,-96.4555556
2011-11,egg,32.4797222,-86.3619444
2011-11,changing,39.0169444,-94.2813889
2011-11,sphere,43.0716667,-70.7630556
2011-11,sphere,42.1130556,-70.8125000
2011-11,sphere,25.942871,-80.12338
2011-11,sphere,37.7750000,-122.4183333
2011-11,sphere,27.7705556,-82.6794444
2011-11,sphere,37.3394444,-121.8938889
2011-11,sphere,40.712784,-74.005941
2011-11,sphere,33.4483333,-112.0733333
2011-11,sphere,41.7758333,-72.5219444
2011-11,rectangle,40.3041667,-73.9927778
2011-11,rectangle,40.6883333,-75.2211111
2011-11,rectangle,39.528851,-84.42777
2011-11,chevron,39.2191667,-121.0600000
2011-11,diamond,41.5580556,-73.0519444
2011-11,cross,42.586888,-82.919551
2011-11,teardrop,38.3683333,-81.6997222
2011-12,light,33.8358333,-118.3397222
2011-12,light,39.0997222,-94.5783333
2011-12,light,33.8158333,-78.6802778
2011-12,light,45.6680556,-91.2438889
2011-12,light,38.910841,-94.382172
2011-12,light,43.2397222,-73.0097222
2011-12,light,47.0344444,-122.8219444
2011-12,light,48.4213889,-122.3327778
2011-12,light,33.8388889,-83.9008333
2011-12,light,33.1958333,-80.0133333
2011-12,light,41.686111,-70.076389
2011-12,light,34.4838889,-114.3216667
2011-12,light,44.7133333,-93.4225000
2011-12,light,47.6105556,-122.1994444
2011-12,light,25.686614,-100.316113
2011-12,light,43.6136111,-116.2025000
2011-12,light,50.885488,4.470997
2011-12,light,40.8122222,-73.0788889
2011-12,light,61.2180556,-149.9002778
2011-12,light,45.8405556,-119.2883333
2011-12,light,43.6136111,-116.2025000
2011-12,light,28.0833333,-80.6083333
2011-12,light,36.2497222,-81.1158333
2011-12,light,25.858244,-81.385069
2011-12,light,47.507046,-122.045115
2011-12,light,40.9583333,-75.2919444
2011-12,light,40.7325000,-73.4458333
2011-12,light,40.7683333,-73.5255556
2011-12,light,42.5277778,-92.4452778
2011-12,light,35.8233333,-78.8258333
2011-12,light,43.7094444,-98.0294444
2011-12,light,39.6450000,-106.5936111
2011-12,circle,39.1433333,-77.2016667
2011-12,circle,39.6133333,-105.0161111
2011-12,circle,40.1550000,-74.8291667
2011-12,circle,40.8175000,-73.0005556
2011-12,circle,40.760779,-111.891047
2011-12,circle,33.5016667,-117.6616667
2011-12,circle,42.9994444,-83.6163889
2011-12,circle,32.7833333,-96.8000000
2011-12,circle,32.692651,-114.627692
2011-12,circle,36.580681,-79.278827
2011-12,formation,47.1041667,-122.4333333
2011-12,formation,42.8863889,-78.8786111
2011-12,flash,28.483168,-82.536987
2011-12,triangle,42.8711111,-97.3969444
2011-12,triangle,45.7325000,-107.6113889
2011-12,triangle,36.3319444,-94.1183333
2011-12,triangle,45.0847222,-93.0097222
2011-12,triangle,34.2011111,-118.5355556
2011-12,triangle,38.2119444,-86.1219444
2011-12,triangle,39.0483333,-95.6777778
2011-12,triangle,44.0216667,-92.4697222
2011-12,triangle,33.6694444,-117.8222222
2011-12,triangle,46.3580556,-94.2005556
2011-12,cigar,30.2669444,-97.7427778
2011-12,oval,28.0338889,-82.6652778
2011-12,oval,42.6525000,-73.7566667
2011-12,oval,41.9833333,-71.3333333
2011-12,oval,40.8022222,-124.1625000
2011-12,oval,41.9166667,-88.1975000
2011-12,fireball,39.9666667,-82.8855556
2011-12,fireball,40.5000000,-111.9500000
2011-12,fireball,35.9605556,-83.9208333
2011-12,fireball,20.296059,85.82454
2011-12,fireball,41.718937,-83.479378
2011-12,fireball,35.0166667,-81.8041667
2011-12,fireball,26.4611111,-80.0730556
2011-12,fireball,32.514947,-117.038247
2011-12,fireball,28.2713889,-82.7197222
2011-12,fireball,47.6588889,-117.4250000
2011-12,fireball,38.066667,46.3
2011-12,fireball,26.6833333,-80.2800000
2011-12,fireball,30.3319444,-81.6558333
2011-12,fireball,35.4086111,-80.5797222
2011-12,fireball,38.3697222,-90.3783333
2011-12,fireball,44.9444444,-93.0930556
2011-12,fireball,28.5388889,-80.6722222
2011-12,fireball,44.0522222,-123.0855556
2011-12,,48.9938889,-122.7458333
2011-12,,33.9383333,-78.7333333
2011-12,,33.816006,-78.680016
2011-12,,41.01111,-95.880842
2011-12,,45.5236111,-122.6750000
2011-12,,40.583049,-73.825733
2011-12,,35.139167,-78.999167
2011-12,,41.4927778,-75.7000000
2011-12,,45.6230556,-106.6661111
2011-12,,37.315326,-93.5852
2011-12,,34.0702778,-117.3950000
2011-12,,38.2872222,-89.8172222
2011-12,,41.7758333,-72.5219444
2011-12,,34.9494444,-81.9322222
2011-12,,38.8138889,-76.9458333
2011-12,,44.4247222,-121.2372222
2011-12,,38.4516667,-106.6088889
2011-12,,53.433333,-1.35
2011-12,,43.624076,6.694103
2011-12,,48.1958333,-114.3119444
2011-12,,43.75,-79.2
2011-12,,42.3266667,-122.8744444
2011-12,,46.6022222,-120.5047222
2011-12,disk,38.610543,-90.337189
2011-12,disk,35.9938889,-78.8988889
2011-12,disk,33.036222,-85.032244
2011-12,disk,33.6125000,-117.7119444
2011-12,disk,33.5091667,-111.8983333
2011-12,disk,33.4483333,-112.0733333
2011-12,egg,33.9133333,-78.3041667
2011-12,egg,42.3522222,-76.4811111
2011-12,changing,41.3113889,-105.5905556
2011-12,changing,35.2269444,-80.8433333
2011-12,sphere,51.45,-2.583333
2011-12,sphere,32.7152778,-117.1563889
2011-12,sphere,46.7930556,-105.3116667
2011-12,sphere,43.4686111,-71.2325000
2011-12,sphere,32.2216667,-110.9258333
2011-12,sphere,45.7833333,-108.5000000
2011-12,sphere,39.8402778,-88.9547222
2011-12,sphere,48.7597222,-122.4869444
2011-12,rectangle,42.5936111,-83.5994444
2011-12,diamond,41.5047222,-73.9700000
2011-12,teardrop,30.3941667,-91.2536111
2012-01,light,41.2619444,-95.8608333
2012-01,light,40.2502778,-103.7994444
2012-01,light,39.1405556,-121.6158333
2012-01,light,38.0963889,-94.3608333
2012-01,light,40.7683333,-73.5255556
2012-01,light,40.7141667,-74.0063889
2012-01,light,40.2413889,-75.2841667
2012-01,light,44.4758333,-73.2125000
2012-01,light,35.8808333,-84.5086111
2012-01,light,28.2438889,-82.7194444
2012-01,light,38.4075000,-122.9472222
2012-01,light,20.7850000,-156.4655556
2012-01,light,40.8558333,-73.2011111
2012-01,light,44.8075000,-74.7741667
2012-01,light,38.1302778,-121.2713889
2012-01,light,42.9955556,-71.4552778
2012-01,light,45.2444444,-123.1136111
2012-01,light,37.3394444,-121.8938889
2012-01,circle,26.7052778,-80.0366667
2012-01,circle,35.584324,-78.800013
2012-01,circle,33.6000000,-117.6711111
2012-01,circle,41.8500000,-87.6500000
2012-01,circle,29.1869444,-82.1402778
2012-01,circle,40.3769444,-111.7950000
2012-01,circle,51,-3.183333
2012-01,circle,29.7630556,-95.3630556
2012-01,circle,36.8663889,-83.8888889
2012-01,circle,44.6522222,-84.1297222
2012-01,circle,27.8316667,-81.5225000
2012-01,circle,33.5777778,-101.8547222
2012-01,circle,32.2216667,-110.9258333
2012-01,circle,42.5327778,-90.4344444
2012-01,circle,34.1425000,-118.2541667
2012-01,circle,30.3116667,-95.4558333
2012-01,formation,33.875294,-117.566438
2012-01,formation,38.5450000,-75.0894444
2012-01,formation,44.3294444,-74.1316667
2012-01,formation,44.4294444,-75.1502778
2012-01,formation,40.560839,-119.603549
2012-01,formation,41.7886111,-89.6961111
2012-01,flash,42.0347222,-93.6197222
2012-01,flash,30.8938889,-102.8788889
2012-01,flash,48.4213889,-122.3327778
2012-01,flash,31.4636111,-100.4366667
2012-01,triangle,38.6272222,-90.1977778
2012-01,triangle,36.9483333,-81.0850000
2012-01,triangle,29.5777778,-98.6894444
2012-01,triangle,30.907258,-85.438414
2012-01,triangle,39.321528,-76.574831
2012-01,triangle,45.5727778,-93.2241667
2012-01,triangle,42.7261111,-87.7827778
2012-01,triangle,32.5088889,-86.9875000
2012-01,triangle,40.417287,-82.907123
2012-01,triangle,35.8166667,-85.5669444
2012-01,triangle,36.0397222,-114.9811111
2012-01,triangle,52.166667,-2.166667
2012-01,cigar,35.4816667,-86.0886111
2012-01,cigar,32.4805556,-80.9805556
2012-01,oval,30.097162,-95.616055
2012-01,oval,42.0986111,-75.9183333
2012-01,oval,32.7558333,-111.5541667
2012-01,oval,39.1377778,-76.8241667
2012-01,oval,41.787571,-73.677166
2012-01,fireball,28.27057,-82.674548
2012-01,fireball,40.8758333,-81.4025000
2012-01,fireball,41.0786111,-73.4697222
2012-01,fireball,33.4041667,-79.9219444
2012-01,fireball,32.7152778,-117.1563889
2012-01,fireball,43.6241667,-72.5188889
2012-01,fireball,40.5866667,-122.3905556
2012-01,fireball,41.3775000,-71.8277778
2012-01,fireball,37.1297222,-80.4091667
2012-01,fireball,35.1997222,-87.0308333
2012-01,fireball,26.3394444,-81.7788889
2012-01,fireball,26.1000000,-80.4000000
2012-01,fireball,25.7902778,-80.1302778
2012-01,fireball,25.9561111,-80.1394444
2012-01,cylinder,32.6550000,-79.9405556
2012-01,cylinder,29.028318,-81.303118
2012-01,,36.0652778,-119.0158333
2012-01,,40.2966667,-120.5230556
2012-01,,37.2638889,-122.0219444
2012-01,,36.7755556,-81.4125000
2012-01,,32.9438889,-103.3480556
2012-01,,29.1758333,-80.9830556
2012-01,,33.170278,-111.572222
2012-01,,37.1752778,-113.2891667
2012-01,,32.5344444,-92.7883333
2012-01,,38.6702778,-89.9844444
2012-01,,37.3041667,-77.2875000
2012-01,,37.431573,-78.656894
2012-01,,34.1205556,-84.0044444
2012-01,,29.5072222,-95.0947222
2012-01,,40.1416667,-75.2094444
2012-01,,47.55,-52.666667
2012-01,,30.7908333,-89.8486111
2012-01,,39.833895,-99.891511
2012-01,,39.4277778,-86.4283333
2012-01,,37.1041667,-113.5833333
2012-01,,28.0611111,-82.3025000
2012-01,,38.7100000,-105.1394444
2012-01,,32.3794444,-81.6633333
2012-01,,42.5847222,-87.8211111
2012-01,,49.415288,-82.423542
2012-01,,27.5061111,-99.5072222
2012-01,disk,26.5625000,-81.9497222
2012-01,disk,30.4211111,-87.2169444
2012-01,disk,5.976474,116.115777
2012-01,changing,37.5247222,-77.5580556
2012-01,changing,38.5816667,-121.4933333
2012-01,changing,36.4483333,-93.9738889
2012-01,changing,32.7700000,-108.2797222
2012-01,sphere,47.6777778,-116.7794444
2012-01,sphere,33.7669444,-118.1883333
2012-01,sphere,39.975755,-82.948811
2012-01,sphere,43.25,-79.833333
2012-01,sphere,37.8783333,-88.3933333
2012-01,rectangle,32.8405556,-83.6325000
2012-01,rectangle,48.1958333,-114.3119444
2012-01,rectangle,42.1013889,-72.5902778
2012-01,rectangle,33.3527778,-111.7883333
2012-01,chevron,42.5619444,-73.1633333
2012-01,diamond,39.6066667,-75.8336111
2012-01,diamond,31.7058333,-83.6533333
2012-01,diamond,30.2669444,-97.7427778
2012-02,light,41.768921,-87.857835
2012-02,light,32.8572222,-116.9213889
2012-02,light,41.7000000,-71.6833333
2012-02,light,-22.97988,-49.869938
2012-02,light,33.441769,-112.397347
2012-02,light,41.5733333,-87.7844444
2012-02,light,42.6055556,-83.1500000
2012-02,light,45.0847222,-93.0097222
2012-02,light,42.4408333,-73.6613889
2012-02,light,37.0583333,-120.8488889
2012-02,light,36.9786111,-76.4283333
2012-02,light,42.1083333,-72.0791667
2012-02,light,36.1750000,-115.1363889
2012-02,light,43.9747222,-75.9111111
2012-02,light,33.3061111,-111.8405556
2012-02,light,48.7597222,-122.4869444
2012-02,light,26.6402778,-81.8725000
2012-02,light,42.8125000,-86.0186111
2012-02,light,32.4366667,-111.2247222
2012-02,light,47.3075000,-122.2272222
2012-02,light,46.3830556,-120.7300000
2012-02,light,47.4272222,-92.9375000
2012-02,light,39.9830556,-75.8241667
2012-02,light,37.2705556,-76.7077778
2012-02,light,40.7655556,-73.0155556
2012-02,light,37.5536111,-77.4605556
2012-02,light,38.5950000,-90.5461111
2012-02,light,36.3133333,-82.3536111
2012-02,circle,42.8508333,-72.5583333
2012-02,circle,47.7625000,-122.2041667
2012-02,circle,41.2222222,-73.0569444
2012-02,circle,32.3122222,-106.7777778
2012-02,circle,35.2333333,-106.6638889
2012-02,circle,27.2541667,-80.2300000
2012-02,circle,36.1750000,-115.1363889
2012-02,circle,30.0969444,-95.6158333
2012-02,circle,38.6644444,-80.7100000
2012-02,circle,45.9175000,-119.3413889
2012-02,circle,41.8444444,-90.1886111
2012-02,circle,32.8233333,-97.1702778
2012-02,circle,55.733333,-3.966667
2012-02,circle,47.8897222,-117.3566667
2012-02,formation,34.0983333,-118.3258333
2012-02,flash,44.4905556,-73.1113889
2012-02,flash,34.1975000,-119.1761111
2012-02,triangle,40.6366667,-80.2402778
2012-02,triangle,40.256648,-79.818468
2012-02,triangle,45.4558333,-94.4286111
2012-02,triangle,36.9227778,-80.0136111
2012-02,triangle,32.7252778,-97.3205556
2012-02,triangle,35.1586111,-96.4930556
2012-02,triangle,39.1433333,-77.2016667
2012-02,triangle,49.815273,6.129583
2012-02,triangle,40.152535,-79.672663
2012-02,triangle,35.2627778,-116.6838889
2012-02,triangle,40.9636111,-81.3313889
2012-02,triangle,44.0216667,-92.4697222
2012-02,triangle,34.8697222,-111.7602778
2012-02,triangle,38.4327778,-90.3775000
2012-02,triangle,35.0886111,-92.4419444
2012-02,triangle,36.1866667,-94.1286111
2012-02,triangle,49.662979,6.13324
2012-02,cigar,41.1072222,-73.7963889
2012-02,oval,34.1477778,-118.1436111
2012-02,oval,39.3036111,-102.7425000
2012-02,oval,43.4522222,-71.2180556
2012-02,oval,48.5127778,-122.6113889
2012-02,oval,39.1111111,-76.9327778
2012-02,oval,40.1550000,-74.8291667
2012-02,oval,35.2872222,-95.5822222
2012-02,oval,38.4191667,-82.4452778
2012-02,fireball,33.8352778,-117.9136111
2012-02,fireball,34.1952778,-79.7627778
2012-02,fireball,41.6744444,-72.8586111
2012-02,fireball,30.5050000,-97.8200000
2012-02,fireball,38.5816667,-121.4933333
2012-02,fireball,41.7000000,-71.6833333
2012-02,fireball,43.1977778,-70.8741667
2012-02,fireball,40.2338889,-111.6577778
2012-02,fireball,43.2708333,-89.7219444
2012-02,fireball,33.9650000,-83.5966667
2012-02,,35.6013889,-84.4611111
2012-02,,29.2163889,-82.0577778
2012-02,,-15.416667,28.283333
2012-02,,47.6063889,-122.3308333
2012-02,,44.0125000,-75.7947222
2012-02,,44.6397222,-73.1108333
2012-02,,43.0202778,-78.8805556
2012-02,,44.0522222,-123.0855556
2012-02,,-33.86013,121.882591
2012-02,,26.1416667,-81.7950000
2012-02,,37.9722222,-81.1488889
2012-02,,34.8697222,-111.7602778
2012-02,,39.629619,-106.071294
2012-02,,39.4666667,-87.4138889
2012-02,,42.7372222,-75.9488889
2012-02,,35.2244444,-90.7866667
2012-02,disk,48.1183333,-123.4294444
2012-02,changing,37.0430556,-100.9205556
2012-02,changing,47.1041667,-122.4333333
2012-02,sphere,15.865535,-97.069447
2012-02,sphere,41.3072222,-111.9594444
2012-02,sphere,49.136353351,-122.821343315
2012-02,sphere,36.8813889,-81.7622222
2012-02,sphere,33.5777778,-101.8547222
2012-02,rectangle,40.057838,-74.137183
2012-02,chevron,41.689833,-70.217021
2012-02,chevron,25.9083333,-80.3088889
2012-02,diamond,39.6236111,-89.6488889
2012-02,cross,35.2269444,-80.8433333
2012-02,cross,42.0255556,-88.1783333
2012-02,teardrop,38.4405556,-122.7133333
2012-02,teardrop,39.7661111,-75.5097222
2012-02,cone,50.966667,-.133333
2012-02,cone,47.1855556,-122.2916667
2012-03,light,37.198289,-78.429719
2012-03,light,40.6688889,-111.8238889
2012-03,light,45.5719444,-88.9027778
2012-03,light,25.981202,-80.148379
2012-03,light,27.9472222,-82.4586111
2012-03,light,38.7613889,-120.5855556
2012-03,light,41.4516667,-82.0355556
2012-03,light,28.2333333,-82.1813889
2012-03,light,41.9163889,-83.3977778
2012-03,light,33.7488889,-84.3880556
2012-03,light,42.6791667,-70.8416667
2012-03,light,47.6063889,-122.3308333
2012-03,light,39.9819444,-88.8227778
2012-03,light,41.6897222,-87.7972222
2012-03,light,40.5725000,-74.4930556
2012-03,light,34.9861111,-84.3713889
2012-03,light,38.5816667,-121.4933333
2012-03,light,29.6513889,-82.3250000
2012-03,light,20.653407,-105.225332
2012-03,light,40.4863889,-86.1336111
2012-03,light,39.0397222,-90.1405556
2012-03,light,26.2441667,-80.2066667
2012-03,light,45.5947222,-121.1775000
2012-03,light,39.2191667,-121.0600000
2012-03,light,40.7347222,-73.7938889
2012-03,light,42.8886111,-88.0383333
2012-03,light,51.435475,0.041365
2012-03,light,42.8863889,-78.8786111
2012-03,light,37.9577778,-121.2897222
2012-03,light,45.7833333,-108.5000000
2012-03,light,46.0130556,-91.4844444
2012-03,light,35.3841667,-97.7241667
2012-03,light,41.7075000,-86.8950000
2012-03,circle,41.7000000,-71.4166667
2012-03,circle,39.4913889,-91.1322222
2012-03,circle,41.7372222,-72.3708333
2012-03,circle,33.8627778,-83.4088889
2012-03,circle,40.0580556,-82.4013889
2012-03,circle,48.466667,-81.2
2012-03,circle,34.7877778,-82.6925000
2012-03,circle,39.9522222,-75.1641667
2012-03,formation,40.0427778,-86.1275000
2012-03,formation,40.9008333,-80.8569444
2012-03,flash,33.6675000,-84.0177778
2012-03,flash,46.7216667,-92.4591667
2012-03,flash,39.8022222,-75.0644444
2012-03,flash,40.5791667,-74.4119444
2012-03,triangle,42.4363889,-89.3319444
2012-03,triangle,40.5658333,-111.8636111
2012-03,triangle,30.4386111,-90.4413889
2012-03,triangle,42.1033333,-88.3727778
2012-03,triangle,38.8813889,-94.8188889
2012-03,triangle,46.7691667,-113.7116667
2012-03,triangle,38.9338889,-76.8969444
2012-03,triangle,41.5838889,-73.8091667
2012-03,triangle,40.1522222,-75.2666667
2012-03,triangle,42.2208333,-70.9402778
2012-03,triangle,42.9836111,-77.3261111
2012-03,triangle,41.5838889,-73.8091667
2012-03,triangle,39.9975000,-85.7466667
2012-03,triangle,38.2544444,-104.6086111
2012-03,cigar,32.7763889,-79.9311111
2012-03,cigar,41.6611111,-72.7800000
2012-03,cigar,40.7319444,-73.1861111
2012-03,cigar,29.1869444,-82.1402778
2012-03,cigar,41.3572222,-88.4211111
2012-03,oval,35.0525000,-118.1730556
2012-03,oval,41.5236111,-90.5775000
2012-03,oval,38.1302778,-121.2713889
2012-03,fireball,34.9675000,-82.4436111
2012-03,fireball,27.273049,-80.358226
2012-03,fireball,-29.515278,153.134722
2012-03,fireball,49.7,-123.15
2012-03,fireball,52.983333,13.333333
2012-03,fireball,39.2672222,-76.7986111
2012-03,fireball,40.5866667,-122.3905556
2012-03,fireball,43.3766667,-72.3472222
2012-03,fireball,28.6775000,-81.3280556
2012-03,fireball,38.4405556,-122.7133333
2012-03,,47.6541667,-118.1488889
2012-03,,39.4013889,-76.6022222
2012-03,,33.391917,-111.970407
2012-03,,-33.861481,151.205475
2012-03,,50.416667,-4.75
2012-03,,41.5836111,-72.8927778
2012-03,,35.9036111,-81.0908333
2012-03,,43.6480556,-70.8475000
2012-03,,42.5750000,-70.9305556
2012-03,,37.380844,-121.843451
2012-03,,45.5,-73.583333
2012-03,,39.9522222,-75.1641667
2012-03,,41.7019444,-70.2500000
2012-03,,51.07756,-2.315008
2012-03,,45.3002778,-122.9719444
2012-03,,44.6994444,-73.4533333
2012-03,,31.1238889,-97.9027778
2012-03,,44.6205556,-88.7622222
2012-03,,32.2216667,-110.9258333
2012-03,,30.7744444,-85.8516667
2012-03,,38.9783333,-76.4925000
2012-03,,40.6416667,-74.8363889
2012-03,,34.0983333,-118.3258333
2012-03,disk,51.8,-.066667
2012-03,disk,34.0522222,-118.2427778
2012-03,disk,36.0652778,-119.0158333
2012-03,disk,-26.147899,27.962975
2012-03,egg,37.0561111,-85.0886111
2012-03,changing,46.2858333,-119.2833333
2012-03,sphere,47.6447222,-117.5922222
2012-03,sphere,40.7297222,-73.2108333
2012-03,sphere,52.633333,1.3
2012-03,rectangle,33.4222222,-111.8219444
2012-03,rectangle,37.0833333,-88.6000000
2012-03,chevron,41.5875000,-109.2022222
2012-03,chevron,40.4841667,-88.9936111
2012-03,cross,30.5080556,-97.6786111
2012-03,teardrop,42.0963889,-79.3758333
2012-03,cone,38.5130556,-90.4358333
2012-04,light,36.1583333,-81.1477778
2012-04,light,27.2436111,-80.8300000
2012-04,light,37.9577778,-121.2897222
2012-04,light,35.7719444,-78.6388889
2012-04,light,33.9133333,-78.3041667
2012-04,light,53.233333,-.533333
2012-04,light,38.8338889,-104.8208333
2012-04,light,35.4086111,-80.5797222
2012-04,light,34.0233333,-84.6155556
2012-04,light,38.8338889,-104.8208333
2012-04,light,41.3111111,-88.6097222
2012-04,light,33.170278,-111.572222
2012-04,light,42.0347222,-93.6197222
2012-04,light,40.0161111,-79.8308333
2012-04,light,39.6411111,-85.1411111
2012-04,light,45.1200000,-93.2875000
2012-04,light,42.3236111,-92.5991667
2012-04,light,41.7355556,-111.8336111
2012-04,light,39.6133333,-105.0161111
2012-04,light,40.4211111,-79.7883333
2012-04,light,27.664827,-81.515754
2012-04,light,43.1536111,-93.2008333
2012-04,light,38.5766667,-92.1733333
2012-04,light,39.7047222,-105.0808333
2012-04,light,32.7677778,-117.0222222
2012-04,light,38.6702778,-89.9844444
2012-04,light,35.0886111,-92.4419444
2012-04,light,30.6325000,-97.6769444
2012-04,light,39.1458333,-121.5902778
2012-04,circle,28.0833333,-80.6083333
2012-04,circle,39.2386111,-77.2797222
2012-04,circle,40.8802778,-79.2422222
2012-04,circle,44.6388889,-70.0161111
2012-04,circle,45.5608333,-94.1622222
2012-04,circle,40.4500000,-111.7694444
2012-04,circle,8.980603,38.757761
2012-04,circle,36.1750000,-115.1363889
2012-04,circle,41.2586111,-95.9375000
2012-04,formation,41.6027778,-87.7438889
2012-04,formation,41.9269444,-73.9977778
2012-04,formation,27.4950000,-82.7111111
2012-04,triangle,29.7855556,-95.8241667
2012-04,triangle,35.2269444,-80.8433333
2012-04,triangle,36.7477778,-119.7713889
2012-04,triangle,41.8263889,-72.7305556
2012-04,triangle,42.2833333,-71.3500000
2012-04,triangle,51.5,-3.2
2012-04,triangle,33.7205556,-116.2147222
2012-04,triangle,46.9005556,-97.2108333
2012-04,triangle,33.9533333,-117.3952778
2012-04,triangle,-30.97631,-64.095813
2012-04,triangle,38.5816667,-121.4933333
2012-04,triangle,46.9005556,-97.2108333
2012-04,triangle,47.6588889,-117.4250000
2012-04,cigar,39.8402778,-88.9547222
2012-04,cigar,27.3361111,-82.5308333
2012-04,cigar,32.7919444,-115.5622222
2012-04,oval,34.4838889,-114.3216667
2012-04,oval,33.6305556,-112.3325000
2012-04,oval,33.8302778,-116.5444444
2012-04,oval,29.3836111,-94.9025000
2012-04,fireball,37.7750000,-122.4183333
2012-04,fireball,34.1063889,-117.5922222
2012-04,fireball,39.7012,-78.843179
2012-04,fireball,46.6022222,-120.5047222
2012-04,fireball,36.8527778,-75.9783333
2012-04,fireball,41.0550000,-73.8205556
2012-04,,34.153323,-109.973248
2012-04,,38.6272222,-90.1977778
2012-04,,33.0916667,-97.0463889
2012-04,,42.6827778,-89.0186111
2012-04,,34.4258333,-112.5861111
2012-04,,40.7141667,-74.0063889
2012-04,,39.7588889,-84.1916667
2012-04,,47.3075000,-122.2272222
2012-04,,27.4122222,-82.6591667
2012-04,,44.6261111,-85.5286111
2012-04,,38.904367,-9.408632
2012-04,,30.2669444,-97.7427778
2012-04,,45.5608333,-94.1622222
2012-04,,28.0833333,-80.6083333
2012-04,,42.9744444,-85.8697222
2012-04,,41.4300000,-73.6805556
2012-04,,11.335846,124.115636
2012-04,,32.3122222,-106.7777778
2012-04,,32.3122222,-106.7777778
2012-04,disk,53.283333,-110
2012-04,disk,39.2125000,-76.7138889
2012-04,disk,48.2477778,-116.3061111
2012-04,disk,44.7394444,-93.1255556
2012-04,disk,41.4080556,-92.9161111
2012-04,changing,40.3719444,-75.2930556
2012-04,changing,30.5050000,-97.8200000
2012-04,changing,52.355518,-1.17432
2012-04,sphere,30.0797222,-95.4169444
2012-04,sphere,41.349494,-85.135527
2012-04,sphere,36.0725000,-79.7922222
2012-04,sphere,28.0338889,-82.6652778
2012-04,sphere,40.2883333,-75.2094444
2012-04,sphere,34.0983333,-118.3258333
2012-04,rectangle,35.0844444,-106.6505556
2012-04,rectangle,39.6411111,-85.1411111
2012-04,chevron,38.7838889,-90.4811111
2012-04,diamond,39.7219444,-85.8891667
2012-04,diamond,30.6747222,-87.9152778
2012-04,diamond,30.6747222,-87.9152778
2012-04,cross,33.5205556,-86.8025000
2012-04,cone,43.666667,-79.416667
2012-05,light,36.255123,-115.238349
2012-05,light,45.5236111,-122.6750000
2012-05,light,37.4152778,-88.8977778
2012-05,light,28.2438889,-82.7194444
2012-05,light,36.8252778,-119.7019444
2012-05,light,30.3672222,-89.0927778
2012-05,light,40.8075000,-91.1127778
2012-05,light,43.316667,-79.8
2012-05,light,47.1855556,-122.2916667
2012-05,light,45.6797222,-111.0377778
2012-05,light,42.7919444,-83.6277778
2012-05,light,32.7152778,-117.1563889
2012-05,light,46.2469444,-114.1594444
2012-05,light,40.1447222,-84.1125000
2012-05,light,42.6555556,-70.6208333
2012-05,light,40.6441667,-97.4500000
2012-05,light,52.089803,-9.792584
2012-05,light,37.6144444,-93.4102778
2012-05,light,27.3361111,-82.5308333
2012-05,light,33.9802778,-118.4508333
2012-05,light,40.7975000,-81.1650000
2012-05,light,42.5377778,-83.2330556
2012-05,light,42.7158333,-78.8297222
2012-05,light,30.3155556,-89.2475000
2012-05,light,32.2216667,-110.9258333
2012-05,circle,38.7291667,-87.6816667
2012-05,circle,35.9100000,-79.0755556
2012-05,circle,36.4980556,-84.5127778
2012-05,circle,36.1538889,-95.9925000
2012-05,circle,42.3313889,-83.0458333
2012-05,circle,36.0525000,-95.7905556
2012-05,circle,39.2402778,-76.8397222
2012-05,circle,33.5311111,-111.9419444
2012-05,circle,43.5500000,-96.7000000
2012-05,circle,43.866667,-78.933333
2012-05,circle,40.5866667,-122.3905556
2012-05,circle,38.8002778,-90.6263889
2012-05,circle,37.3058333,-89.9702778
2012-05,circle,36.3319444,-94.1183333
2012-05,formation,46.563678,-71.435805
2012-05,flash,51.045325,-114.058101
2012-05,flash,48.6913889,-116.3152778
2012-05,triangle,35.9138889,-81.5391667
2012-05,triangle,16.299065,80.386742
2012-05,triangle,36.8055556,-114.0663889
2012-05,triangle,45.5608333,-94.1622222
2012-05,triangle,46.7833333,-92.1063889
2012-05,triangle,33.1811111,-102.2738889
2012-05,triangle,44.9800000,-93.2636111
2012-05,triangle,47.1166667,-114.7791667
2012-05,cigar,40.3763889,-74.2447222
2012-05,cigar,38.1200000,-83.6147222
2012-05,cigar,29.4238889,-98.4933333
2012-05,oval,41.0250000,-87.7138889
2012-05,oval,33.1022222,-84.3427778
2012-05,oval,42.3313889,-83.0458333
2012-05,oval,37.41128,-122.054192
2012-05,oval,37.8716667,-122.2716667
2012-05,oval,37.2011111,-87.1788889
2012-05,oval,14.95,-23.516667
2012-05,oval,28.5380556,-81.3794444
2012-05,oval,30.4941667,-92.4175000
2012-05,oval,35.0069444,-80.6747222
2012-05,oval,47.969068,-123.498251
2012-05,fireball,28.6802778,-81.5097222
2012-05,fireball,42.0038889,-87.9702778
2012-05,fireball,34.1425000,-118.2541667
2012-05,fireball,44.1969444,-72.5025000
2012-05,fireball,-14.428506,28.451357
2012-05,fireball,41.9950000,-88.1855556
2012-05,fireball,41.7141667,-72.6530556
2012-05,cylinder,33.7488889,-84.3880556
2012-05,cylinder,44.0663889,-73.2161111
2012-05,cylinder,27.0994444,-82.4544444
2012-05,,51.666667,-3
2012-05,,43.9105556,-69.8211111
2012-05,,35.9605556,-83.9208333
2012-05,,45.6016667,-107.4605556
2012-05,,33.7833333,-86.0025000
2012-05,,36.7477778,-119.7713889
2012-05,,40.6661111,-89.5800000
2012-05,,45.013387,-93.123843
2012-05,,39.5297222,-119.8127778
2012-05,,41.8666667,-103.6666667
2012-05,,47.5675000,-122.6313889
2012-05,,38.7713889,-90.3708333
2012-05,,40.5219444,-111.9383333
2012-05,,37.003277,-121.555635
2012-05,,36.6377778,-82.5811111
2012-05,,34.145122,-118.258875
2012-05,disk,51.282376,-114.841158
2012-05,disk,39.6761111,-89.7044444
2012-05,disk,42.2411111,-83.6130556
2012-05,disk,35.7972222,-82.6841667
2012-05,disk,42.2711111,-89.0938889
2012-05,changing,33.6680556,-117.3263889
2012-05,changing,34.4000000,-119.2991667
2012-05,changing,50.45,-104.616667
2012-05,changing,33.9533333,-117.3952778
2012-05,changing,34.2180556,-80.2486111
2012-05,changing,43.0830556,-73.7850000
2012-05,sphere,33.0186111,-117.0600000
2012-05,sphere,37.3636111,-118.3941667
2012-05,sphere,42.7244444,-83.0361111
2012-05,sphere,41.6619444,-86.1586111
2012-05,sphere,44.0663889,-73.2161111
2012-05,sphere,30.9636111,-81.7227778
2012-05,sphere,39.8911111,-74.9222222
2012-05,sphere,44.2341667,-83.7233333
2012-05,sphere,33.0580556,-112.0469444
2012-05,sphere,42.8858333,-87.8630556
2012-05,sphere,41.1855556,-88.3097222
2012-05,sphere,42.4711111,-76.9277778
2012-05,sphere,40.7666667,-72.8525000
2012-05,rectangle,35.4675000,-97.5161111
2012-05,rectangle,42.1097222,-86.4800000
2012-05,chevron,37.9722222,-81.1488889
2012-05,teardrop,36.3586111,-105.6088889
2012-05,cone,43.1380556,-93.3791667
2012-06,light,44.366667,-64.516667
2012-06,light,40.5819444,-74.9594444
2012-06,light,33.6411111,-117.9177778
2012-06,light,47.6063889,-122.3308333
2012-06,light,37.2622222,-119.7000000
2012-06,light,38.6388889,-81.4022222
2012-06,light,30.3672222,-89.0927778
2012-06,light,40.623333,-74.601111
2012-06,light,48.1958333,-114.3119444
2012-06,light,36.9922222,-91.9697222
2012-06,light,42.0411111,-87.6900000
2012-06,light,40.592658,-73.797793
2012-06,light,46.6636111,-118.8600000
2012-06,light,39.070234,-86.445321
2012-06,light,38.5950000,-90.5461111
2012-06,light,45.7950000,-88.0719444
2012-06,light,33.7358333,-118.2913889
2012-06,light,39.8466667,-79.9000000
2012-06,light,44.6669444,-93.6266667
2012-06,light,40.3977778,-105.0744444
2012-06,light,48.7597222,-122.4869444
2012-06,light,-27.927513,153.194305
2012-06,light,35.2269444,-80.8433333
2012-06,light,44.2097222,-69.0652778
2012-06,light,44.3816667,-123.5952778
2012-06,light,41.2586111,-95.9375000
2012-06,light,36.0600000,-86.6722222
2012-06,light,42.8625000,-73.3286111
2012-06,light,48.2200000,-122.6850000
2012-06,light,35.6180556,-118.4722222
2012-06,light,37.6922222,-97.3372222
2012-06,light,42.3180556,-84.0205556
2012-06,light,45.35,-72.516667
2012-06,light,40.7933333,-77.8602778
2012-06,light,44.3891667,-69.3033333
2012-06,light,41.9761111,-72.5922222
2012-06,light,49.25,-123.133333
2012-06,light,41.2052778,-76.0052778
2012-06,light,45.5236111,-122.6750000
2012-06,light,48.5344444,-123.0158333
2012-06,light,29.1869444,-82.1402778
2012-06,light,-34.603723,-58.381593
2012-06,light,34.70713,33.022617
2012-06,light,39.0911111,-94.4152778
2012-06,circle,42.9033333,-78.7550000
2012-06,circle,38.8338889,-104.8208333
2012-06,circle,36.0300000,-92.8044444
2012-06,circle,40.8963889,-78.2208333
2012-06,circle,43.1008333,-75.2330556
2012-06,circle,43.2122222,-77.4302778
2012-06,circle,51.51323,-0.08849
2012-06,circle,27.4986111,-82.5750000
2012-06,circle,30.2263889,-93.2172222
2012-06,circle,55.75,-97.866667
2012-06,circle,42.670782,-83.032993
2012-06,circle,34.0522222,-118.2427778
2012-06,circle,42.794157,-96.165578
2012-06,circle,35.3394444,-97.4863889
2012-06,circle,41.6661111,-81.3397222
2012-06,circle,46.65,-80.94
2012-06,circle,43.894715,-114.822434
2012-06,circle,35.6708333,-80.4744444
2012-06,circle,-14.599413,-28.673147
2012-06,formation,38.5816667,-121.4933333
2012-06,formation,46.6166667,-94.2166667
2012-06,formation,36.9958333,-85.9119444
2012-06,formation,45.6797222,-111.0377778
2012-06,formation,42.6522222,-78.8972222
2012-06,formation,34.2783333,-119.2922222
2012-06,formation,36.1538889,-95.9925000
2012-06,flash,42.5630556,-114.4600000
2012-06,flash,30.316495,78.032192
2012-06,triangle,44.8011111,-68.7783333
2012-06,triangle,-37.666667,141.516667
2012-06,triangle,41.2150000,-86.7758333
2012-06,triangle,34.0658333,-84.6769444
2012-06,triangle,38.5450000,-121.7394444
2012-06,triangle,47.4008333,-92.7069444
2012-06,triangle,39.8016667,-89.6436111
2012-06,triangle,42.2411111,-83.6130556
2012-06,triangle,37.3041667,-77.2875000
2012-06,triangle,39.7391667,-75.5983333
2012-06,triangle,38.9208333,-77.5041667
2012-06,triangle,40.7608333,-111.8902778
2012-06,cigar,33.8641667,-111.4669444
2012-06,cigar,39.3836111,-76.4325000
2012-06,cigar,41.7005556,-93.4619444
2012-06,oval,41.9430556,-86.5569444
2012-06,oval,47.5675000,-122.6313889
2012-06,oval,42.7008333,-73.1091667
2012-06,fireball,35.3394444,-97.4863889
2012-06,fireball,42.7652778,-71.4680556
2012-06,fireball,40.1797222,-76.1791667
2012-06,fireball,42.1388889,-83.2416667
2012-06,fireball,34.2783333,-119.2922222
2012-06,fireball,38.2855556,-85.8241667
2012-06,fireball,42.2408333,-83.2697222
2012-06,fireball,40.579532,-74.150201
2012-06,fireball,37.3688889,-122.0352778
2012-06,fireball,44.9444444,-93.0930556
2012-06,fireball,40.1536111,-82.6852778
2012-06,fireball,18.456389,-66.071111
2012-06,fireball,42.2708333,-83.7263889
2012-06,fireball,40.7608333,-111.8902778
2012-06,fireball,41.0647222,-72.4266667
2012-06,fireball,39.7686111,-94.8463889
2012-06,fireball,48.7597222,-122.4869444
2012-06,fireball,41.9438889,-85.6325000
2012-06,fireball,43.0388889,-87.9063889
2012-06,fireball,41.7197222,-72.8325000
2012-06,fireball,33.3702778,-112.5830556
2012-06,fireball,39.3772222,-76.5400000
2012-06,fireball,39.3677778,-94.3619444
2012-06,fireball,34.0852778,-117.9600000
2012-06,fireball,40.7425000,-84.1052778
2012-06,fireball,38.1302778,-121.2713889
2012-06,fireball,38.4088889,-121.3705556
2012-06,fireball,42.7813889,-75.6480556
2012-06,fireball,32.9477778,-112.7161111
2012-06,fireball,40.6083333,-75.4905556
2012-06,fireball,36.8050000,-98.6661111
2012-06,cylinder,42.495556,-82.900278
2012-06,cylinder,41.5380556,-72.8075000
2012-06,cylinder,44.9444444,-93.0930556
2012-06,cylinder,47.033333,-65.183333
2012-06,cylinder,33.5538889,-117.2130556
2012-06,,45.65,-74.1
2012-06,,38.5950000,-90.5461111
2012-06,,40.5555556,-75.9822222
2012-06,,35.9605556,-83.9208333
2012-06,,32.5769444,-80.1708333
2012-06,,33.93911,67.709953
2012-06,,35.1980556,-111.6505556
2012-06,,43.5408333,-116.5625000
2012-06,,36.688625,-80.321311
2012-06,,39.0202778,-120.8169444
2012-06,,47.3552778,-123.0997222
2012-06,,43.8013889,-91.2394444
2012-06,,50.573602,-105.333714
2012-06,,37.7477778,-84.2947222
2012-06,,39.3722222,-104.8555556
2012-06,,42.3636111,-87.8447222
2012-06,,41.1919444,-111.9705556
2012-06,,41.8388889,-89.4794444
2012-06,disk,63.825847,20.263035
2012-06,disk,41.5527778,-81.5102778
2012-06,disk,39.0088889,-75.4661111
2012-06,disk,37.3386111,-92.9069444
2012-06,egg,41.6105556,-86.7225000
2012-06,egg,47.6063889,-122.3308333
2012-06,changing,33.6305556,-112.3325000
2012-06,changing,45.6249,-122.0213
2012-06,sphere,47.8602778,-122.2030556
2012-06,sphere,46.4916667,-124.0488889
2012-06,sphere,45.6249,-122.0213
2012-06,sphere,37.8769444,-89.1144444
2012-06,sphere,30.2552778,-88.1097222
2012-06,sphere,42.7088889,-78.5783333
2012-06,sphere,48.5619444,-122.3969444
2012-06,sphere,40.684963,-80.107138
2012-06,sphere,38.3363889,-75.0852778
2012-06,sphere,40.8533333,-73.4119444
2012-06,sphere,42.8683333,-72.8719444
2012-06,sphere,37.9872222,-122.5877778
2012-06,sphere,40.4591667,-74.3613889
2012-06,sphere,41.6925000,-86.9775000
2012-06,sphere,41.2586111,-95.9375000
2012-06,sphere,40.7266667,-115.5850000
2012-06,sphere,41.2380556,-81.8419444
2012-06,sphere,30.6322222,-87.0397222
2012-06,sphere,42.1291667,-80.0852778
2012-06,rectangle,35.5641667,-89.6463889
2012-06,chevron,40.9911111,-74.0330556
2012-06,diamond,45.5,-73.583333
2012-06,teardrop,35.6008333,-82.5541667
2012-06,teardrop,38.9180556,-78.1947222
2012-06,cone,47.0380556,-122.8994444
2012-07,light,30.3672222,-89.0927778
2012-07,light,42.0427778,-88.0797222
2012-07,light,38.8813889,-94.8188889
2012-07,light,37.2752778,-107.8794444
2012-07,light,35.957392,-75.624062
2012-07,light,39.6133333,-105.0161111
2012-07,light,29.7630556,-95.3630556
2012-07,light,40.89533,-83.888829
2012-07,light,45.5061111,-91.7380556
2012-07,light,39.0066667,-76.7794444
2012-07,light,29.9938889,-90.2416667
2012-07,light,43.2166667,-123.3405556
2012-07,light,34.7136111,-77.2455556
2012-07,light,46.2705556,-118.1522222
2012-07,light,44.8833333,-93.2827778
2012-07,light,47.6447222,-117.5922222
2012-07,light,44.15,-79.866667
2012-07,light,35.4975000,-97.2686111
2012-07,light,48.50389,-122.23611
2012-07,light,39.6580556,-80.1713889
2012-07,light,40.9730556,-117.7347222
2012-07,light,33.8941667,-78.4269444
2012-07,light,44.3,-78.333333
2012-07,light,59.6425000,-151.5483333
2012-07,light,36.8525000,-121.4005556
2012-07,light,45.6797222,-111.0377778
2012-07,light,44.3,-78.333333
2012-07,light,33.6058333,-78.9733333
2012-07,light,39.7044444,-86.0097222
2012-07,light,42.0333333,-88.0833333
2012-07,light,42.4775000,-83.0277778
2012-07,light,41.6638889,-83.5552778
2012-07,light,47.3525000,-121.9825000
2012-07,light,48.2763889,-117.7144444
2012-07,light,38.3566667,-121.9866667
2012-07,light,18.268306,-78.347242
2012-07,light,41.4294444,-88.2286111
2012-07,light,41.6361111,-70.9347222
2012-07,light,39.5297222,-119.8127778
2012-07,circle,41.9697222,-84.3083333
2012-07,circle,37.1763889,-94.3100000
2012-07,circle,29.028318,-81.303118
2012-07,circle,44.8547222,-93.4705556
2012-07,circle,39.4141667,-77.4108333
2012-07,circle,41.6638889,-83.5552778
2012-07,circle,33.7591667,-118.0058333
2012-07,circle,40.4141667,-111.7577778
2012-07,circle,39.2902778,-84.5041667
2012-07,circle,41.4900000,-71.3133333
2012-07,circle,43.1547222,-77.6158333
2012-07,circle,47.2044444,-121.9902778
2012-07,circle,41.9666667,-71.4333333
2012-07,circle,40.3383333,-83.6772222
2012-07,circle,33.3272222,-80.1486111
2012-07,circle,43.5611111,-91.6358333
2012-07,circle,39.8016667,-89.6436111
2012-07,circle,35.2350000,-75.6288889
2012-07,circle,41.1544444,-96.0419444
2012-07,circle,34.092809,-118.328661
2012-07,circle,40.7230556,-73.9130556
2012-07,circle,40.2344444,-77.1363889
2012-07,circle,52.75,-4.066667
2012-07,circle,40.8583333,-73.1000000
2012-07,circle,44.7563889,-122.4155556
2012-07,circle,44.233333,-76.483333
2012-07,circle,-34.183333,22.133333
2012-07,circle,32.5419444,-97.3205556
2012-07,circle,41.2916667,-72.3766667
2012-07,circle,39.0483333,-95.6777778
2012-07,circle,38.908539,1.426558
2012-07,circle,40.1316667,-75.4600000
2012-07,circle,34.38628,-77.68831
2012-07,circle,43.532411,-76.166858
2012-07,circle,44.9583333,-124.0166667
2012-07,formation,28.2394444,-82.3280556
2012-07,formation,38.4972222,-122.9655556
2012-07,formation,43.45,-80.5
2012-07,formation,38.6302778,-82.6675000
2012-07,formation,39.2019444,-96.3047222
2012-07,formation,40.5725,-111.859722
2012-07,formation,40.9858333,-74.7425000
2012-07,formation,45.1872222,-87.1208333
2012-07,formation,34.4269444,-77.5463889
2012-07,flash,40.8519444,-76.6713889
2012-07,triangle,29.1380556,-80.9958333
2012-07,triangle,43.35,-81.483333
2012-07,triangle,43.1547222,-77.6158333
2012-07,triangle,42.3683333,-88.8219444
2012-07,triangle,25.942871,-80.12338
2012-07,triangle,34.9341667,-88.5222222
2012-07,triangle,38.8002778,-90.6263889
2012-07,triangle,33.9791667,-118.0319444
2012-07,triangle,47.1855556,-122.2916667
2012-07,triangle,43.4308333,-82.5425000
2012-07,cigar,32.7919444,-115.5622222
2012-07,cigar,44.7630556,-85.6205556
2012-07,cigar,35.957392,-75.624062
2012-07,cigar,34.891129,-112.950187
2012-07,cigar,46.433333,-62.066667
2012-07,cigar,43.1,-79.05
2012-07,oval,36.3319444,-94.1183333
2012-07,oval,40.7141667,-74.0063889
2012-07,oval,43.7694444,-74.8172222
2012-07,oval,40.3355556,-75.9272222
2012-07,oval,41.8500000,-87.6500000
2012-07,oval,45.2200000,-83.5208333
2012-07,oval,49.883333,-97.166667
2012-07,oval,43.316667,-79.8
2012-07,oval,45.5,-73.583333
2012-07,oval,38.8113889,-90.8527778
2012-07,oval,42.1577778,-78.7152778
2012-07,fireball,32.7152778,-117.1563889
2012-07,fireball,43.1775000,-83.7341667
2012-07,fireball,38.9822222,-94.6705556
2012-07,fireball,46.7163889,-122.9530556
2012-07,fireball,47.9786111,-122.3544444
2012-07,fireball,47.2530556,-122.4430556
2012-07,fireball,41.2330556,-80.4936111
2012-07,fireball,47.8211111,-122.3138889
2012-07,fireball,40.438992,-79.893512
2012-07,fireball,45.5,-73.583333
2012-07,fireball,43.6630556,-116.6863889
2012-07,fireball,28.9002778,-81.2638889
2012-07,fireball,29.8944444,-81.3147222
2012-07,fireball,42.7675000,-78.7441667
2012-07,fireball,27.7250000,-82.7413889
2012-07,fireball,47.8108333,-122.3761111
2012-07,fireball,39.7136111,-82.5994444
2012-07,fireball,45.5827778,-122.3522222
2012-07,fireball,35.9144444,-79.9722222
2012-07,fireball,41.3205556,-73.0894444
2012-07,fireball,43.0986111,-77.4422222
2012-07,fireball,40.579532,-74.150201
2012-07,fireball,27.9375000,-82.2861111
2012-07,fireball,42.033436,-70.095302
2012-07,fireball,41.7305556,-88.3458333
2012-07,fireball,47.6063889,-122.3308333
2012-07,fireball,40.8050000,-72.7613889
2012-07,fireball,42.8863889,-78.8786111
2012-07,fireball,45.4711111,-89.7297222
2012-07,fireball,44.0463889,-123.0208333
2012-07,fireball,42.7158333,-78.8297222
2012-07,fireball,40.6955556,-73.3261111
2012-07,fireball,42.9169444,-89.2177778
2012-07,fireball,42.8305556,-77.8972222
2012-07,fireball,40.3355556,-75.9272222
2012-07,fireball,40.4463889,-74.1786111
2012-07,fireball,41.0533333,-73.5391667
2012-07,fireball,33.6125000,-117.7119444
2012-07,fireball,33.7877778,-117.8522222
2012-07,fireball,34.1741667,-97.1433333
2012-07,fireball,50.45,-104.616667
2012-07,fireball,41.2019444,-77.2647222
2012-07,fireball,-36.84846,174.763332
2012-07,fireball,36.1197222,-80.0738889
2012-07,fireball,41.6986111,-88.0683333
2012-07,fireball,40.6444444,-80.4163889
2012-07,fireball,43.433333,-79.666667
2012-07,fireball,43.45,-80.5
2012-07,fireball,47.4705556,-122.3455556
2012-07,fireball,47.1055556,-122.0444444
2012-07,cylinder,37.6841667,-77.8855556
2012-07,,41.4047222,-81.7230556
2012-07,,37.9725000,-90.3897222
2012-07,,34.1425000,-118.2541667
2012-07,,42.3702778,-87.9019444
2012-07,,34.1425000,-118.2541667
2012-07,,31.3463889,-89.2600000
2012-07,,46.2858333,-119.2833333
2012-07,,35.022485,-114.58927
2012-07,,40.6638889,-74.2111111
2012-07,,44.0216667,-92.4697222
2012-07,,47.6063889,-122.3308333
2012-07,,43.0255556,-74.9863889
2012-07,,46.1541667,-119.0327778
2012-07,,38.8941667,-77.4313889
2012-07,,28.2438889,-82.7194444
2012-07,,43.15,-79.5
2012-07,,41.4666667,-86.4830556
2012-07,,33.8905556,-78.5686111
2012-07,,45.4872222,-122.8025000
2012-07,,37.7750000,-122.4183333
2012-07,,39.0997222,-94.5783333
2012-07,,42.1669444,-76.8208333
2012-07,disk,42.2458333,-84.4013889
2012-07,disk,44.9430556,-123.0338889
2012-07,disk,36.0013889,-94.0080556
2012-07,disk,30.3880556,-95.6961111
2012-07,disk,42.2141667,-83.1500000
2012-07,disk,39.1619444,-84.4569444
2012-07,egg,40.8338889,-80.5405556
2012-07,egg,40.5852778,-105.0838889
2012-07,egg,39.1433333,-77.2016667
2012-07,changing,38.8950000,-77.0366667
2012-07,changing,47.1041667,-122.4333333
2012-07,changing,38.5816667,-121.4933333
2012-07,changing,47.226667,8.816667
2012-07,sphere,39.7588889,-84.1916667
2012-07,sphere,36.1750000,-115.1363889
2012-07,sphere,43.6122222,-116.3905556
2012-07,sphere,41.9141667,-88.3086111
2012-07,sphere,45.9933333,-123.9213889
2012-07,sphere,40.691613,-112.00105
2012-07,sphere,40.7258333,-73.5147222
2012-07,sphere,41.708808,-70.213359
2012-07,sphere,40.2452778,-75.6500000
2012-07,sphere,36.0955556,-79.4380556
2012-07,sphere,45.5236111,-122.6750000
2012-07,sphere,39.6427778,-74.1808333
2012-07,sphere,38.7627778,-93.7358333
2012-07,sphere,32.7152778,-117.1563889
2012-07,sphere,30.4380556,-84.2808333
2012-07,sphere,37.81724,-96.862252
2012-07,sphere,37.6988889,-93.7958333
2012-07,sphere,41.1016667,-80.7647222
2012-07,sphere,35.9572222,-75.6244444
2012-07,sphere,43.6613889,-70.2558333
2012-07,sphere,46.24,-63.21
2012-07,rectangle,37.9747222,-81.5291667
2012-07,rectangle,44.9444444,-93.0930556
2012-07,rectangle,38.910841,-94.382172
2012-07,diamond,38.6580556,-77.2500000
2012-07,diamond,34.1388889,-118.3525000
2012-07,diamond,39.760767,-84.348225
2012-07,teardrop,38.4588889,-90.5363889
2012-07,teardrop,41.2586111,-95.9375000
2012-07,teardrop,35.7963889,-81.4308333
2012-07,teardrop,39.9111111,-85.1616667
2012-07,teardrop,41.4994444,-81.6955556
2012-07,cone,47.1855556,-122.2916667
2012-08,light,40.1561111,-79.9744444
2012-08,light,40.6461111,-111.4972222
2012-08,light,34.6991667,-86.7483333
2012-08,light,41.8244444,-72.8941667
2012-08,light,44.9583333,-124.0166667
2012-08,light,44.6366667,-123.1047222
2012-08,light,44.7433333,-92.8522222
2012-08,light,35.6008333,-82.5541667
2012-08,light,44.5366667,-122.9058333
2012-08,light,39.5297222,-119.8127778
2012-08,light,42.6550000,-86.2019444
2012-08,light,38.7525000,-122.6138889
2012-08,light,43.75,-79.2
2012-08,light,38.2541667,-85.7594444
2012-08,light,38.8950000,-77.0366667
2012-08,light,43.5408333,-116.5625000
2012-08,light,34.9186111,-95.3088889
2012-08,light,44.8550000,-69.9002778
2012-08,light,42.8863889,-78.8786111
2012-08,light,40.3088889,-76.5936111
2012-08,light,40.2969444,-111.6938889
2012-08,light,38.7430556,-94.8252778
2012-08,light,41.1577778,-80.0888889
2012-08,light,41.104299,-76.801825
2012-08,light,42.4772222,-88.0955556
2012-08,light,34.998067,-92.040612
2012-08,light,27.8002778,-97.3961111
2012-08,light,41.2586111,-95.9375000
2012-08,light,36.0997222,-80.2444444
2012-08,light,41.4169444,-81.6061111
2012-08,light,46.1652778,-123.9225000
2012-08,light,40.1738889,-80.2463889
2012-08,light,34.0522222,-118.2427778
2012-08,light,49.75,-107.483333
2012-08,light,49.9,-119.483333
2012-08,light,42.6727778,-88.5444444
2012-08,light,42.9633333,-85.6680556
2012-08,light,32.7152778,-117.1563889
2012-08,light,21.495496,-158.062655
2012-08,light,40.3275000,-80.0397222
2012-08,light,44.9430556,-123.0338889
2012-08,light,46.0930556,-95.8172222
2012-08,circle,48.4111111,-119.5263889
2012-08,circle,41.4444444,-87.6313889
2012-08,circle,44.6402778,-93.1433333
2012-08,circle,41.2586111,-95.9375000
2012-08,circle,30.2669444,-97.7427778
2012-08,circle,40.4058333,-79.9122222
2012-08,circle,46.0516667,-122.2983333
2012-08,circle,40.6936111,-89.5888889
2012-08,circle,40.6686111,-74.1147222
2012-08,circle,41.1563889,-80.5694444
2012-08,circle,36.0725000,-79.7922222
2012-08,circle,42.0852778,-83.6825000
2012-08,circle,43.316667,-79.8
2012-08,circle,39.6133333,-105.0161111
2012-08,circle,42.3200000,-89.0580556
2012-08,circle,43.25,-79.833333
2012-08,circle,43.1144444,-71.1002778
2012-08,circle,41.511995,-82.937692
2012-08,circle,41.9761111,-72.5922222
2012-08,circle,41.8897222,-87.9888889
2012-08,circle,30.5991667,-87.1611111
2012-08,formation,45.5236111,-122.6750000
2012-08,formation,41.4538889,-75.3830556
2012-08,formation,47.2044444,-121.9902778
2012-08,formation,40.6936111,-89.5888889
2012-08,formation,43.3277778,-78.1911111
2012-08,formation,42.6011111,-89.6383333
2012-08,formation,43.0388889,-87.9063889
2012-08,flash,40.7794444,-74.0241667
2012-08,flash,33.3061111,-111.8405556
2012-08,flash,45.737895,-122.48704
2012-08,flash,40.9244444,-75.3941667
2012-08,flash,49.083333,-116.1
2012-08,flash,39.8427778,-87.1113889
2012-08,triangle,38.5816667,-121.4933333
2012-08,triangle,40.6627778,-73.5519444
2012-08,triangle,33.6305556,-112.3325000
2012-08,triangle,29.0936111,-97.2888889
2012-08,triangle,35.2225000,-97.4391667
2012-08,triangle,42.7852778,-88.4050000
2012-08,triangle,43.3033333,-91.7855556
2012-08,triangle,39.3577778,-78.0402778
2012-08,triangle,47.930084,-116.650248
2012-08,triangle,42.3583333,-71.0602778
2012-08,triangle,42.3583333,-71.0602778
2012-08,triangle,53.616667,-2.15
2012-08,cigar,36.3133333,-82.3536111
2012-08,cigar,33.2441667,-86.8163889
2012-08,cigar,27.273049,-80.358226
2012-08,cigar,33.1580556,-117.3497222
2012-08,oval,43.95,-78.3
2012-08,oval,25.9013889,-97.4972222
2012-08,oval,44.8613889,-92.6236111
2012-08,oval,40.0386111,-76.1825000
2012-08,oval,39.5319444,-78.4586111
2012-08,oval,43.797762,-88.003208
2012-08,oval,47.4830556,-122.2158333
2012-08,oval,29.3011111,-94.7975000
2012-08,oval,41.4816667,-72.6816667
2012-08,oval,42.9766667,-78.5922222
2012-08,fireball,40.5725,-111.859722
2012-08,fireball,20.7850000,-156.4655556
2012-08,fireball,42.0675000,-123.7019444
2012-08,fireball,40.4416667,-74.1302778
2012-08,fireball,40.9977778,-72.2930556
2012-08,fireball,40.4405556,-79.9961111
2012-08,fireball,33.5091667,-111.8983333
2012-08,fireball,41.7352778,-70.1944444
2012-08,fireball,29.7630556,-95.3630556
2012-08,fireball,40.8255556,-73.2030556
2012-08,fireball,33.6888889,-78.8869444
2012-08,fireball,40.7516667,-92.4147222
2012-08,fireball,42.3583333,-71.0602778
2012-08,fireball,40.7350000,-73.6883333
2012-08,fireball,40.9750000,-81.4083333
2012-08,fireball,39.0436111,-77.4877778
2012-08,fireball,34.0230556,-84.3616667
2012-08,fireball,39.6513889,-75.3286111
2012-08,fireball,42.316667,-82.9
2012-08,fireball,41.9833333,-71.3333333
2012-08,fireball,45.1563889,-87.1680556
2012-08,fireball,43.383333,-80.316667
2012-08,fireball,43.0202778,-123.2919444
2012-08,fireball,39.9611111,-82.9988889
2012-08,fireball,47.6063889,-122.3308333
2012-08,fireball,41.6527778,-70.2833333
2012-08,fireball,40.9008333,-73.3436111
2012-08,fireball,45.3575000,-122.6055556
2012-08,fireball,35.6511111,-78.8338889
2012-08,fireball,34.2011111,-118.5355556
2012-08,cylinder,43.0730556,-89.4011111
2012-08,cylinder,35.2783333,-93.1336111
2012-08,cylinder,42.7652778,-71.4680556
2012-08,,41.4538889,-75.3830556
2012-08,,42.0986111,-75.9183333
2012-08,,39.9611111,-82.9988889
2012-08,,41.121012,-78.758326
2012-08,,48.466667,-81.333333
2012-08,,41.611143,-86.722719
2012-08,,42.9836111,-77.3261111
2012-08,,39.1855556,-78.1636111
2012-08,,42.1291667,-80.0852778
2012-08,,56.663445,16.356779
2012-08,,39.7627778,-86.3997222
2012-08,,45.5236111,-122.6750000
2012-08,,34.261118,-116.84503
2012-08,,34.8719444,-85.5091667
2012-08,,46.7833333,-92.1063889
2012-08,,45.6722222,-118.7875000
2012-08,,36.5041667,-88.8741667
2012-08,,32.4486111,-99.7327778
2012-08,,40.6855556,-76.1958333
2012-08,,33.8752778,-117.5655556
2012-08,,41.6441667,-93.4644444
2012-08,,41.63972,-72.339411
2012-08,,33.5777778,-101.8547222
2012-08,,52.654145,-7.244788
2012-08,,43.2080556,-71.5380556
2012-08,,33.5377778,-92.4697222
2012-08,,24.6694444,-81.3541667
2012-08,,41.4644444,-81.5088889
2012-08,,26.3583333,-80.0833333
2012-08,,39.7391667,-104.9841667
2012-08,,44.9022222,-85.0608333
2012-08,,36.6436111,-93.2183333
2012-08,,40.0333333,-83.1583333
2012-08,disk,39.7850000,-85.7694444
2012-08,disk,43.0513889,-83.3188889
2012-08,disk,43.9808333,-84.4863889
2012-08,disk,39.9441667,-74.0733333
2012-08,disk,29.7630556,-95.3630556
2012-08,disk,33.6602778,-117.9983333
2012-08,changing,33.6888889,-78.8869444
2012-08,changing,36.7477778,-119.7713889
2012-08,changing,41.6611111,-91.5300000
2012-08,changing,32.3291667,-96.6250000
2012-08,changing,33.671472,-111.880706
2012-08,sphere,41.8025000,-71.8863889
2012-08,sphere,44.9430556,-123.0338889
2012-08,sphere,42.4930556,-89.0366667
2012-08,sphere,34.9386111,-82.2272222
2012-08,sphere,40.0580556,-82.4013889
2012-08,sphere,37.7800000,-121.9769444
2012-08,sphere,48.6330556,-112.3252778
2012-08,sphere,41.5875000,-109.2022222
2012-08,sphere,34.0336111,-117.0422222
2012-08,sphere,45.5200000,-123.0586111
2012-08,sphere,37.3394444,-121.8938889
2012-08,sphere,46.2000000,-119.0119444
2012-08,sphere,33.6888889,-78.8869444
2012-08,sphere,45.7255556,-121.8180556
2012-08,sphere,36.2841667,-82.1727778
2012-08,sphere,41.4047222,-81.7230556
2012-08,sphere,36.9438889,-82.4641667
2012-08,sphere,29.4238889,-98.4933333
2012-08,sphere,45.0602778,-123.6080556
2012-08,sphere,45.266667,-71.516667
2012-08,rectangle,35.9911111,-106.0800000
2012-08,rectangle,46.9422222,-122.6047222
2012-08,chevron,51.481581,-3.17909
2012-08,chevron,39.1638889,-119.7663889
2012-08,diamond,54.727161,-100.484267
2012-08,diamond,39.9611111,-82.9988889
2012-08,diamond,40.8427778,-73.2933333
2012-08,diamond,48.1183333,-123.4294444
2012-08,cross,39.3575000,-100.4413889
2012-08,teardrop,40.1672222,-105.1013889
2012-08,teardrop,43.0716667,-70.7630556
2012-08,cone,47.0380556,-122.8994444
2012-09,light,42.9038889,-78.6925000
2012-09,light,42.983333,-81.25
2012-09,light,45.501411,-68.442796
2012-09,light,41.2794444,-72.5988889
2012-09,light,46.216667,-63.483333
2012-09,light,42.5294444,-83.7802778
2012-09,light,36.7533333,-86.1905556
2012-09,light,44.4888889,-71.5697222
2012-09,light,40.0638889,-80.7211111
2012-09,light,41.6752778,-85.7061111
2012-09,light,33.824271,-84.264644
2012-09,light,40.336419,-74.433047
2012-09,light,40.9444444,-72.6275000
2012-09,light,28.2394444,-82.3280556
2012-09,light,41.8050000,-80.9483333
2012-09,light,36.2944444,-76.2513889
2012-09,light,44.15,-79.866667
2012-09,light,46.0647222,-118.3419444
2012-09,light,33.8941667,-78.4269444
2012-09,light,34.0552778,-117.7513889
2012-09,light,56.066667,-95.633333
2012-09,light,42.0833333,-71.0188889
2012-09,light,42.8863889,-78.8786111
2012-09,light,42.0916667,-70.7061111
2012-09,light,47.9544444,-117.4758333
2012-09,light,44.4583333,-93.1613889
2012-09,light,60.666667,15.766667
2012-09,light,42.6727778,-88.5444444
2012-09,light,39.1730556,-77.2719444
2012-09,light,44.8011111,-68.7783333
2012-09,light,33.6305556,-112.3325000
2012-09,light,38.8338889,-104.8208333
2012-09,light,39.1711111,-92.3452778
2012-09,circle,51.514125,-.093689
2012-09,circle,35.7719444,-78.6388889
2012-09,circle,35.5400000,-75.4733333
2012-09,circle,37.9966667,-88.9200000
2012-09,circle,38.8119444,-94.5316667
2012-09,circle,33.4222222,-111.8219444
2012-09,circle,38.2558333,-119.2302778
2012-09,circle,33.6694444,-117.8222222
2012-09,circle,42.9177778,-90.2733333
2012-09,circle,32.5363889,-94.9425000
2012-09,circle,40.9866667,-75.1950000
2012-09,circle,41.6763889,-71.9155556
2012-09,circle,34.5361111,-117.2902778
2012-09,circle,43.1705556,-78.6905556
2012-09,circle,35.5666667,-75.4688889
2012-09,circle,44.0522222,-123.0855556
2012-09,circle,39.2902778,-76.6125000
2012-09,circle,33.68906,-78.886694
2012-09,circle,42.586888,-82.919551
2012-09,circle,31.1169444,-97.7275000
2012-09,circle,44.1269444,-123.2633333
2012-09,circle,49.966667,-98.3
2012-09,circle,32.7152778,-117.1563889
2012-09,circle,35.3338889,-98.1302778
2012-09,formation,36.1750000,-115.1363889
2012-09,formation,35.2847222,-81.2841667
2012-09,formation,35.5400000,-75.4733333
2012-09,formation,36.7533333,-86.1905556
2012-09,flash,36.2080556,-86.2911111
2012-09,flash,45.6797222,-111.0377778
2012-09,flash,49.216667,-84.783333
2012-09,triangle,41.596993,-82.710182
2012-09,triangle,38.4325000,-82.0202778
2012-09,triangle,40.0427778,-86.1275000
2012-09,triangle,41.1238889,-100.7650000
2012-09,triangle,39.6416667,-77.7202778
2012-09,triangle,36.7958333,-89.9577778
2012-09,triangle,41.3361111,-75.9636111
2012-09,triangle,39.7588889,-84.1916667
2012-09,triangle,37.9975000,-121.7113889
2012-09,triangle,45.2461111,-93.4519444
2012-09,triangle,43.352829,-88.129139
2012-09,triangle,26.2513889,-80.1791667
2012-09,cigar,43.1977778,-70.8741667
2012-09,oval,41.6819444,-85.9766667
2012-09,oval,43.5780556,-70.3222222
2012-09,oval,26.6402778,-81.8725000
2012-09,oval,42.1680556,-88.4280556
2012-09,oval,30.7486111,-99.2302778
2012-09,oval,40.0063889,-75.7036111
2012-09,oval,43.0255556,-74.9863889
2012-09,oval,35.6225000,-117.6700000
2012-09,fireball,45.583333,-72
2012-09,fireball,45.466667,-75.516667
2012-09,fireball,41.3080556,-72.9286111
2012-09,fireball,40.5063889,-79.8433333
2012-09,fireball,40.1244444,-87.6300000
2012-09,fireball,43.0386111,-78.8644444
2012-09,fireball,41.603221,-73.087749
2012-09,fireball,51.7025,-4.775278
2012-09,fireball,39.6294444,-79.9561111
2012-09,fireball,29.8944444,-81.3147222
2012-09,fireball,43.0386111,-78.8644444
2012-09,fireball,39.7683333,-86.1580556
2012-09,fireball,43.0116667,-88.2313889
2012-09,fireball,34.8027778,-86.9716667
2012-09,fireball,41.2222222,-73.0569444
2012-09,fireball,40.858433,-74.163755
2012-09,fireball,40.7141667,-74.0063889
2012-09,fireball,38.5816667,-121.4933333
2012-09,fireball,45.5236111,-122.6750000
2012-09,fireball,42.1291667,-80.0852778
2012-09,fireball,46.324555,-119.025426
2012-09,fireball,32.7252778,-97.3205556
2012-09,fireball,27.9472222,-82.4586111
2012-09,fireball,42.2625000,-71.8027778
2012-09,fireball,38.8113889,-89.9530556
2012-09,fireball,33.643141,-117.641114
2012-09,fireball,47.9655556,-118.9750000
2012-09,fireball,39.6136111,-86.1066667
2012-09,fireball,41.6638889,-83.5552778
2012-09,fireball,39.8341667,-96.0638889
2012-09,fireball,37.8227778,-121.2755556
2012-09,cylinder,33.6675000,-84.0177778
2012-09,cylinder,39.3150000,-84.2208333
2012-09,,33.7488889,-84.3880556
2012-09,,42.4183333,-71.1066667
2012-09,,34.0027778,-84.1447222
2012-09,,28.3644444,-82.1961111
2012-09,,40.8258333,-74.2094444
2012-09,,44.2272222,-73.0577778
2012-09,,42.3266667,-122.8744444
2012-09,,39.399835,-8.22491
2012-09,,47.0533333,-109.9097222
2012-09,,40.4405556,-79.9961111
2012-09,,39.7683333,-86.1580556
2012-09,,49.883333,-97.166667
2012-09,,41.7719444,-80.8547222
2012-09,,31.4622222,-97.1955556
2012-09,,30.5991667,-87.1611111
2012-09,,42.3702778,-87.9019444
2012-09,,43.2227778,-71.3325000
2012-09,,35.9911111,-106.0800000
2012-09,,39.1141667,-94.6272222
2012-09,,36.7855556,-108.6863889
2012-09,disk,35.5400000,-75.4733333
2012-09,disk,33.4483333,-112.0733333
2012-09,disk,31.5544444,-110.3030556
2012-09,disk,23.0667,88.8167
2012-09,disk,41.8455556,-87.7538889
2012-09,egg,43.166667,-79.233333
2012-09,egg,41.0658333,-75.3202778
2012-09,egg,41.1419444,-87.8611111
2012-09,egg,43.6122222,-116.3905556
2012-09,changing,40.7566667,-88.1911111
2012-09,changing,37.8044444,-122.2697222
2012-09,sphere,39.9611111,-82.9988889
2012-09,sphere,43.316667,-79.8
2012-09,sphere,-31.95224,115.861397
2012-09,sphere,44.2727778,-121.1727778
2012-09,sphere,32.7152778,-117.1563889
2012-09,sphere,43.1,-79.05
2012-09,sphere,39.1619444,-84.4569444
2012-09,sphere,55.166667,-118.8
2012-09,sphere,48.5936111,-122.4152778
2012-09,sphere,40.234231,-82.45127
2012-09,sphere,27.8002778,-97.3961111
2012-09,sphere,33.3527778,-111.7883333
2012-09,sphere,42.1102778,-88.0341667
2012-09,rectangle,40.0991667,-83.1141667
2012-09,rectangle,26.1416667,-81.7950000
2012-09,chevron,40.1672222,-105.1013889
2012-09,chevron,34.2783333,-119.2922222
2012-09,diamond,40.9597222,-72.9966667
2012-09,diamond,46.5705556,-123.2961111
2012-09,diamond,36.804169,-114.06882
2012-09,cross,36.2694444,-95.8544444
2012-09,teardrop,51.514125,-.093689
2012-09,cone,35.3000000,-106.5505556
2012-10,light,39.6527778,-78.7627778
2012-10,light,33.8730556,-78.6144444
2012-10,light,54.766667,-1.566667
2012-10,light,40.8486111,-111.9061111
2012-10,light,51.5,-3.2
2012-10,light,64.8377778,-147.7163889
2012-10,light,33.9191667,-118.4155556
2012-10,light,41.8452778,-71.3525000
2012-10,light,34.1477778,-119.1941667
2012-10,light,51.083333,-114.083333
2012-10,light,40.4405556,-79.9961111
2012-10,light,42.2780556,-74.9163889
2012-10,light,3.043061,101.440657
2012-10,light,31.0636111,-98.1813889
2012-10,light,36.1988889,-115.1166667
2012-10,light,40.2308333,-75.5225000
2012-10,light,47.0380556,-122.8994444
2012-10,light,41.2616667,-75.8972222
2012-10,light,30.1577778,-95.4891667
2012-10,light,38.8338889,-104.8208333
2012-10,light,33.6888889,-78.8869444
2012-10,light,44.563889,27.366111
2012-10,light,31.7091667,-98.9908333
2012-10,light,33.49417,-111.926052
2012-10,light,43.0125000,-83.6875000
2012-10,light,44.7150000,-67.4619444
2012-10,light,30.5080556,-97.6786111
2012-10,light,36.1750000,-115.1363889
2012-10,light,33.5386111,-112.1852778
2012-10,light,36.2138889,-83.2950000
2012-10,light,39.8066667,-101.0416667
2012-10,light,44.0522222,-123.0855556
2012-10,light,26.2030556,-98.2297222
2012-10,circle,43.9186111,-69.8016667
2012-10,circle,42.7883333,-71.2013889
2012-10,circle,35.3805556,-106.4786111
2012-10,circle,40.5622222,-111.9288889
2012-10,circle,40.9747222,-80.4938889
2012-10,circle,35.5272222,-86.3336111
2012-10,circle,38.917488,-77.237997
2012-10,circle,41.7411111,-70.5994444
2012-10,circle,32.7919444,-115.5622222
2012-10,circle,39.1619444,-84.4569444
2012-10,circle,35.1083333,-77.0444444
2012-10,circle,39.8775000,-84.3022222
2012-10,circle,28.3641667,-82.6936111
2012-10,circle,33.6888889,-78.8869444
2012-10,circle,42.1211111,-88.2577778
2012-10,circle,44.6111111,-69.3350000
2012-10,formation,36.1750000,-115.1363889
2012-10,formation,36.2961111,-119.1411111
2012-10,formation,41.2269444,-80.2400000
2012-10,formation,39.11376,-76.726777
2012-10,formation,38.9125000,-75.4283333
2012-10,formation,33.6888889,-78.8869444
2012-10,flash,37.9736111,-122.5300000
2012-10,flash,28.0680556,-80.5605556
2012-10,flash,29.5686111,-97.9644444
2012-10,triangle,38.9783333,-76.4925000
2012-10,triangle,44.7822222,-88.6088889
2012-10,triangle,38.5450000,-121.7394444
2012-10,triangle,39.5741667,-77.5508333
2012-10,triangle,43.9,-78.866667
2012-10,triangle,44.0280556,-92.8544444
2012-10,triangle,42.9133333,-85.7052778
2012-10,triangle,31.5544444,-110.3030556
2012-10,triangle,30.4505556,-91.1544444
2012-10,triangle,35.1083333,-77.0444444
2012-10,triangle,32.544416,-117.030123
2012-10,triangle,33.9908333,-118.4591667
2012-10,triangle,34.7463889,-92.2894444
2012-10,triangle,40.8861111,-73.2577778
2012-10,triangle,39.2402778,-76.8397222
2012-10,cigar,-33.933333,147.25
2012-10,cigar,40.5308333,-112.2975000
2012-10,cigar,36.3436111,-83.2841667
2012-10,oval,45.416667,-75.7
2012-10,oval,34.2788889,-94.0505556
2012-10,oval,27.8394444,-82.7913889
2012-10,oval,38.2544444,-104.6086111
2012-10,oval,41.2222222,-73.0569444
2012-10,oval,33.6602778,-117.9983333
2012-10,oval,33.8752778,-117.5655556
2012-10,oval,42.5802778,-83.0302778
2012-10,oval,39.1855556,-78.1636111
2012-10,fireball,34.4208333,-119.6972222
2012-10,fireball,29.663547,-85.355475
2012-10,fireball,32.3122222,-106.7777778
2012-10,fireball,47.5561111,-122.5436111
2012-10,fireball,33.7455556,-117.8669444
2012-10,fireball,29.2855556,-81.0561111
2012-10,fireball,39.9180556,-75.0716667
2012-10,fireball,38.2325000,-122.6355556
2012-10,fireball,51.183333,.283333
2012-10,fireball,42.1219444,-77.9483333
2012-10,fireball,36.1658333,-86.7844444
2012-10,fireball,36.0533333,-87.3125000
2012-10,cylinder,38.6272222,-90.1977778
2012-10,cylinder,37.6741667,-82.2775000
2012-10,,47.1772222,-122.1852778
2012-10,,47.1772222,-122.1852778
2012-10,,43.166667,-79.233333
2012-10,,33.5091667,-111.8983333
2012-10,,41.2586111,-95.9375000
2012-10,,41.7797222,-71.4377778
2012-10,,39.1369444,-76.6986111
2012-10,,37.280971,-79.896982
2012-10,,36.8527778,-75.9783333
2012-10,,46.6022222,-120.5047222
2012-10,,52.516667,13.4
2012-10,,42.6055556,-83.1500000
2012-10,,42.491944,-83.023889
2012-10,,40.1766667,-75.5480556
2012-10,,34.6591667,-93.6908333
2012-10,,42.0177778,-71.5416667
2012-10,,32.2530556,-93.1655556
2012-10,,33.9611111,-116.5008333
2012-10,,36.1658333,-86.7844444
2012-10,,37.4750000,-77.7791667
2012-10,,33.1283333,-107.2522222
2012-10,,33.9525000,-84.5500000
2012-10,,33.6850000,-117.2722222
2012-10,disk,44.8408333,-93.2980556
2012-10,disk,42.4133333,-89.0091667
2012-10,disk,42.4791667,-71.1527778
2012-10,disk,43.1050000,-88.3419444
2012-10,disk,41.1305556,-85.1288889
2012-10,disk,38.5816667,-121.4933333
2012-10,disk,38.6272222,-90.1977778
2012-10,egg,41.3275000,-73.8200000
2012-10,egg,36.0725000,-79.7922222
2012-10,egg,-28.00029,153.430878
2012-10,changing,34.0005556,-81.0350000
2012-10,changing,30.2669444,-97.7427778
2012-10,changing,38.910841,-94.382172
2012-10,changing,45.5,-73.583333
2012-10,changing,27.9011111,-81.5861111
2012-10,changing,32.4366667,-111.2247222
2012-10,changing,43.383333,-80.316667
2012-10,changing,43.1050000,-88.3419444
2012-10,sphere,39.2463889,-82.4786111
2012-10,sphere,36.8188889,-76.2752778
2012-10,sphere,44.2563889,-70.2566667
2012-10,sphere,33.6058333,-78.9733333
2012-10,sphere,41.6638889,-83.5552778
2012-10,sphere,33.9813889,-81.2363889
2012-10,sphere,32.7763889,-79.9311111
2012-10,sphere,41.8661111,-88.1069444
2012-10,sphere,36.9052778,-82.3111111
2012-10,rectangle,43.666667,-79.416667
2012-10,rectangle,33.7397222,-116.4119444
2012-10,rectangle,41.6688889,-87.7386111
2012-10,rectangle,40.8050000,-81.9352778
2012-10,chevron,41.4730556,-87.0611111
2012-10,chevron,38.4405556,-122.7133333
2012-10,diamond,44.356574,-78.740754
2012-10,diamond,41.2052778,-76.0052778
2012-10,teardrop,35.0455556,-85.3097222
2012-11,light,38.1361111,-81.0997222
2012-11,light,40.8122222,-73.0788889
2012-11,light,27.9655556,-82.8002778
2012-11,light,44.5519444,-69.6322222
2012-11,light,35.6150000,-87.0352778
2012-11,light,41.1975000,-73.9650000
2012-11,light,30.2866667,-89.3761111
2012-11,light,47.2530556,-122.4430556
2012-11,light,39.6416667,-77.7202778
2012-11,light,44.5519444,-69.6322222
2012-11,light,46.823102,-92.224844
2012-11,light,40.4147222,-74.2300000
2012-11,light,41.814094,-103.636272
2012-11,light,34.1486111,-118.3955556
2012-11,light,42.8863889,-78.8786111
2012-11,light,33.4250000,-94.0475000
2012-11,light,37.5630556,-122.3244444
2012-11,light,43.5008333,-70.4433333
2012-11,light,43.1636111,-73.0727778
2012-11,light,40.2969444,-111.6938889
2012-11,light,39.3869444,-94.5808333
2012-11,light,34.2255556,-77.9450000
2012-11,light,38.7333333,-104.7194444
2012-11,light,33.4330556,-79.1216667
2012-11,light,40.7258333,-73.5147222
2012-11,light,61.2180556,-149.9002778
2012-11,light,41.083152,-73.920137
2012-11,light,37.5958333,-122.0180556
2012-11,light,35.6150000,-87.0352778
2012-11,light,44.7894444,-93.6019444
2012-11,circle,25.580832,-80.346859
2012-11,circle,39.4861111,-77.7000000
2012-11,circle,41.447569,-71.524667
2012-11,circle,34.0975000,-117.6475000
2012-11,circle,42.1947222,-122.7083333
2012-11,circle,40.9466667,-124.0994444
2012-11,circle,41.7355556,-111.8336111
2012-11,circle,39.9536111,-74.1983333
2012-11,circle,29.0336111,-95.4341667
2012-11,circle,48.7597222,-122.4869444
2012-11,circle,32.8233333,-97.1702778
2012-11,circle,40.5852778,-105.0838889
2012-11,circle,43.033333,-80.883333
2012-11,circle,43.7358333,-70.5525000
2012-11,circle,21.3069444,-157.8583333
2012-11,circle,44.5519444,-69.6322222
2012-11,circle,38.8008333,-77.3258333
2012-11,circle,32.7938889,-79.8627778
2012-11,circle,42.1102778,-88.0341667
2012-11,circle,47.5288889,-121.8241667
2012-11,circle,40.9519444,-76.4600000
2012-11,circle,43.0083333,-97.1063889
2012-11,circle,7.341063,134.47716
2012-11,circle,35.9172222,-82.3011111
2012-11,circle,40.6994444,-99.0811111
2012-11,circle,41.1016667,-80.7647222
2012-11,circle,41.6388889,-70.9708333
2012-11,circle,36.9741667,-122.0297222
2012-11,circle,28.5380556,-81.3794444
2012-11,circle,43.15,-79.5
2012-11,circle,50.75,-120.85
2012-11,circle,34.8525000,-82.3941667
2012-11,circle,28.5380556,-81.3794444
2012-11,formation,42.9633333,-85.6680556
2012-11,formation,43.8716667,-71.9147222
2012-11,formation,42.423857,-70.982599
2012-11,formation,41.5250000,-88.0816667
2012-11,formation,34.1722222,-118.3780556
2012-11,formation,33.4483333,-112.0733333
2012-11,formation,43.2080556,-71.5380556
2012-11,formation,33.1958333,-80.0133333
2012-11,formation,33.6888889,-78.8869444
2012-11,flash,33.3941667,-104.5225000
2012-11,flash,51.216667,-.566667
2012-11,flash,35.0844444,-106.6505556
2012-11,triangle,42.8125000,-86.0186111
2012-11,triangle,31.8513889,-97.2177778
2012-11,triangle,33.9480556,-86.4727778
2012-11,triangle,33.9908333,-118.4591667
2012-11,triangle,38.8019444,-94.4525000
2012-11,triangle,41.9000000,-71.0902778
2012-11,triangle,35.9555556,-80.0055556
2012-11,triangle,43.1133333,-73.1036111
2012-11,triangle,36.0305556,-75.6763889
2012-11,triangle,40.7141667,-74.0063889
2012-11,triangle,38.6272222,-90.1977778
2012-11,triangle,38.2541667,-85.7594444
2012-11,triangle,34.5441667,-91.9688889
2012-11,triangle,38.7522222,-121.2869444
2012-11,triangle,34.9852778,-80.5497222
2012-11,triangle,43.4016667,-94.8325000
2012-11,triangle,46.0494444,-118.3872222
2012-11,triangle,45.6388889,-122.6602778
2012-11,triangle,41.9761111,-72.5922222
2012-11,triangle,35.6505556,-78.4566667
2012-11,triangle,41.3683333,-82.1077778
2012-11,cigar,42.9708333,-82.4250000
2012-11,oval,44.2563889,-70.2566667
2012-11,oval,3.139003,101.686855
2012-11,fireball,29.3991667,-95.8375000
2012-11,fireball,46.1383333,-122.9369444
2012-11,fireball,51.1,-115.35
2012-11,fireball,43.3044444,-70.9761111
2012-11,fireball,42.0500000,-71.8805556
2012-11,fireball,42.2575000,-83.2111111
2012-11,fireball,41.2222222,-73.0569444
2012-11,fireball,41.0127778,-81.6052778
2012-11,fireball,34.0230556,-84.3616667
2012-11,fireball,40.1213889,-75.3402778
2012-11,fireball,38.5816667,-121.4933333
2012-11,fireball,44.1336111,-89.5230556
2012-11,fireball,45.6388889,-122.6602778
2012-11,fireball,34.1169444,-83.5725000
2012-11,fireball,31.1502778,-81.3697222
2012-11,fireball,33.8675000,-117.9972222
2012-11,fireball,42.5777778,-70.7694444
2012-11,fireball,45.8208333,-120.8205556
2012-11,fireball,33.9802778,-118.4508333
2012-11,fireball,12.879721,121.774017
2012-11,fireball,27.2436111,-80.8300000
2012-11,fireball,40.7719444,-80.7683333
2012-11,fireball,41.3947222,-73.4544444
2012-11,fireball,45.5236111,-122.6750000
2012-11,fireball,41.5052778,-82.0283333
2012-11,fireball,41.8455556,-87.7538889
2012-11,fireball,34.3386111,-78.7033333
2012-11,cylinder,38.303184,-77.46054
2012-11,cylinder,34.0186111,-95.2661111
2012-11,cylinder,38.2811111,-80.8527778
2012-11,cylinder,42.2411111,-83.6130556
2012-11,,40.5308333,-112.2975000
2012-11,,20.296059,85.82454
2012-11,,40.6686111,-74.1147222
2012-11,,28.0219444,-81.7330556
2012-11,,40.5725,-111.859722
2012-11,,47.8211111,-122.3138889
2012-11,,43.6136111,-116.2025000
2012-11,,41.9666667,-71.5500000
2012-11,,37.6922222,-97.3372222
2012-11,,38.2544444,-104.6086111
2012-11,,38.1905556,-116.3691667
2012-11,,35.6008333,-82.5541667
2012-11,,39.4452778,-83.8286111
2012-11,,27.9655556,-82.8002778
2012-11,,37.2708333,-79.9416667
2012-11,,41.6330556,-81.4688889
2012-11,,26.6833333,-80.2800000
2012-11,,38.8941667,-77.4313889
2012-11,,36.6061111,-118.0619444
2012-11,,41.823995,-90.538966
2012-11,,41.1838889,-97.0036111
2012-11,,42.6813889,-78.9755556
2012-11,,29.9116667,-95.0619444
2012-11,,36.1750000,-115.1363889
2012-11,,42.8141667,-73.9400000
2012-11,,46.2272222,-116.0283333
2012-11,,35.9605556,-83.9208333
2012-11,,41.2586111,-95.9375000
2012-11,,32.2216667,-110.9258333
2012-11,,38.8402778,-77.4291667
2012-11,,36.1988889,-115.1166667
2012-11,,42.1013889,-72.5902778
2012-11,,29.7027778,-98.1241667
2012-11,,36.8744444,-94.8772222
2012-11,disk,36.1750000,-115.1363889
2012-11,disk,27.8425000,-82.6997222
2012-11,disk,36.8177778,-80.6100000
2012-11,disk,35.0844444,-106.6505556
2012-11,disk,61.2180556,-149.9002778
2012-11,disk,41.936256,-74.016143
2012-11,egg,34.1241667,-81.2375000
2012-11,changing,39.0955556,-121.5511111
2012-11,changing,40.9866667,-75.1950000
2012-11,changing,33.8302778,-116.5444444
2012-11,changing,31.1238889,-97.9027778
2012-11,sphere,38.4088889,-121.3705556
2012-11,sphere,36.0725000,-79.7922222
2012-11,sphere,41.7797222,-71.4377778
2012-11,sphere,43.2983333,-72.4827778
2012-11,sphere,38.7891667,-90.3225000
2012-11,sphere,26.5250000,-80.0666667
2012-11,sphere,26.2708333,-80.2708333
2012-11,sphere,40.0394444,-84.2033333
2012-11,sphere,41.5963889,-72.8780556
2012-11,sphere,40.2319444,-92.7083333
2012-11,sphere,41.5963889,-72.8780556
2012-11,sphere,30.1763889,-85.8055556
2012-11,sphere,40.6936111,-89.5888889
2012-11,rectangle,34.1722222,-118.3780556
2012-11,rectangle,40.2577778,-75.7266667
2012-11,rectangle,45.6388889,-122.6602778
2012-11,rectangle,49.261226,-123.113927
2012-11,chevron,39.9783333,-86.1180556
2012-11,diamond,37.8716667,-122.2716667
2012-11,diamond,42.3266667,-122.8744444
2012-11,teardrop,40.8163889,-79.5222222
2012-11,teardrop,36.6691667,-97.8008333
2012-11,teardrop,41.8238889,-71.4133333
2012-12,light,33.4477778,-96.7472222
2012-12,light,38.9125000,-75.4283333
2012-12,light,55.55,-3.85
2012-12,light,42.0986111,-75.9183333
2012-12,light,45.0547222,-97.3294444
2012-12,light,34.3113889,-89.9441667
2012-12,light,43.25,-79.833333
2012-12,light,41.9269444,-73.9977778
2012-12,light,33.6888889,-78.8869444
2012-12,light,34.3450000,-112.1583333
2012-12,light,28.7572222,-81.3394444
2012-12,light,43.1905556,-112.3441667
2012-12,light,34.0216667,-86.0886111
2012-12,light,37.2152778,-93.2980556
2012-12,light,35.3733333,-119.0177778
2012-12,light,42.3750000,-71.0397222
2012-12,light,37.3394444,-121.8938889
2012-12,light,53.433333,-1.35
2012-12,light,30.7108333,-94.9327778
2012-12,light,43.6136111,-116.2025000
2012-12,light,26.7052778,-80.0366667
2012-12,light,41.9538889,-72.7891667
2012-12,light,32.7152778,-117.1563889
2012-12,light,43.1880556,-97.8383333
2012-12,light,44.843305,-75.546362
2012-12,light,31.5686111,-111.0516667
2012-12,light,45.45,-74.15
2012-12,light,39.5350000,-119.7516667
2012-12,light,40.1672222,-105.1013889
2012-12,light,33.2147222,-97.1327778
2012-12,light,42.9783333,-78.8000000
2012-12,light,33.6888889,-78.8869444
2012-12,light,41.7688889,-87.8577778
2012-12,light,38.9783333,-76.4925000
2012-12,light,39.6836111,-75.7500000
2012-12,light,44.9444444,-93.0930556
2012-12,light,45.5236111,-122.6750000
2012-12,light,37.6144444,-93.4102778
2012-12,light,44.3288889,-72.1694444
2012-12,light,26.271192,-80.270604
2012-12,circle,40.2736111,-76.8847222
2012-12,circle,52.333333,-.533333
2012-12,circle,35.3052778,-76.7888889
2012-12,circle,35.4894444,-120.6697222
2012-12,circle,43.2166667,-123.3405556
2012-12,circle,35.7566667,-92.5244444
2012-12,circle,45.133333,-76.133333
2012-12,circle,31.1430556,-90.4586111
2012-12,circle,42.783333,-81.183333
2012-12,circle,10.5,-66.916667
2012-12,circle,43.3872222,-87.8755556
2012-12,formation,38.2541667,-85.7594444
2012-12,formation,39.7588889,-84.1916667
2012-12,flash,28.9002778,-81.2638889
2012-12,flash,35.7972222,-82.6841667
2012-12,flash,29.9544444,-90.0750000
2012-12,triangle,43.4366667,-71.1727778
2012-12,triangle,34.0522222,-118.2427778
2012-12,triangle,42.3369444,-71.2097222
2012-12,triangle,34.5519444,-77.9263889
2012-12,triangle,40.4591667,-90.6716667
2012-12,triangle,34.1336111,-117.9066667
2012-12,triangle,36.2969444,-86.8883333
2012-12,triangle,41.1411111,-73.2641667
2012-12,triangle,42.7261111,-87.7827778
2012-12,triangle,32.0833333,-81.1000000
2012-12,triangle,44.0463889,-123.0208333
2012-12,triangle,42.2125000,-88.1525000
2012-12,triangle,40.7036111,-104.7802778
2012-12,triangle,33.7069444,-117.2441667
2012-12,triangle,33.0183333,-80.1758333
2012-12,triangle,31.8294444,-86.6177778
2012-12,cigar,34.7463889,-92.2894444
2012-12,oval,43.9961111,-70.0611111
2012-12,oval,44.9430556,-123.0338889
2012-12,oval,33.144444,-116.134167
2012-12,oval,42.5636111,-84.8358333
2012-12,oval,47.6063889,-122.3308333
2012-12,oval,37.5536111,-77.4605556
2012-12,oval,42.049196,-91.681525
2012-12,oval,30.2538889,-85.9569444
2012-12,fireball,45.5236111,-122.6750000
2012-12,fireball,40.1672222,-105.1013889
2012-12,fireball,43.9561111,-89.8180556
2012-12,fireball,36.0397222,-114.9811111
2012-12,fireball,44.766667,-79.933333
2012-12,fireball,45.6797222,-111.0377778
2012-12,fireball,27.1972222,-80.2530556
2012-12,fireball,33.4147222,-111.9086111
2012-12,fireball,44.2619444,-88.4152778
2012-12,fireball,37.6775000,-113.0611111
2012-12,fireball,36.8466667,-76.2855556
2012-12,fireball,38.5950000,-90.5461111
2012-12,fireball,33.3200000,-87.9027778
2012-12,fireball,40.5580556,-90.0350000
2012-12,fireball,40.3355556,-75.9272222
2012-12,fireball,41.3855556,-72.4361111
2012-12,fireball,26.0625000,-80.2333333
2012-12,fireball,26.2375000,-80.1250000
2012-12,fireball,20.8911111,-156.5047222
2012-12,fireball,26.4611111,-80.0730556
2012-12,fireball,29.6513889,-82.3250000
2012-12,fireball,48.5127778,-122.6113889
2012-12,fireball,28.5152778,-82.5730556
2012-12,fireball,47.4830556,-122.2158333
2012-12,fireball,47.5002778,-111.3000000
2012-12,fireball,41.3775000,-71.8277778
2012-12,fireball,26.5625000,-81.9497222
2012-12,fireball,33.5805556,-112.2366667
2012-12,fireball,41.4847222,-81.9222222
2012-12,fireball,40.7141667,-74.0063889
2012-12,fireball,33.9830556,-118.0958333
2012-12,fireball,33.4483333,-112.0733333
2012-12,fireball,43.6136111,-116.2025000
2012-12,fireball,34.8652778,-120.4350000
2012-12,fireball,40.1672222,-105.1013889
2012-12,,-27.47101,153.024292
2012-12,,43.2805556,-71.8172222
2012-12,,39.0638889,-108.5500000
2012-12,,38.7877778,-90.2158333
2012-12,,29.7630556,-95.3630556
2012-12,,42.0083333,-91.6438889
2012-12,,30.8530556,-96.9766667
2012-12,,34.1169444,-83.5725000
2012-12,,34.4625000,-78.1013889
2012-12,,33.1958333,-117.3786111
2012-12,,42.0083333,-91.6438889
2012-12,,34.1477778,-118.1436111
2012-12,,41.6833333,-86.2500000
2012-12,,34.1205556,-84.0044444
2012-12,,36.1538889,-95.9925000
2012-12,,44.8994444,-97.1147222
2012-12,,40.7694444,-74.0208333
2012-12,,44.8513889,-123.1855556
2012-12,,33.956215,-83.987962
2012-12,,29.6513889,-82.3250000
2012-12,,45.4313889,-122.7702778
2012-12,,41.9475000,-80.5544444
2012-12,,29.9688889,-95.6969444
2012-12,,41.8500000,-71.4666667
2012-12,,12.879721,121.774017
2012-12,,42.6388889,-83.2911111
2012-12,,30.2091667,-95.7505556
2012-12,disk,39.2805556,-80.3447222
2012-12,disk,33.9488889,-118.4447222
2012-12,disk,42.8238889,-72.1816667
2012-12,disk,41.7188889,-83.7130556
2012-12,disk,34.1388889,-118.2130556
2012-12,disk,40.0950000,-75.6172222
2012-12,disk,35.0525000,-78.8786111
2012-12,changing,38.5816667,-121.4933333
2012-12,changing,7.873054,80.771797
2012-12,changing,47.6733333,-117.2383333
2012-12,changing,38.3030556,-77.4608333
2012-12,changing,40.4405556,-79.9961111
2012-12,sphere,42.4927778,-92.3427778
2012-12,sphere,41.2586111,-95.9375000
2012-12,sphere,38.907192,-77.036871
2012-12,sphere,34.1477778,-118.1436111
2012-12,sphere,38.2775000,-85.7372222
2012-12,sphere,46.15,-60.166667
2012-12,sphere,34.0522222,-118.2427778
2012-12,sphere,15.8667,74.5
2012-12,sphere,40.7719444,-80.7683333
2012-12,sphere,43.9786111,-90.5038889
2012-12,sphere,42.3763889,-71.2361111
2012-12,sphere,47.6063889,-122.3308333
2012-12,sphere,34.0038889,-117.0611111
2012-12,rectangle,37.1297222,-80.4091667
2012-12,chevron,43.4138889,-71.9855556
2012-12,cone,9.931233,76.267304
2013-01,light,34.6080556,-82.1136111
2013-01,light,33.7669444,-118.1883333
2013-01,light,28.0391667,-81.9500000
2013-01,light,39.1361111,-103.4694444
2013-01,light,35.6838889,-82.0094444
2013-01,light,41.8650000,-69.9916667
2013-01,light,38.5816667,-121.4933333
2013-01,light,35.4116667,-89.5327778
2013-01,light,41.2975000,-82.6055556
2013-01,light,38.8822222,-77.1713889
2013-01,light,41.9555556,-71.7027778
2013-01,light,38.8822222,-77.1713889
2013-01,light,47.6047222,-124.3711111
2013-01,light,30.2669444,-97.7427778
2013-01,light,42.4905556,-71.2766667
2013-01,light,46.521858,-84.34609
2013-01,light,32.4366667,-111.2247222
2013-01,light,42.8141667,-73.9400000
2013-01,light,41.8316667,-90.8380556
2013-01,light,40.7988889,-81.3786111
2013-01,light,26.9758333,-82.0908333
2013-01,light,51.133333,-.983333
2013-01,light,33.6888889,-78.8869444
2013-01,light,43.5500000,-96.7000000
2013-01,light,35.2922222,-81.5358333
2013-01,light,48.450556,-123.505833
2013-01,circle,43.2341667,-86.2483333
2013-01,circle,40.8372222,-81.2597222
2013-01,circle,51.65,-.266667
2013-01,circle,33.2147222,-97.1327778
2013-01,circle,40.4405556,-79.9961111
2013-01,circle,43.3766667,-72.3472222
2013-01,circle,39.6619444,-75.5666667
2013-01,circle,31.0000000,-87.2608333
2013-01,circle,42.8711111,-97.3969444
2013-01,circle,48.1958333,-114.3119444
2013-01,circle,39.7391667,-104.9841667
2013-01,circle,34.4838889,-114.3216667
2013-01,circle,34.086941,-118.270204
2013-01,circle,40.7583333,-82.5155556
2013-01,circle,40.3875000,-75.7900000
2013-01,circle,32.3344444,-96.1511111
2013-01,circle,37.3394444,-121.8938889
2013-01,circle,42.6055556,-83.1500000
2013-01,circle,27.0591667,-80.1366667
2013-01,formation,33.7669444,-118.1883333
2013-01,formation,33.7091667,-117.9527778
2013-01,formation,25.7738889,-80.1938889
2013-01,triangle,26.3583333,-80.0833333
2013-01,triangle,42.1397222,-71.5166667
2013-01,triangle,40.2330556,-76.1375000
2013-01,triangle,40.1022222,-75.1525000
2013-01,triangle,35.5363889,-82.6930556
2013-01,triangle,37.0297222,-76.3455556
2013-01,triangle,36.8188889,-76.2752778
2013-01,triangle,30.3319444,-81.6558333
2013-01,triangle,28.2916667,-81.4077778
2013-01,cigar,37.3058333,-89.5180556
2013-01,oval,45.6,-73.733333
2013-01,oval,43.0677778,-72.4591667
2013-01,oval,46.2113889,-119.1361111
2013-01,oval,37.1888889,-112.9977778
2013-01,oval,41.6738889,-73.0736111
2013-01,fireball,41.7636111,-72.6855556
2013-01,fireball,28.5380556,-81.3794444
2013-01,fireball,52.966667,-1.883333
2013-01,fireball,37.9577778,-121.2897222
2013-01,fireball,25.7738889,-80.1938889
2013-01,fireball,41.658445,-70.128629
2013-01,fireball,34.9247222,-81.0252778
2013-01,fireball,40.7883333,-74.1336111
2013-01,fireball,27.9375000,-82.2861111
2013-01,fireball,29.2855556,-81.0561111
2013-01,fireball,41.9533333,-73.7925000
2013-01,fireball,40.3141667,-112.0061111
2013-01,fireball,33.7488889,-84.3880556
2013-01,fireball,28.1486111,-80.5886111
2013-01,,45.673804,-122.681248
2013-01,,42.3266667,-122.8744444
2013-01,,33.4483333,-112.0733333
2013-01,,26.8833333,-82.2902778
2013-01,,35.052664,-78.878358
2013-01,,40.6861111,-75.4972222
2013-01,,33.353873,-112.442211
2013-01,,43.666667,-79.416667
2013-01,,54.203611,-110.306667
2013-01,,35.584324,-78.800013
2013-01,,33.6694444,-117.8222222
2013-01,,34.0561111,-78.8905556
2013-01,,54.25,-4.366667
2013-01,disk,43.0116667,-88.2313889
2013-01,disk,39.4277778,-86.4283333
2013-01,disk,30.2944444,-81.3933333
2013-01,disk,-25.274398,133.775136
2013-01,disk,42.9980556,-78.1877778
2013-01,egg,36.7280556,-108.2180556
2013-01,changing,49.9,-119.483333
2013-01,changing,34.5369444,-86.3944444
2013-01,changing,28.2438889,-82.7194444
2013-01,sphere,28.2438889,-82.7194444
2013-01,sphere,55.616667,-3.516667
2013-01,sphere,34.8847222,-79.6944444
2013-01,sphere,38.4088889,-121.3705556
2013-01,diamond,48.1172222,-122.7591667
2013-02,light,40.7141667,-74.0063889
2013-02,light,31.1797222,-83.7891667
2013-02,light,33.3805556,-84.7997222
2013-02,light,33.9730556,-78.3861111
2013-02,light,39.6411111,-85.1411111
2013-02,light,40.330666,-74.120975
2013-02,light,-32.927792,151.784485
2013-02,light,42.4391667,-123.3272222
2013-02,light,38.1041667,-122.2555556
2013-02,light,36.8188889,-76.2752778
2013-02,light,44.4375000,-73.0686111
2013-02,light,41.2458333,-75.8816667
2013-02,light,45.0097222,-93.3488889
2013-02,circle,36.1750000,-115.1363889
2013-02,circle,28.668107,-81.227436
2013-02,circle,45.5,-73.583333
2013-02,circle,40.0150000,-105.2700000
2013-02,circle,45.5230556,-122.9886111
2013-02,circle,41.6269444,-88.2038889
2013-02,circle,28.393619,-81.538684
2013-02,circle,41.6269444,-88.2038889
2013-02,circle,-36.84846,174.763332
2013-02,circle,29.7855556,-95.8241667
2013-02,formation,32.4608333,-84.9877778
2013-02,formation,33.0461111,-96.9938889
2013-02,formation,44.1580556,-72.4508333
2013-02,formation,35.6752778,-83.7558333
2013-02,triangle,10.033333,-83.766667
2013-02,triangle,37.5058333,-77.6494444
2013-02,triangle,42.4555556,-71.6736111
2013-02,triangle,41.3208333,-93.1091667
2013-02,triangle,46.216667,-63.483333
2013-02,triangle,35.7719444,-78.6388889
2013-02,cigar,41.8238889,-71.4133333
2013-02,fireball,45.704986,-69.337507
2013-02,fireball,37.6138889,-122.4858333
2013-02,fireball,24.7133333,-81.0905556
2013-02,fireball,42.8863889,-78.8786111
2013-02,fireball,38.9516667,-92.3338889
2013-02,fireball,40.2969444,-111.6938889
2013-02,fireball,36.1658333,-86.7844444
2013-02,,40.49297,-98.947
2013-02,,-27.927513,153.194305
2013-02,,42.6555556,-70.6208333
2013-02,,47.3894444,-114.8011111
2013-02,,28.4366667,-99.2347222
2013-02,,45.7055556,-121.5202778
2013-02,,40.3805556,-75.0086111
2013-02,disk,41.9294444,-88.7502778
2013-02,disk,55.174533,61.426681
2013-02,disk,30.1102778,-97.3150000
2013-02,disk,34.1952778,-79.7627778
2013-02,sphere,34.2255556,-77.9450000
2013-02,sphere,35.9605556,-83.9208333
2013-02,sphere,33.9172222,-118.0111111
2013-02,sphere,47.6105556,-122.1994444
2013-02,sphere,41.9316667,-87.9888889
2013-02,sphere,40.3858333,-122.2797222
2013-02,sphere,45.2102778,-123.1975000
2013-02,chevron,39.6580556,-78.9286111
2013-02,diamond,42.7652778,-71.4680556
2013-02,diamond,30.3319444,-81.6558333
2013-03,light,45.8322222,-93.4261111
2013-03,light,21.504165,-104.894589
2013-03,light,38.8113889,-89.9530556
2013-03,light,39.5213889,-85.7769444
2013-03,light,40.9622222,-82.8544444
2013-03,light,31.9575000,-110.9550000
2013-03,light,35.783333,10.833333
2013-03,light,40.6011111,-81.3613889
2013-03,light,32.7938889,-79.8627778
2013-03,light,46.9422222,-122.6047222
2013-03,light,27.0438889,-82.2361111
2013-03,light,38.7072222,-121.2800000
2013-03,light,42.7652778,-71.4680556
2013-03,light,41.7636111,-72.6855556
2013-03,light,47.5675000,-122.6313889
2013-03,light,37.4833333,-81.8961111
2013-03,light,29.9938889,-90.2416667
2013-03,light,42.270349,-77.605822
2013-03,light,35.9877778,-92.7161111
2013-03,light,23.063656,-109.702438
2013-03,light,10.666667,-61.516667
2013-03,light,39.9205556,-104.8652778
2013-03,light,-36.84846,174.763332
2013-03,light,33.8752778,-117.5655556
2013-03,light,45.6352778,-87.9908333
2013-03,light,33.7738889,-117.9405556
2013-03,light,30.2944444,-81.3933333
2013-03,circle,27.395444,-82.554389
2013-03,circle,39.321528,-76.574831
2013-03,circle,60.7922222,-161.7558333
2013-03,circle,48.7597222,-122.4869444
2013-03,circle,34.0336111,-117.0422222
2013-03,circle,38.8113889,-89.9530556
2013-03,circle,61.5997222,-149.1127778
2013-03,circle,26.1416667,-81.7950000
2013-03,circle,35.2338889,-92.3875000
2013-03,circle,38.6447222,-121.2711111
2013-03,circle,33.4483333,-112.0733333
2013-03,circle,37.5536111,-77.4605556
2013-03,circle,13.052414,80.250825
2013-03,circle,38.6447222,-121.2711111
2013-03,circle,36.8188889,-76.2752778
2013-03,circle,43.9,-78.866667
2013-03,formation,41.3747222,-83.6513889
2013-03,formation,-8.783195,-124.508523
2013-03,formation,32.5883333,-96.9558333
2013-03,flash,37.1533333,-98.0308333
2013-03,flash,48.05,-66.616667
2013-03,triangle,41.5963889,-72.8780556
2013-03,triangle,42.9055556,-74.5722222
2013-03,triangle,40.5141667,-88.9905556
2013-03,triangle,44.0216667,-92.4697222
2013-03,triangle,38.3497222,-81.6327778
2013-03,triangle,31.4436111,-93.4572222
2013-03,triangle,32.7152778,-117.1563889
2013-03,triangle,38.6244444,-76.9394444
2013-03,triangle,28.6275000,-81.3633333
2013-03,oval,34.1261111,-117.5227778
2013-03,oval,32.7833333,-96.8000000
2013-03,fireball,42.6319444,-70.7833333
2013-03,fireball,23.242,69.666932
2013-03,fireball,41.7605556,-88.3200000
2013-03,fireball,47.1719444,-122.5172222
2013-03,fireball,34.2783333,-119.2922222
2013-03,fireball,34.1425000,-118.2541667
2013-03,fireball,35.1477778,-114.5675000
2013-03,fireball,33.7669444,-118.1883333
2013-03,fireball,30.8125000,-98.5752778
2013-03,fireball,42.6111111,-71.5750000
2013-03,fireball,40.4166667,-86.8752778
2013-03,cylinder,38.0494444,-122.1575000
2013-03,cylinder,34.1486111,-118.3955556
2013-03,,41.8238889,-71.4133333
2013-03,,41.9038889,-72.4702778
2013-03,,33.5091667,-111.8983333
2013-03,,43.1391667,-77.2725000
2013-03,,44.0522222,-123.0855556
2013-03,,45.5230556,-122.9886111
2013-03,,34.0522222,-118.2427778
2013-03,,40.2452778,-75.6500000
2013-03,,41.9163889,-83.3977778
2013-03,,33.5805556,-112.2366667
2013-03,disk,28.079457,-97.885833
2013-03,changing,34.0522222,-118.2427778
2013-03,changing,42.0341667,-91.5975000
2013-03,changing,42.2972222,-71.0750000
2013-03,changing,30.4211111,-87.2169444
2013-03,sphere,42.1866667,-86.2605556
2013-03,sphere,39.4458333,-123.8041667
2013-03,sphere,33.1191667,-117.0855556
2013-03,sphere,26.5625000,-81.9497222
2013-03,sphere,44.0522222,-123.0855556
2013-03,sphere,37.9522222,-122.5561111
2013-03,sphere,30.2458333,-87.7008333
2013-03,rectangle,39.7136111,-82.5994444
2013-03,rectangle,34.2751500,-118.5498000
2013-03,chevron,42.3833333,-71.4166667
2013-03,diamond,26.62535,-81.624803
2013-03,diamond,45.433333,-72.883333
2013-03,diamond,29.7855556,-95.8241667
2013-03,cone,41.1200000,-87.8611111
2013-04,light,36.7477778,-119.7713889
2013-04,light,37.3394444,-121.8938889
2013-04,light,29.7263889,-99.0733333
2013-04,light,47.2394444,-122.3558333
2013-04,light,40.2969444,-111.6938889
2013-04,light,52.633333,1.3
2013-04,light,39.6005556,-77.8208333
2013-04,light,34.2694444,-118.7805556
2013-04,light,43.683333,-79.766667
2013-04,light,46.4163889,-117.0441667
2013-04,light,36.8466667,-76.2855556
2013-04,light,21.9711111,-159.7150000
2013-04,light,34.8525000,-82.3941667
2013-04,light,47.7575000,-122.2427778
2013-04,light,42.3266667,-122.8744444
2013-04,light,32.4638889,-86.4597222
2013-04,light,38.0291667,-121.9605556
2013-04,light,35.0844444,-106.6505556
2013-04,light,35.0844444,-106.6505556
2013-04,light,45.9172222,-89.2441667
2013-04,light,34.0200000,-117.9486111
2013-04,light,44.6216667,-123.9372222
2013-04,light,27.9011111,-81.5861111
2013-04,light,30.078611,-85.576389
2013-04,light,36.1155556,-97.0580556
2013-04,light,-36.616667,143.466667
2013-04,light,42.3533333,-88.0933333
2013-04,circle,40.1316667,-75.4600000
2013-04,circle,30.2105556,-97.6544444
2013-04,circle,48.1500,11.5833
2013-04,circle,40.2338889,-111.6577778
2013-04,circle,33.4708333,-81.9750000
2013-04,circle,46.1469444,-122.9072222
2013-04,circle,30.1763889,-85.8055556
2013-04,circle,39.97117,-74.339282
2013-04,circle,35.0886111,-92.4419444
2013-04,circle,40.6083333,-75.4905556
2013-04,circle,51.383333,-.1
2013-04,circle,48.366667,-53.866667
2013-04,circle,31.1238889,-97.9027778
2013-04,formation,42.258,-71.781
2013-04,formation,47.8555556,-121.9697222
2013-04,formation,41.0036111,-80.3472222
2013-04,triangle,42.2411111,-83.6130556
2013-04,triangle,42.3250000,-72.6416667
2013-04,triangle,37.4852778,-122.2352778
2013-04,triangle,38.6800000,-93.0927778
2013-04,triangle,37.7750000,-122.4183333
2013-04,triangle,44.5625000,-92.5336111
2013-04,triangle,43.6136111,-116.2025000
2013-04,triangle,37.4086111,-120.8491667
2013-04,triangle,37.1288889,-84.0833333
2013-04,triangle,38.2494444,-122.0388889
2013-04,triangle,40.5772222,-74.2286111
2013-04,triangle,43.5341667,-70.9102778
2013-04,oval,40.4405556,-79.9961111
2013-04,oval,38.3030556,-77.4608333
2013-04,oval,43.0302778,-83.1661111
2013-04,fireball,27.7705556,-82.6794444
2013-04,fireball,33.2938889,-111.0955556
2013-04,fireball,10.916667,124.7
2013-04,fireball,42.3583333,-71.0602778
2013-04,fireball,40.330188,-79.730701
2013-04,fireball,33.770443,-118.077152
2013-04,fireball,38.8416667,-76.5125000
2013-04,fireball,28.1611111,-81.6019444
2013-04,fireball,48.0797222,-123.1005556
2013-04,cylinder,45.1719444,-93.8744444
2013-04,cylinder,56.490671,-4.202646
2013-04,,34.772013,32.429737
2013-04,,38.8402778,-77.4291667
2013-04,,45.2461111,-93.4519444
2013-04,,41.9950000,-88.1855556
2013-04,,33.1958333,-117.3786111
2013-04,,37.6819444,-121.7669444
2013-04,,38.1238889,-75.7066667
2013-04,,41.5875000,-109.2022222
2013-04,,41.8500000,-87.6500000
2013-04,,43.4366667,-71.1727778
2013-04,,45.8208333,-120.8205556
2013-04,,45.5230556,-122.9886111
2013-04,disk,-32.526901,115.721703
2013-04,sphere,35.6225000,-117.6700000
2013-04,sphere,36.9486111,-84.0969444
2013-04,sphere,36.304774,-86.619996
2013-04,sphere,44.0780556,-71.2833333
2013-04,sphere,34.1808333,-118.3080556
2013-04,sphere,44.983333,-64.9
2013-04,chevron,40.2338889,-111.6577778
2013-04,diamond,25.9013889,-97.4972222
2013-04,diamond,34.1708333,-80.7944444
2013-04,cross,44.2594444,-114.4008333
2013-04,cross,37.4830556,-97.6436111
2013-04,cone,33.4222222,-111.8219444
2013-05,light,33.7877778,-117.8522222
2013-05,light,37.2152778,-93.2980556
2013-05,light,40.6705556,-78.2388889
2013-05,light,28.5380556,-81.3794444
2013-05,light,34.2855556,-118.8811111
2013-05,light,28.5380556,-81.3794444
2013-05,light,36.3133333,-82.3536111
2013-05,light,34.8525000,-82.3941667
2013-05,light,41.2102778,-75.8969444
2013-05,light,44.2113889,-69.2747222
2013-05,light,42.2916667,-85.5872222
2013-05,light,40.6500000,-81.4522222
2013-05,light,40.6955556,-73.3261111
2013-05,light,42.5750000,-71.9986111
2013-05,light,35.2269444,-80.8433333
2013-05,light,30.733315,76.779418
2013-05,light,34.5033333,-82.6502778
2013-05,light,34.7538889,-77.4305556
2013-05,light,33.3061111,-111.8405556
2013-05,light,42.4461111,-87.8327778
2013-05,light,36.1155556,-97.0580556
2013-05,circle,39.6133333,-105.0161111
2013-05,circle,39.7555556,-105.2205556
2013-05,circle,40.7194444,-74.8361111
2013-05,circle,39.9830556,-75.8241667
2013-05,circle,36.0397222,-114.9811111
2013-05,circle,38.3697222,-90.3783333
2013-05,circle,41.5322222,-87.2550000
2013-05,circle,39.7391667,-104.9841667
2013-05,circle,43.450101,-87.222019
2013-05,circle,30.2238889,-92.0197222
2013-05,circle,42.983333,-81.25
2013-05,circle,33.170278,-111.572222
2013-05,circle,33.7488889,-84.3880556
2013-05,circle,34.1952778,-79.7627778
2013-05,circle,40.4211111,-79.7883333
2013-05,circle,39.9205556,-104.8652778
2013-05,circle,39.7683333,-86.1580556
2013-05,formation,42.5630556,-114.4600000
2013-05,formation,40.5158333,-75.5555556
2013-05,formation,33.3627778,-112.1686111
2013-05,formation,48.7597222,-122.4869444
2013-05,formation,35.3394444,-97.4863889
2013-05,formation,28.5380556,-81.3794444
2013-05,formation,41.5250000,-88.0816667
2013-05,flash,38.5922222,-89.9111111
2013-05,flash,40.7141667,-74.0063889
2013-05,flash,42.4975000,-94.1677778
2013-05,triangle,33.6602778,-117.9983333
2013-05,triangle,33.5777778,-101.8547222
2013-05,triangle,39.8016667,-89.6436111
2013-05,triangle,41.2888889,-91.5522222
2013-05,triangle,26.5886111,-80.0388889
2013-05,triangle,38.5816667,-121.4933333
2013-05,triangle,30.2669444,-97.7427778
2013-05,triangle,41.6619444,-86.1586111
2013-05,triangle,41.6269444,-88.2038889
2013-05,triangle,41.8500000,-87.6500000
2013-05,triangle,37.5536111,-77.4605556
2013-05,triangle,39.0838889,-77.1530556
2013-05,triangle,41.4958333,-87.8486111
2013-05,triangle,42.3441667,-79.3097222
2013-05,triangle,42.7441667,-73.6919444
2013-05,triangle,33.2775000,-85.0980556
2013-05,triangle,38.2225000,-85.3552778
2013-05,cigar,42.2416667,-71.1666667
2013-05,cigar,44.8261111,-68.6938889
2013-05,oval,34.8525000,-82.3941667
2013-05,oval,41.4994444,-81.6955556
2013-05,oval,41.6252778,-87.7175000
2013-05,oval,33.9022222,-118.0808333
2013-05,oval,41.3966667,-73.0763889
2013-05,fireball,40.4283333,-79.6977778
2013-05,fireball,44.5191667,-88.0197222
2013-05,fireball,42.2630556,-88.0038889
2013-05,fireball,31.3269444,-89.2902778
2013-05,fireball,28.9002778,-81.2638889
2013-05,fireball,33.3088889,-85.4847222
2013-05,fireball,42.88475,-82.450903
2013-05,fireball,42.2711111,-89.0938889
2013-05,fireball,38.530651,-105.500548
2013-05,fireball,39.6136111,-86.1066667
2013-05,fireball,20.7850000,-156.4655556
2013-05,fireball,47.3225000,-122.3113889
2013-05,fireball,41.6666667,-70.1852778
2013-05,fireball,43.1136111,-88.4358333
2013-05,fireball,33.4486111,-84.4550000
2013-05,fireball,33.1958333,-117.3786111
2013-05,fireball,27.8625000,-82.8486111
2013-05,fireball,30.1022222,-95.2294444
2013-05,fireball,40.1741667,-75.0441667
2013-05,fireball,40.743756,-122.404713
2013-05,fireball,44.1858333,-88.4625000
2013-05,fireball,52.086897,4.882819
2013-05,fireball,22.203768,-159.502848
2013-05,fireball,39.391111,-74.593889
2013-05,fireball,54.570455,-1.328982
2013-05,fireball,28.0183333,-82.1130556
2013-05,fireball,40.6547222,-73.6722222
2013-05,fireball,34.1975000,-119.1761111
2013-05,fireball,33.7222222,-116.3736111
2013-05,fireball,33.9802778,-118.4508333
2013-05,fireball,38.8002778,-90.6263889
2013-05,cylinder,41.3683333,-82.1077778
2013-05,cylinder,40.8175000,-73.0005556
2013-05,cylinder,43.1225000,-123.4113889
2013-05,,45.5236111,-122.6750000
2013-05,,45.2102778,-123.1975000
2013-05,,38.2225000,-85.3552778
2013-05,,39.3638889,-76.4525000
2013-05,,42.0386111,-78.3411111
2013-05,,33.5225000,-117.7066667
2013-05,,38.3675000,-76.7833333
2013-05,,44.8041667,-93.1666667
2013-05,,36.1538889,-95.9925000
2013-05,,38.8461111,-77.3066667
2013-05,,32.7152778,-117.1563889
2013-05,,39.9611111,-82.9988889
2013-05,,40.3294444,-76.5155556
2013-05,,19.218331,72.97809
2013-05,,37.9050000,-121.1463889
2013-05,,40.2211111,-112.7436111
2013-05,,33.5091667,-111.8983333
2013-05,,38.4202778,-81.7908333
2013-05,,38.5816667,-121.4933333
2013-05,,40.78306,-73.971249
2013-05,,-0.180653,-78.467838
2013-05,disk,37.1041667,-113.5833333
2013-05,disk,35.2827778,-120.6586111
2013-05,disk,45.3194444,-93.2022222
2013-05,disk,38.9522222,-107.0619444
2013-05,disk,40.3980556,-77.0233333
2013-05,disk,41.3158333,-72.3294444
2013-05,disk,28.6802778,-81.5097222
2013-05,changing,37.6688889,-122.0797222
2013-05,changing,35.185463,-111.669205
2013-05,sphere,48.4758333,-122.3241667
2013-05,sphere,36.9483333,-81.0850000
2013-05,sphere,30.2669444,-97.7427778
2013-05,sphere,41.1597222,-77.3616667
2013-05,sphere,39.7588889,-84.1916667
2013-05,sphere,40.2961111,-75.0825000
2013-05,sphere,29.3011111,-94.7975000
2013-05,sphere,27.7705556,-82.6794444
2013-05,sphere,39.1580556,-75.5247222
2013-05,sphere,40.9166667,-84.7027778
2013-05,sphere,41.0047222,-121.4372222
2013-05,sphere,36.0152778,-83.4150000
2013-05,sphere,37.7750000,-122.4183333
2013-05,sphere,47.3811111,-122.2336111
2013-05,rectangle,35.6266667,-120.6900000
2013-05,teardrop,45.5236111,-122.6750000
2013-06,light,43.3594444,-83.8816667
2013-06,light,34.1205556,-84.0044444
2013-06,light,45.055307,-79.422582
2013-06,light,33.3702778,-112.5830556
2013-06,light,32.679852,-16.850288
2013-06,light,39.6697222,-74.2322222
2013-06,light,44.9383333,-93.7175000
2013-06,light,40.1150000,-111.6541667
2013-06,light,41.0586111,-94.3611111
2013-06,light,36.9741667,-122.0297222
2013-06,light,41.7636111,-72.6855556
2013-06,light,26.1219444,-80.1436111
2013-06,light,36.0725000,-79.7922222
2013-06,light,39.9966667,-74.9930556
2013-06,light,42.0333333,-88.0833333
2013-06,light,41.5033333,-94.3183333
2013-06,light,29.7630556,-95.3630556
2013-06,light,36.7477778,-119.7713889
2013-06,light,32.5158333,-93.7319444
2013-06,light,41.5444444,-73.2094444
2013-06,light,42.4708333,-70.9180556
2013-06,light,38.8402778,-97.6111111
2013-06,light,30.4188889,-97.0113889
2013-06,light,43.3369444,-71.5658333
2013-06,light,30.4261111,-88.8908333
2013-06,light,52.033333,-113.95
2013-06,light,43.75426,-80.669798
2013-06,light,45.8405556,-119.2883333
2013-06,light,36.1750000,-115.1363889
2013-06,light,44.8613889,-92.6236111
2013-06,light,38.2019444,-79.0086111
2013-06,light,26.5216667,-82.1894444
2013-06,light,33.1383333,-95.6008333
2013-06,light,52.033333,-113.95
2013-06,light,46.1291667,-107.5544444
2013-06,light,33.827395,-78.642792
2013-06,light,34.7302778,-86.5861111
2013-06,circle,32.8383333,-116.9730556
2013-06,circle,39.2666667,-81.5616667
2013-06,circle,40.8000000,-96.6666667
2013-06,circle,40.0455556,-86.0086111
2013-06,circle,35.2305556,-89.7402778
2013-06,circle,40.7569444,-72.9397222
2013-06,circle,48.9244444,-122.0758333
2013-06,circle,33.0766667,-111.7386111
2013-06,circle,34.1205556,-84.0044444
2013-06,circle,42.3313889,-83.0458333
2013-06,circle,41.8297222,-86.2541667
2013-06,circle,39.2888889,-77.8600000
2013-06,circle,36.0988889,-78.3013889
2013-06,circle,30.0969444,-95.6158333
2013-06,circle,35.1697222,-107.8902778
2013-06,circle,35.6969444,-82.5608333
2013-06,circle,44.136076,-79.308339
2013-06,formation,33.9163889,-78.1613889
2013-06,formation,38.6272222,-90.1977778
2013-06,formation,41.6216667,-83.7116667
2013-06,formation,44.079162,-79.784315
2013-06,formation,33.6888889,-78.8869444
2013-06,formation,35.0750000,-85.0622222
2013-06,flash,44.0272222,-89.8877778
2013-06,flash,31.3402778,-110.9336111
2013-06,flash,33.7397222,-116.4119444
2013-06,triangle,46.216667,-63.483333
2013-06,triangle,45.5200000,-121.5955556
2013-06,triangle,43.72208,7.405839
2013-06,triangle,41.1575000,-81.2422222
2013-06,triangle,40.174276,-75.106839
2013-06,triangle,36.0725000,-79.7922222
2013-06,triangle,39.6333333,-105.3166667
2013-06,triangle,35.9572222,-75.6244444
2013-06,triangle,-31.43084,152.908936
2013-06,triangle,41.1305556,-85.1288889
2013-06,cigar,39.4141667,-77.4108333
2013-06,cigar,50.542613,-103.87767
2013-06,oval,27.8002778,-97.3961111
2013-06,oval,38.5347222,-105.9983333
2013-06,oval,41.5172222,-72.7125000
2013-06,oval,39.4352778,-84.2030556
2013-06,oval,33.9525000,-84.5500000
2013-06,oval,46.6622222,-122.9627778
2013-06,oval,35.6919444,-84.8608333
2013-06,oval,28.0338889,-82.6652778
2013-06,fireball,38.3325000,-82.9486111
2013-06,fireball,47.6588889,-117.4250000
2013-06,fireball,34.5400000,-112.4677778
2013-06,fireball,33.7475000,-116.9711111
2013-06,fireball,44.15,-79.866667
2013-06,fireball,35.7883333,-83.5544444
2013-06,fireball,40.3266667,-78.9222222
2013-06,fireball,37.5536111,-77.4605556
2013-06,fireball,43.9,-78.866667
2013-06,fireball,42.6525000,-73.7566667
2013-06,fireball,40.0930556,-83.0180556
2013-06,fireball,41.2411111,-77.0013889
2013-06,fireball,42.9633333,-85.6680556
2013-06,fireball,36.8527778,-75.9783333
2013-06,fireball,34.5519444,-77.9263889
2013-06,fireball,45.95,-66.633333
2013-06,fireball,40.1633333,-76.3952778
2013-06,fireball,34.3077778,-118.4483333
2013-06,cylinder,39.9000000,-75.2894444
2013-06,cylinder,48.2933333,-122.6419444
2013-06,cylinder,39.7683333,-86.1580556
2013-06,cylinder,38.580461,-121.530234
2013-06,cylinder,43.666667,-79.416667
2013-06,,39.7683333,-86.1580556
2013-06,,39.0408333,-98.1444444
2013-06,,47.7625000,-122.2041667
2013-06,,-28.00029,153.430878
2013-06,,39.7686111,-94.8463889
2013-06,,39.3366667,-75.7750000
2013-06,,38.5816667,-121.4933333
2013-06,,47.6063889,-122.3308333
2013-06,,31.804381,34.655314
2013-06,,36.2944444,-76.2513889
2013-06,,38.2541667,-85.7594444
2013-06,,41.6302778,-87.8538889
2013-06,,41.1175000,-73.4083333
2013-06,,41.522479,-72.01126
2013-06,,33.6888889,-78.8869444
2013-06,,-26.1625,27.8725
2013-06,disk,35.2827778,-120.6586111
2013-06,disk,42.1250000,-72.7500000
2013-06,disk,42.840407,-80.632582
2013-06,disk,34.7463889,-92.2894444
2013-06,disk,45.6797222,-111.0377778
2013-06,disk,29.4238889,-98.4933333
2013-06,disk,48.086015,-122.701575
2013-06,egg,48.1958333,-114.3119444
2013-06,egg,40.3294444,-75.9655556
2013-06,egg,43.956303,6.895835
2013-06,changing,44.8277778,-92.9436111
2013-06,changing,36.0838889,-87.7947222
2013-06,sphere,50.566667,-111.9
2013-06,sphere,48.466667,-81.333333
2013-06,sphere,33.6102778,-114.5955556
2013-06,sphere,43.45,-80.5
2013-06,sphere,42.9375000,-70.8394444
2013-06,sphere,38.2972222,-122.2844444
2013-06,sphere,35.4325000,-93.6152778
2013-06,sphere,40.3266667,-78.9222222
2013-06,sphere,33.7413889,-118.1038889
2013-06,sphere,47.6105556,-122.1994444
2013-06,sphere,46.2511111,-119.9005556
2013-06,sphere,40.4283333,-79.6977778
2013-06,rectangle,38.9430556,-84.5441667
2013-06,diamond,51.116667,-.183333
2013-06,diamond,42.0027778,-71.5152778
2013-06,cross,40.693158,-74.053752
2013-06,teardrop,43.884169,-121.4375
2013-06,teardrop,41.7013889,-71.1555556
2013-07,light,33.3702778,-112.5830556
2013-07,light,36.8466667,-76.2855556
2013-07,light,30.2283333,-88.0230556
2013-07,light,42.6733333,-72.8222222
2013-07,light,39.9611111,-82.9988889
2013-07,light,33.3702778,-112.5830556
2013-07,light,39.9536111,-74.1983333
2013-07,light,37.9886111,-84.4777778
2013-07,light,40.8802778,-79.2422222
2013-07,light,42.4400000,-79.3319444
2013-07,light,43.5405556,-70.8486111
2013-07,light,39.7047222,-105.0808333
2013-07,light,31.8911111,-85.1455556
2013-07,light,45.5827778,-122.3522222
2013-07,light,27.8950000,-81.9736111
2013-07,light,40.1633333,-76.3952778
2013-07,light,51.133333,-.983333
2013-07,light,39.9611111,-82.9988889
2013-07,light,39.8813889,-83.0930556
2013-07,light,45.0791667,-93.1469444
2013-07,light,40.0380556,-75.2227778
2013-07,light,35.7975000,-95.2502778
2013-07,light,41.2916667,-72.3766667
2013-07,light,36.5963889,-82.1886111
2013-07,light,26.5216667,-82.1894444
2013-07,light,41.5513889,-70.6152778
2013-07,light,41.6833333,-86.2500000
2013-07,light,33.8166667,-86.6008333
2013-07,light,26.4516667,-81.9483333
2013-07,light,45.5236111,-122.6750000
2013-07,light,36.0997222,-80.2444444
2013-07,light,37.0841667,-94.5130556
2013-07,light,33.6058333,-78.9733333
2013-07,light,40.7966667,-81.5216667
2013-07,light,28.045014,-82.699814
2013-07,light,33.6888889,-78.8869444
2013-07,light,40.6813889,-73.4002778
2013-07,light,33.4936111,-117.1475000
2013-07,light,43.666667,-79.416667
2013-07,light,45.802758,-66.620402
2013-07,light,42.1305556,-71.5416667
2013-07,light,40.7536111,-86.0688889
2013-07,light,40.3272222,-76.0113889
2013-07,light,47.6063889,-122.3308333
2013-07,circle,32.7188889,-102.6444444
2013-07,circle,41.5380556,-72.8075000
2013-07,circle,36.0725000,-79.7922222
2013-07,circle,35.2288889,-89.5150000
2013-07,circle,34.6980556,-118.1358333
2013-07,circle,39.6561111,-77.9319444
2013-07,circle,39.8016667,-89.6436111
2013-07,circle,41.8786111,-71.3830556
2013-07,circle,38.2541667,-85.7594444
2013-07,circle,39.9536111,-74.1983333
2013-07,circle,40.6805556,-73.4747222
2013-07,circle,43.45,-80.5
2013-07,circle,33.9997222,-79.1997222
2013-07,circle,30.2458333,-87.7008333
2013-07,circle,41.3952778,-81.6763889
2013-07,circle,25.8572222,-80.2783333
2013-07,circle,36.9902778,-86.4436111
2013-07,circle,40.0394444,-84.2033333
2013-07,circle,33.8388889,-83.9008333
2013-07,circle,41.5119444,-87.9655556
2013-07,circle,33.6888889,-78.8869444
2013-07,circle,42.9763889,-88.1083333
2013-07,circle,40.7875000,-82.7366667
2013-07,circle,34.2694444,-118.7805556
2013-07,circle,44.0247222,-88.5425000
2013-07,circle,44.0463889,-123.0208333
2013-07,circle,43.666667,-79.416667
2013-07,circle,39.7683333,-86.1580556
2013-07,circle,39.0005556,-74.7997222
2013-07,circle,41.5833333,-87.5000000
2013-07,circle,38.9916667,-74.8152778
2013-07,circle,36.8527778,-75.9783333
2013-07,circle,27.8425000,-82.6997222
2013-07,circle,42.9105556,-87.8605556
2013-07,circle,33.5927778,-79.0088889
2013-07,circle,35.1400000,-93.9213889
2013-07,circle,36.3352778,-92.3850000
2013-07,circle,39.5522222,-84.2333333
2013-07,circle,44.3269444,-72.7530556
2013-07,circle,39.7294444,-104.8313889
2013-07,formation,42.3222222,-83.1763889
2013-07,formation,39.9338889,-74.8913889
2013-07,formation,39.9388889,-74.1933333
2013-07,formation,39.1011111,-74.7180556
2013-07,formation,40.6788889,-73.4175000
2013-07,formation,30.057536,-95.190299
2013-07,formation,41.0250000,-80.7611111
2013-07,formation,42.3222222,-83.1763889
2013-07,formation,33.3702778,-112.5830556
2013-07,formation,39.8813889,-83.0930556
2013-07,formation,34.0194444,-118.4902778
2013-07,flash,44.0522222,-123.0855556
2013-07,flash,46.7588889,-114.0800000
2013-07,flash,37.7361111,-120.9344444
2013-07,flash,34.0686111,-118.0266667
2013-07,triangle,30.1577778,-95.4891667
2013-07,triangle,42.4666667,-70.9500000
2013-07,triangle,22.2236111,-159.4852778
2013-07,triangle,40.1983333,-83.0102778
2013-07,triangle,33.6888889,-78.8869444
2013-07,triangle,38.907231,-77.036464
2013-07,triangle,36.0650000,-108.6813889
2013-07,triangle,41.6005556,-93.6088889
2013-07,triangle,38.10252,-122.499441
2013-07,triangle,33.6888889,-78.8869444
2013-07,triangle,36.3230556,-86.7133333
2013-07,triangle,49.25,-123.133333
2013-07,triangle,9.672948,123.873002
2013-07,triangle,41.2844444,-84.3558333
2013-07,triangle,49.1,-122.65
2013-07,cigar,47.2152778,-123.0994444
2013-07,cigar,35.2269444,-80.8433333
2013-07,cigar,46.4750000,-96.2802778
2013-07,oval,43.797762,-88.003208
2013-07,oval,39.9555556,-86.0138889
2013-07,oval,47.6419444,-122.0791667
2013-07,oval,26.452025,-81.948145
2013-07,oval,38.9905556,-77.0263889
2013-07,oval,47.9447222,-122.3033333
2013-07,oval,37.7800000,-121.9769444
2013-07,oval,32.2216667,-110.9258333
2013-07,fireball,39.3830556,-87.0116667
2013-07,fireball,28.7027778,-81.3386111
2013-07,fireball,41.3361111,-75.9636111
2013-07,fireball,39.5588889,-84.3041667
2013-07,fireball,33.5336111,-82.1308333
2013-07,fireball,42.4691667,-75.9119444
2013-07,fireball,29.618567,-95.537721
2013-07,fireball,34.7302778,-86.5861111
2013-07,fireball,42.3222222,-83.1763889
2013-07,fireball,35.5227778,-97.3769444
2013-07,fireball,33.4222222,-111.8219444
2013-07,fireball,41.9586111,-71.8630556
2013-07,fireball,42.9600000,-78.4058333
2013-07,fireball,36.6083333,-83.7166667
2013-07,fireball,36.3352778,-92.3850000
2013-07,fireball,33.5205556,-86.8025000
2013-07,fireball,41.8500000,-87.6500000
2013-07,fireball,30.332184,-81.655651
2013-07,fireball,41.4361111,-81.3866667
2013-07,fireball,37.2202778,-77.2883333
2013-07,fireball,42.9033333,-78.7550000
2013-07,fireball,33.3527778,-111.7883333
2013-07,fireball,39.8366667,-105.0366667
2013-07,fireball,41.8800000,-88.0077778
2013-07,fireball,33.4352778,-112.3575000
2013-07,fireball,41.2400000,-81.4408333
2013-07,fireball,40.0952778,-76.4102778
2013-07,fireball,37.7588889,-77.4802778
2013-07,fireball,27.8658333,-82.3266667
2013-07,fireball,19.490278,-155.102778
2013-07,fireball,33.1191667,-97.0252778
2013-07,fireball,35.9572222,-75.6244444
2013-07,fireball,34.1866667,-118.4480556
2013-07,fireball,41.6819444,-85.9766667
2013-07,fireball,42.4405556,-76.4969444
2013-07,cylinder,42.5802778,-83.0302778
2013-07,cylinder,39.5588889,-84.3041667
2013-07,,33.6888889,-78.8869444
2013-07,,40.579532,-74.150201
2013-07,,60.5372222,-150.7647222
2013-07,,25.8897222,-80.1869444
2013-07,,38.3497222,-81.6327778
2013-07,,43.0761111,-76.0011111
2013-07,,47.626208,-122.521245
2013-07,,30.4866667,-90.9561111
2013-07,,44.6388889,-70.0161111
2013-07,,41.6780556,-73.0113889
2013-07,,39.8494444,-75.3561111
2013-07,,37.320722,-119.565078
2013-07,,36.7236111,-120.0588889
2013-07,,38.8444444,-82.1372222
2013-07,,41.4858333,-73.0511111
2013-07,,47.6063889,-122.3308333
2013-07,,40.8000000,-96.6666667
2013-07,,33.6888889,-78.8869444
2013-07,,47.9130556,-122.0969444
2013-07,,22.890533,-109.916737
2013-07,,48.118146,-123.430741
2013-07,,34.2866667,-78.7013889
2013-07,,39.5350000,-119.7516667
2013-07,,38.6125000,-90.3244444
2013-07,,43.5408333,-116.5625000
2013-07,disk,42.9336111,-72.2786111
2013-07,disk,45.7811111,-122.5322222
2013-07,disk,48.8466667,-122.5897222
2013-07,disk,42.5875000,-72.6000000
2013-07,disk,41.4858333,-73.0511111
2013-07,egg,34.0005556,-118.1588889
2013-07,egg,34.6991667,-86.7483333
2013-07,changing,39.9611111,-82.9988889
2013-07,changing,47.7180556,-116.9505556
2013-07,changing,33.6058333,-78.9733333
2013-07,changing,48.3883333,-115.5550000
2013-07,sphere,41.8238889,-71.4133333
2013-07,sphere,33.6694444,-117.8222222
2013-07,sphere,44.2563889,-70.2566667
2013-07,sphere,40.4405556,-79.9961111
2013-07,sphere,45.6388889,-122.6602778
2013-07,sphere,39.7683333,-86.1580556
2013-07,sphere,42.9955556,-71.4552778
2013-07,sphere,45.9725000,-95.2919444
2013-07,sphere,34.163305,-118.384178
2013-07,sphere,48.1183333,-123.4294444
2013-07,sphere,30.2669444,-97.7427778
2013-07,sphere,38.6580556,-77.2500000
2013-07,sphere,25.4683333,-80.4777778
2013-07,sphere,30.4211111,-87.2169444
2013-07,sphere,41.314497,-81.83569
2013-07,sphere,43.3033333,-91.7855556
2013-07,sphere,35.6752778,-83.7558333
2013-07,sphere,47.2530556,-122.4430556
2013-07,sphere,37.6391667,-120.9958333
2013-07,sphere,48.7597222,-122.4869444
2013-07,sphere,47.1855556,-122.2916667
2013-07,rectangle,43.866667,-79.033333
2013-07,rectangle,47.6063889,-122.3308333
2013-07,rectangle,30.4111111,-88.8277778
2013-07,rectangle,38.213913,-77.69942
2013-07,rectangle,29.5847222,-81.2080556
2013-07,diamond,47.9130556,-122.0969444
2013-07,cross,39.011902,-98.484246
2013-07,cross,37.1752778,-113.2891667
2013-07,teardrop,26.9616667,-82.3527778
2013-08,light,40.0191667,-82.8794444
2013-08,light,44.427963,-110.588455
2013-08,light,45.4872222,-122.8025000
2013-08,light,28.1875000,-82.7397222
2013-08,light,35.3733333,-119.0177778
2013-08,light,28.5380556,-81.3794444
2013-08,light,39.9611111,-82.9988889
2013-08,light,45.4463889,-122.6380556
2013-08,light,39.9522222,-75.1641667
2013-08,light,32.7833333,-96.8000000
2013-08,light,38.3363889,-75.0852778
2013-08,light,35.0844444,-106.6505556
2013-08,light,37.8044444,-122.2697222
2013-08,light,40.7608333,-111.8902778
2013-08,light,47.6447222,-122.6936111
2013-08,light,47.4236111,-120.3091667
2013-08,light,39.5069444,-84.7452778
2013-08,light,36.9786111,-76.4283333
2013-08,light,38.6405,-105.988649
2013-08,light,41.9163889,-83.3977778
2013-08,light,47.3225000,-122.3113889
2013-08,light,44.0886111,-87.6575000
2013-08,light,50.666667,-120.333333
2013-08,light,45.383333,-73.75
2013-08,light,37.9444444,-87.4052778
2013-08,light,46.4163889,-117.0441667
2013-08,light,28.8002778,-81.2733333
2013-08,light,45.4541667,-94.5180556
2013-08,light,40.7616667,-73.3297222
2013-08,light,40.9166667,-74.1722222
2013-08,light,39.7091667,-84.0633333
2013-08,light,42.0083333,-91.6438889
2013-08,light,41.5666667,-86.5519444
2013-08,light,45.6797222,-111.0377778
2013-08,light,47.6777778,-116.7794444
2013-08,light,32.7733333,-92.4055556
2013-08,light,39.2688889,-84.2638889
2013-08,light,43.8991667,-71.1488889
2013-08,light,33.4933333,-112.3572222
2013-08,light,37.839333,-84.270018
2013-08,light,29.9675000,-98.9047222
2013-08,light,46.0038889,-112.5338889
2013-08,light,33.6000000,-117.6711111
2013-08,light,45.8322222,-93.4261111
2013-08,light,45.416667,-75.7
2013-08,light,38.8119444,-77.6366667
2013-08,light,44.5891667,-104.6961111
2013-08,light,36.7477778,-119.7713889
2013-08,light,41.6033333,-80.3055556
2013-08,light,40.1502778,-74.0313889
2013-08,light,28.280289,-81.60813
2013-08,circle,36.7133333,-112.2155556
2013-08,circle,44.5105556,-89.4261111
2013-08,circle,30.047433,-99.140319
2013-08,circle,53.542785,-113.903367
2013-08,circle,43.3766667,-72.3472222
2013-08,circle,39.1155556,-77.5638889
2013-08,circle,44.5433333,-68.4200000
2013-08,circle,41.6716667,-72.9497222
2013-08,circle,47.8850000,-120.1572222
2013-08,circle,32.7152778,-117.1563889
2013-08,circle,45.416667,-75.7
2013-08,circle,17.102742,42.63668
2013-08,circle,40.9977778,-72.2930556
2013-08,circle,42.6158333,-70.6625000
2013-08,circle,37.972334,-81.148713
2013-08,circle,46.8219444,-123.0950000
2013-08,circle,41.7255556,-87.8250000
2013-08,circle,36.1675000,-79.1680556
2013-08,circle,32.7152778,-117.1563889
2013-08,circle,30.8325000,-83.2786111
2013-08,circle,42.1616667,-79.3919444
2013-08,circle,44.016667,-78.716667
2013-08,circle,46.6022222,-120.5047222
2013-08,circle,43.666667,-79.416667
2013-08,circle,45.183342,-69.227082
2013-08,circle,46.1852778,-123.5847222
2013-08,circle,38.5394444,-75.0555556
2013-08,circle,44.1002778,-70.2152778
2013-08,circle,26.7052778,-80.0366667
2013-08,circle,9.931233,76.267304
2013-08,circle,33.4936111,-117.1475000
2013-08,circle,38.3030556,-77.4608333
2013-08,circle,42.4844444,-91.1227778
2013-08,circle,32.0497222,-92.1091667
2013-08,circle,34.0336111,-117.0422222
2013-08,circle,30.6325000,-97.6769444
2013-08,circle,34.7016667,-86.3758333
2013-08,formation,26.0519444,-80.1441667
2013-08,formation,37.4308333,-79.1233333
2013-08,formation,42.783333,-81.183333
2013-08,formation,41.3308333,-94.0136111
2013-08,formation,33.7630556,-81.2450000
2013-08,formation,41.5822222,-85.8344444
2013-08,formation,41.6005556,-93.6088889
2013-08,flash,38.5888889,-89.9902778
2013-08,flash,48.7597222,-122.4869444
2013-08,flash,32.7733333,-92.4055556
2013-08,flash,32.7677778,-117.0222222
2013-08,flash,26.5216667,-82.1894444
2013-08,triangle,42.5586111,-113.7630556
2013-08,triangle,48.366667,-53.866667
2013-08,triangle,40.9227778,-81.0191667
2013-08,triangle,3.043061,101.440657
2013-08,triangle,44.9238889,-92.9591667
2013-08,triangle,44.9280556,-74.8922222
2013-08,triangle,38.3497222,-81.6327778
2013-08,triangle,40.6083333,-75.4905556
2013-08,triangle,41.2222222,-73.0569444
2013-08,triangle,26.7052778,-80.0366667
2013-08,triangle,47.4158333,-120.2919444
2013-08,triangle,38.8916667,-121.2919444
2013-08,triangle,41.1575000,-81.2422222
2013-08,triangle,25.7738889,-80.1938889
2013-08,triangle,37.5950000,-120.9566667
2013-08,cigar,44.666667,-63.566667
2013-08,cigar,24.5552778,-81.7827778
2013-08,cigar,26.3583333,-80.0833333
2013-08,cigar,32.8950000,-97.5455556
2013-08,cigar,44.6497222,-93.2425000
2013-08,cigar,46.3580556,-94.2005556
2013-08,oval,40.6219444,-74.2450000
2013-08,oval,44.3105556,-69.7800000
2013-08,oval,47.7558333,-122.3402778
2013-08,oval,40.8538889,-74.8294444
2013-08,oval,45.5236111,-122.6750000
2013-08,oval,26.5216667,-82.1894444
2013-08,oval,26.5216667,-82.1894444
2013-08,oval,45.333333,-80.033333
2013-08,fireball,49.883333,-97.166667
2013-08,fireball,45.5230556,-122.9886111
2013-08,fireball,45.7811111,-122.5322222
2013-08,fireball,42.0027778,-71.5152778
2013-08,fireball,39.7588889,-84.1916667
2013-08,fireball,39.0519444,-82.6366667
2013-08,fireball,43.0730556,-89.4011111
2013-08,fireball,37.3394444,-121.8938889
2013-08,fireball,27.2936111,-80.3505556
2013-08,fireball,40.9169444,-72.6625000
2013-08,fireball,42.3444444,-88.0416667
2013-08,fireball,47.7180556,-116.9505556
2013-08,fireball,41.1383333,-81.8638889
2013-08,fireball,40.2100000,-75.5702778
2013-08,fireball,39.3638889,-76.4525000
2013-08,fireball,36.1580556,-81.8355556
2013-08,fireball,34.469611,-77.47191
2013-08,fireball,42.1200000,-85.5327778
2013-08,fireball,26.5216667,-82.1894444
2013-08,fireball,35.4777778,-94.2216667
2013-08,fireball,36.1750000,-115.1363889
2013-08,fireball,41.9266667,-73.9130556
2013-08,fireball,39.8775000,-84.3022222
2013-08,fireball,39.4013889,-76.6022222
2013-08,fireball,34.8555556,-86.7508333
2013-08,fireball,32.0000000,-80.8458333
2013-08,fireball,14.613333,-90.535278
2013-08,fireball,52.881484,20.619795
2013-08,fireball,40.7141667,-74.0063889
2013-08,fireball,37.2277778,-77.4022222
2013-08,fireball,38.5816667,-121.4933333
2013-08,fireball,42.0427778,-88.0797222
2013-08,fireball,39.0305556,-82.8244444
2013-08,fireball,43.633333,-80.033333
2013-08,fireball,34.0961111,-118.1050000
2013-08,fireball,38.6769444,-84.9069444
2013-08,fireball,41.7244444,-81.2458333
2013-08,fireball,29.8944444,-81.3147222
2013-08,cylinder,31.4627778,-90.8500000
2013-08,cylinder,42.0083333,-91.6438889
2013-08,cylinder,36.0725000,-79.7922222
2013-08,cylinder,26.443397,-82.111512
2013-08,,40.1302778,-75.5152778
2013-08,,37.9747222,-87.5558333
2013-08,,42.314937,-83.036363
2013-08,,35.6969444,-82.5608333
2013-08,,46.183333,-62.883333
2013-08,,58.816667,-122.533333
2013-08,,50.916667,13.366667
2013-08,,40.029835,-74.61849
2013-08,,43.25,-79.833333
2013-08,,42.820865,-82.486024
2013-08,,46.2400000,-116.6233333
2013-08,,43.886171,-80.001405
2013-08,,41.8500000,-87.6500000
2013-08,,37.2708333,-79.9416667
2013-08,,37.9480556,-122.0597222
2013-08,,19.9430556,-155.7902778
2013-08,,47.9791667,-122.2008333
2013-08,,41.2222222,-73.0569444
2013-08,,39.6000000,-75.9416667
2013-08,,40.1302778,-75.5152778
2013-08,,46.4111111,-86.6477778
2013-08,,53.233333,-.533333
2013-08,,50.016667,-125.25
2013-08,,41.8258333,-103.6600000
2013-08,,29.7352778,-94.9772222
2013-08,,26.1416667,-81.7950000
2013-08,,40.4405556,-79.9961111
2013-08,,35.7563889,-83.9705556
2013-08,,42.6291667,-73.8650000
2013-08,,38.9016667,-107.9258333
2013-08,,26.2375000,-80.1250000
2013-08,,32.2216667,-110.9258333
2013-08,disk,33.7458333,-117.8252778
2013-08,disk,28.5380556,-81.3794444
2013-08,disk,40.78306,-73.971249
2013-08,disk,49.883333,-97.166667
2013-08,disk,42.1291667,-80.0852778
2013-08,disk,42.0583333,-71.2500000
2013-08,disk,40.0991667,-83.1141667
2013-08,disk,30.5227778,-87.9033333
2013-08,disk,38.2511111,-87.5811111
2013-08,egg,36.8527778,-75.9783333
2013-08,changing,34.4208333,-119.6972222
2013-08,changing,44.5038889,-72.9980556
2013-08,changing,41.5066667,-83.1466667
2013-08,changing,36.1750000,-115.1363889
2013-08,changing,53.139954,-108.491104
2013-08,sphere,39.1513889,-97.8888889
2013-08,sphere,44.383333,-79.7
2013-08,sphere,27.9011111,-81.5861111
2013-08,sphere,36.4991667,-80.6075000
2013-08,sphere,37.7750000,-122.4183333
2013-08,sphere,40.2841667,-84.1555556
2013-08,sphere,44.8011111,-68.7783333
2013-08,sphere,47.9791667,-122.2008333
2013-08,sphere,38.2605556,-93.7727778
2013-08,sphere,41.8500000,-87.6500000
2013-08,sphere,38.2366667,-76.4975000
2013-08,sphere,47.65878,-117.426047
2013-08,sphere,41.6561111,-70.4166667
2013-08,sphere,41.1575000,-81.2422222
2013-08,sphere,42.6158333,-70.6625000
2013-08,sphere,35.0766667,-80.6694444
2013-08,sphere,34.0522222,-118.2427778
2013-08,sphere,36.1750000,-115.1363889
2013-08,sphere,42.7044444,-73.9119444
2013-08,sphere,38.8105556,-90.6997222
2013-08,sphere,39.7588889,-84.1916667
2013-08,sphere,8.983333,-79.516667
2013-08,rectangle,34.1063889,-117.5922222
2013-08,rectangle,41.2380556,-81.8419444
2013-08,rectangle,43.66625,-89.878577
2013-08,diamond,35.4741667,-83.3150000
2013-08,diamond,64.8377778,-147.7163889
2013-08,diamond,35.4741667,-83.3150000
2013-09,light,37.6922222,-97.3372222
2013-09,light,30.4327778,-93.9622222
2013-09,light,34.4263889,-100.2036111
2013-09,light,41.6611111,-72.7800000
2013-09,light,43.15,-79.5
2013-09,light,40.3488889,-85.1500000
2013-09,light,33.5422222,-117.7822222
2013-09,light,33.9791667,-118.0319444
2013-09,light,35.7477778,-95.3694444
2013-09,light,41.3252778,-82.4933333
2013-09,light,33.3702778,-112.5830556
2013-09,light,47.9791667,-122.2008333
2013-09,light,41.6005556,-93.6088889
2013-09,light,29.8830556,-97.9411111
2013-09,light,42.2172222,-73.8650000
2013-09,light,40.1855556,-75.4519444
2013-09,light,42.867869,-71.494832
2013-09,light,33.5975000,-112.2711111
2013-09,light,39.9536111,-74.1983333
2013-09,light,40.4991667,-77.7416667
2013-09,light,44.233333,-76.483333
2013-09,light,32.7152778,-117.1563889
2013-09,light,39.966779,-74.799607
2013-09,light,40.0377778,-76.3058333
2013-09,light,34.51994,-105.87009
2013-09,light,44.9583333,-124.0166667
2013-09,light,40.7319444,-73.1861111
2013-09,light,64.7511111,-147.3494444
2013-09,light,28.5491667,-81.7730556
2013-09,light,40.5719444,-85.7691667
2013-09,light,64.8377778,-147.7163889
2013-09,light,26.4611111,-80.0730556
2013-09,light,33.7475000,-116.9711111
2013-09,light,33.7688889,-89.8083333
2013-09,circle,42.0866667,-71.4750000
2013-09,circle,-20.166667,57.516667
2013-09,circle,39.4575000,-77.7491667
2013-09,circle,41.4738889,-81.5372222
2013-09,circle,43.4666667,-112.0333333
2013-09,circle,43.0944444,-79.0569444
2013-09,circle,38.9905556,-77.0263889
2013-09,circle,34.2625000,-118.4261111
2013-09,circle,36.3883333,-86.4466667
2013-09,circle,38.9011111,-77.2655556
2013-09,circle,41.7197222,-72.8325000
2013-09,circle,33.8358333,-79.0480556
2013-09,circle,33.4222222,-111.8219444
2013-09,circle,34.019454,-118.491191
2013-09,circle,35.0166667,-81.8041667
2013-09,circle,34.6777778,-76.9511111
2013-09,circle,40.645532,-74.012385
2013-09,circle,-29.85868,31.02184
2013-09,circle,35.9197222,-88.7588889
2013-09,circle,39.0838889,-77.1530556
2013-09,circle,42.7194444,-82.4922222
2013-09,circle,35.7913889,-78.7813889
2013-09,circle,43.6136111,-116.2025000
2013-09,circle,41.4994444,-81.6955556
2013-09,circle,41.7000000,-71.6833333
2013-09,circle,44.7344444,-74.1691667
2013-09,circle,33.6888889,-78.8869444
2013-09,formation,39.8427778,-82.8047222
2013-09,formation,29.4238889,-98.4933333
2013-09,formation,38.6172222,-121.3272222
2013-09,formation,42.7630556,-88.2141667
2013-09,formation,40.579532,-74.150201
2013-09,formation,35.7719444,-78.6388889
2013-09,formation,33.342667,-111.983996
2013-09,flash,43.3616667,-70.4772222
2013-09,flash,40.0333333,-83.1583333
2013-09,flash,40.8686111,-73.0019444
2013-09,flash,38.9580556,-76.2105556
2013-09,flash,39.8208333,-84.0194444
2013-09,flash,41.319948,-75.938048
2013-09,flash,33.8302778,-116.5444444
2013-09,triangle,45.5230556,-122.9886111
2013-09,triangle,29.028318,-81.303118
2013-09,triangle,32.7763889,-79.9311111
2013-09,triangle,33.5508333,-79.0416667
2013-09,triangle,39.7061111,-105.6969444
2013-09,triangle,24.817011,93.936844
2013-09,triangle,41.7858333,-88.1472222
2013-09,triangle,33.4222222,-111.8219444
2013-09,triangle,43.15,-79.5
2013-09,triangle,33.6188889,-117.9280556
2013-09,triangle,29.028318,-81.303118
2013-09,triangle,41.0813889,-81.5191667
2013-09,triangle,41.9402778,-85.0005556
2013-09,triangle,25.580832,-80.346859
2013-09,cigar,34.9744444,-92.0163889
2013-09,cigar,38.2119444,-85.2236111
2013-09,oval,36.7477778,-119.7713889
2013-09,oval,26.1219444,-80.1436111
2013-09,oval,39.7852778,-75.9791667
2013-09,oval,41.9269444,-73.9977778
2013-09,oval,42.6288889,-78.7377778
2013-09,oval,38.6038889,-89.8072222
2013-09,oval,40.0952778,-76.4102778
2013-09,oval,43.0986111,-77.4422222
2013-09,fireball,41.1383333,-81.8638889
2013-09,fireball,36.5297222,-87.3594444
2013-09,fireball,40.4841667,-88.9936111
2013-09,fireball,35.7327778,-84.3338889
2013-09,fireball,37.0944444,-88.0802778
2013-09,fireball,41.1305556,-85.1288889
2013-09,fireball,35.5322222,-97.9547222
2013-09,fireball,25.7738889,-80.1938889
2013-09,fireball,-34.928661,138.598633
2013-09,fireball,39.7219444,-85.8891667
2013-09,fireball,37.5455556,-97.2686111
2013-09,fireball,34.132163,-84.300666
2013-09,fireball,40.4555556,-109.5280556
2013-09,fireball,41.7000000,-71.4166667
2013-09,fireball,40.0333333,-83.1583333
2013-09,fireball,37.2872222,-121.9488889
2013-09,fireball,36.1750000,-115.1363889
2013-09,fireball,34.2283333,-118.5358333
2013-09,fireball,40.4897222,-111.9380556
2013-09,fireball,33.3061111,-111.8405556
2013-09,fireball,39.7391667,-104.9841667
2013-09,fireball,33.4669444,-117.6972222
2013-09,fireball,43.0388889,-87.9063889
2013-09,fireball,-32.276821,115.729782
2013-09,fireball,47.0380556,-122.8994444
2013-09,fireball,42.7261111,-87.7827778
2013-09,fireball,39.7091667,-84.0633333
2013-09,fireball,43.2255556,-74.1725000
2013-09,fireball,41.3683333,-82.1077778
2013-09,fireball,47.6063889,-122.3308333
2013-09,fireball,40.6883333,-75.2211111
2013-09,fireball,47.4830556,-122.2158333
2013-09,fireball,47.9791667,-122.2008333
2013-09,fireball,33.2097222,-87.5691667
2013-09,cylinder,41.5380556,-72.8075000
2013-09,cylinder,48.7600000,-98.3677778
2013-09,cylinder,26.6583333,-80.2416667
2013-09,cylinder,35.0844444,-106.6505556
2013-09,,35.2333333,-106.6638889
2013-09,,41.5950000,-72.6458333
2013-09,,33.8158333,-78.6802778
2013-09,,59.494638,10.839743
2013-09,,32.7833333,-96.8000000
2013-09,,43.1547222,-77.6158333
2013-09,,40.2697222,-74.8002778
2013-09,,41.9697222,-84.3083333
2013-09,,45.483333,-75.65
2013-09,,38.2008333,-84.8733333
2013-09,,51.582426,-0.09966
2013-09,,36.8527778,-75.9783333
2013-09,,39.729432,-104.83192
2013-09,,41.638889,-71.05
2013-09,,42.8583333,-70.9305556
2013-09,,47.6063889,-122.3308333
2013-09,,42.2041667,-72.6166667
2013-09,,35.0844444,-106.6505556
2013-09,,46.2830556,-96.0772222
2013-09,,38.6105556,-122.8680556
2013-09,,36.2716667,-83.1400000
2013-09,,30.2913889,-90.4019444
2013-09,,33.8925000,-86.7577778
2013-09,,40.8000000,-96.6666667
2013-09,,39.9611111,-82.9988889
2013-09,,40.7608333,-111.8902778
2013-09,,47.4538889,-122.3205556
2013-09,,44.8975000,-85.9852778
2013-09,,47.3075000,-122.2272222
2013-09,,51.083333,-114.083333
2013-09,,43.6136111,-116.2025000
2013-09,,39.6236111,-77.4111111
2013-09,,29.7858333,-82.0316667
2013-09,,43.0388889,-87.9063889
2013-09,,39.9402778,-82.0133333
2013-09,,40.0991667,-83.1141667
2013-09,,38.2972222,-122.2844444
2013-09,,35.1477778,-114.5675000
2013-09,,44.8586111,-93.6613889
2013-09,,39.5127778,-75.9516667
2013-09,,44.8113889,-91.4983333
2013-09,,33.6305556,-112.3325000
2013-09,,39.7047222,-105.0808333
2013-09,disk,40.4841667,-88.9936111
2013-09,disk,41.5380556,-72.8075000
2013-09,disk,38.6272222,-90.1977778
2013-09,disk,43.0652778,-76.0788889
2013-09,disk,39.7391667,-104.9841667
2013-09,disk,42.3875000,-71.1000000
2013-09,disk,33.4511111,-79.5611111
2013-09,disk,30.5080556,-97.6786111
2013-09,disk,33.8358333,-79.0480556
2013-09,changing,40.7875000,-82.7366667
2013-09,changing,35.0525000,-78.8786111
2013-09,changing,38.8105556,-90.6997222
2013-09,changing,39.3161111,-105.8922222
2013-09,changing,38.4022222,-122.8227778
2013-09,changing,44.5050000,-73.4805556
2013-09,changing,46.2113889,-119.1361111
2013-09,sphere,26.1272222,-80.2333333
2013-09,sphere,47.033333,-65.183333
2013-09,sphere,49.883333,-97.166667
2013-09,sphere,37.9402778,-97.8680556
2013-09,sphere,41.2844444,-84.3558333
2013-09,sphere,44.4652778,-72.6850000
2013-09,sphere,34.9244444,-80.7436111
2013-09,sphere,38.5816667,-121.4933333
2013-09,sphere,38.8902778,-77.0844444
2013-09,sphere,47.644539,-122.69487
2013-09,rectangle,41.1369444,-77.4472222
2013-09,rectangle,35.2675000,-75.5427778
2013-09,rectangle,41.5822222,-85.8344444
2013-09,chevron,26.6155556,-80.0572222
2013-09,chevron,37.4947222,-120.8455556
2013-09,chevron,27.1958333,-82.4905556
2013-09,diamond,44.5322222,-69.4430556
2013-09,diamond,39.0263889,-122.6708333
2013-09,diamond,41.079273,-85.139351
2013-09,diamond,35.9555556,-80.0055556
2013-09,cross,43.6794444,-70.4447222
2013-09,teardrop,36.5297222,-87.3594444
2013-09,teardrop,41.3772222,-71.8341667
2013-09,cone,35.2619444,-81.1875000
2013-10,light,43.7094444,-98.0294444
2013-10,light,33.730664,-87.284447
2013-10,light,35.0844444,-106.6505556
2013-10,light,32.7394444,-114.6338889
2013-10,light,41.0186111,-86.4133333
2013-10,light,38.3311111,-77.0513889
2013-10,light,43.25,-79.833333
2013-10,light,35.0525000,-78.8786111
2013-10,light,41.5291667,-120.1722222
2013-10,light,33.7222222,-116.3736111
2013-10,light,30.6033333,-87.9036111
2013-10,light,42.9730556,-120.7763889
2013-10,light,41.5291667,-120.1722222
2013-10,light,42.9602778,-90.1300000
2013-10,light,39.7850000,-85.7694444
2013-10,light,35.8422222,-90.7041667
2013-10,light,40.7705556,-74.2330556
2013-10,light,45.9933333,-123.9213889
2013-10,light,36.1450000,-82.4169444
2013-10,light,40.1672222,-105.1013889
2013-10,light,40.7844444,-75.7138889
2013-10,light,42.5522222,-106.7158333
2013-10,light,43.0280556,-73.3816667
2013-10,light,32.7152778,-117.1563889
2013-10,light,37.9577778,-121.2897222
2013-10,light,40.9780556,-81.7822222
2013-10,light,45.8322222,-93.4261111
2013-10,light,26.9338889,-80.0944444
2013-10,light,46.8738889,-96.7672222
2013-10,light,34.1619444,-97.4255556
2013-10,light,44.4905556,-73.1113889
2013-10,light,42.6333333,-71.3166667
2013-10,light,40.4166667,-86.8752778
2013-10,light,44.4758333,-73.2125000
2013-10,light,39.4561111,-77.9641667
2013-10,light,39.9522222,-75.1641667
2013-10,light,32.7938889,-79.8627778
2013-10,light,-27.42395,117.897392
2013-10,light,38.0291667,-78.4769444
2013-10,circle,41.7055556,-70.2291667
2013-10,circle,33.5919444,-84.2700000
2013-10,circle,45.5608333,-94.1622222
2013-10,circle,32.8572222,-116.9213889
2013-10,circle,42.8441667,-71.4802778
2013-10,circle,35.4713889,-93.4663889
2013-10,circle,33.9319444,-117.9452778
2013-10,circle,9.512017,100.013593
2013-10,circle,61.2180556,-149.9002778
2013-10,circle,44.0247222,-88.5425000
2013-10,circle,36.2805556,-80.3594444
2013-10,circle,40.1672222,-105.1013889
2013-10,circle,9.512017,100.013593
2013-10,circle,28.0183333,-82.1130556
2013-10,circle,39.5400000,-74.2572222
2013-10,circle,53.758684,10.936472
2013-10,circle,64.8377778,-147.7163889
2013-10,circle,41.611143,-86.722719
2013-10,circle,43.1811111,-95.8558333
2013-10,circle,37.5536111,-77.4605556
2013-10,circle,39.1072222,-76.5713889
2013-10,formation,28.9886111,-80.9025000
2013-10,formation,43.6122222,-116.3905556
2013-10,formation,39.3994444,-84.5613889
2013-10,formation,25.4683333,-80.4777778
2013-10,formation,31.968599,-99.901813
2013-10,formation,39.2866667,-86.7625000
2013-10,formation,41.8800000,-88.0077778
2013-10,formation,38.6272222,-90.1977778
2013-10,flash,40.2291667,-74.9372222
2013-10,flash,35.0844444,-106.6505556
2013-10,flash,33.9488889,-118.4447222
2013-10,flash,47.6588889,-117.4250000
2013-10,flash,34.5400000,-112.4677778
2013-10,flash,47.6588889,-117.4250000
2013-10,triangle,25.7902778,-80.1302778
2013-10,triangle,44.7791667,-93.3361111
2013-10,triangle,41.6638889,-83.5552778
2013-10,triangle,34.1761111,-85.1613889
2013-10,triangle,37.9886111,-84.4777778
2013-10,triangle,40.1933333,-85.3863889
2013-10,triangle,36.7280556,-76.5838889
2013-10,triangle,36.864209,-86.710273
2013-10,triangle,38.8105556,-90.6997222
2013-10,triangle,42.4927778,-92.3427778
2013-10,triangle,38.6272222,-90.1977778
2013-10,triangle,30.2669444,-97.7427778
2013-10,triangle,44.9430556,-123.0338889
2013-10,cigar,36.9741667,-122.0297222
2013-10,cigar,43.883333,-79.733333
2013-10,cigar,36.1658333,-86.7844444
2013-10,oval,32.7458333,-96.9975000
2013-10,oval,33.2000000,-117.2416667
2013-10,oval,47.8411111,-120.0152778
2013-10,oval,39.563109,-84.638562
2013-10,oval,34.0522222,-118.2427778
2013-10,oval,39.6416667,-77.7202778
2013-10,oval,47.6063889,-122.3308333
2013-10,oval,44.8113889,-91.4983333
2013-10,oval,21.4180556,-157.8036111
2013-10,oval,34.5400000,-112.4677778
2013-10,oval,36.9786111,-76.4283333
2013-10,fireball,39.7627778,-86.3997222
2013-10,fireball,30.4380556,-84.2808333
2013-10,fireball,40.2141667,-77.0088889
2013-10,fireball,43.2133333,-77.5800000
2013-10,fireball,41.0036111,-80.3472222
2013-10,fireball,38.807404,-122.740546
2013-10,fireball,44.6366667,-123.1047222
2013-10,fireball,38.4313889,-92.8408333
2013-10,fireball,40.4405556,-79.9961111
2013-10,fireball,34.6227778,-97.3961111
2013-10,fireball,34.1477778,-118.1436111
2013-10,fireball,26.5625000,-81.9497222
2013-10,fireball,40.8758333,-81.4025000
2013-10,fireball,33.3061111,-111.8405556
2013-10,fireball,42.4736111,-72.0066667
2013-10,fireball,39.5150000,-84.3983333
2013-10,fireball,29.6194444,-95.6347222
2013-10,fireball,41.8730556,-72.1219444
2013-10,fireball,40.417287,-82.907123
2013-10,fireball,35.0241667,-110.6966667
2013-10,fireball,39.1619444,-84.4569444
2013-10,fireball,39.4452778,-83.8286111
2013-10,fireball,32.7152778,-117.1563889
2013-10,cylinder,41.2586111,-95.9375000
2013-10,cylinder,39.532503,-119.89309
2013-10,cylinder,40.4677778,-84.1805556
2013-10,cylinder,32.7252778,-97.3205556
2013-10,cylinder,32.8138889,-96.9486111
2013-10,cylinder,38.7083333,-121.3288889
2013-10,,34.5636111,-111.8536111
2013-10,,33.5091667,-111.8983333
2013-10,,42.9275000,-123.2800000
2013-10,,40.4405556,-79.9961111
2013-10,,26.1416667,-81.7950000
2013-10,,50.75368,5.30209
2013-10,,42.6916667,-83.5541667
2013-10,,37.6775000,-113.0611111
2013-10,,40.7608333,-111.8902778
2013-10,,35.5463889,-77.0525000
2013-10,,40.683512,-74.376508
2013-10,,61.2180556,-149.9002778
2013-10,,38.9716667,-95.2350000
2013-10,,29.2094444,-99.7858333
2013-10,,41.7305556,-88.3458333
2013-10,,42.3608333,-85.8794444
2013-10,,28.8002778,-81.2733333
2013-10,,39.6472222,-75.9688889
2013-10,,42.392971,-81.842971
2013-10,,26.1219444,-80.1436111
2013-10,disk,45.0230556,-85.7597222
2013-10,disk,42.6525000,-73.7566667
2013-10,disk,34.0522222,-118.2427778
2013-10,disk,45.466667,-73.883333
2013-10,disk,40.103874,-105.170819
2013-10,changing,38.078918,13.512365
2013-10,changing,40.7141667,-74.0063889
2013-10,changing,26.6402778,-81.8725000
2013-10,changing,42.670782,-83.032993
2013-10,changing,42.2711111,-89.0938889
2013-10,sphere,39.9522222,-75.1641667
2013-10,sphere,45.766667,-79.4
2013-10,sphere,38.550608,-90.333172
2013-10,sphere,39.7463889,-84.2866667
2013-10,sphere,36.1155556,-97.0580556
2013-10,sphere,47.6588889,-117.4250000
2013-10,sphere,32.7355556,-97.1077778
2013-10,sphere,36.0152778,-83.4150000
2013-10,sphere,40.7608333,-111.8902778
2013-10,sphere,45.9,-82.25
2013-10,sphere,39.6133333,-105.0161111
2013-10,sphere,45.616667,-74.6
2013-10,sphere,39.1458333,-77.4172222
2013-10,sphere,32.5230556,-92.6377778
2013-10,sphere,38.2205556,-90.3958333
2013-10,rectangle,36.6305556,-119.6775000
2013-10,rectangle,47.6588889,-117.4250000
2013-10,rectangle,26.1416667,-81.7950000
2013-10,rectangle,19.541791,-155.101018
2013-10,rectangle,42.8352778,-89.0675000
2013-10,rectangle,41.867922,-80.566066
2013-10,chevron,43.4194444,-83.9508333
2013-10,chevron,28.0777778,-82.7638889
2013-10,chevron,41.6977778,-72.7241667
2013-10,diamond,51.386322,0.551438
2013-10,diamond,33.8358333,-118.3397222
2013-10,diamond,45.492034,-73.504175
2013-10,cross,39.9266667,-74.0775000
2013-10,teardrop,48.2766667,-116.5522222
2013-11,light,41.0180556,-75.9952778
2013-11,light,41.7013889,-71.1555556
2013-11,light,37.0058333,-121.5672222
2013-11,light,40.0391667,-76.4311111
2013-11,light,37.6922222,-97.3372222
2013-11,light,43.0638889,-77.2336111
2013-11,light,35.1083333,-81.0430556
2013-11,light,34.3738889,-80.0736111
2013-11,light,43.5408333,-116.5625000
2013-11,light,33.4269444,-117.6111111
2013-11,light,33.9791667,-118.0319444
2013-11,light,39.0288889,-104.4825000
2013-11,light,41.1919444,-111.9705556
2013-11,light,39.2402778,-76.8397222
2013-11,light,29.7630556,-95.3630556
2013-11,light,19.9430556,-155.7902778
2013-11,light,39.8027778,-105.0869444
2013-11,light,-0.95,100.353056
2013-11,light,35.9605556,-83.9208333
2013-11,light,39.7391667,-104.9841667
2013-11,light,34.4208333,-119.6972222
2013-11,light,41.6005556,-93.6088889
2013-11,light,40.057838,-74.137183
2013-11,light,42.4775000,-83.0277778
2013-11,light,43.916667,-80.083333
2013-11,light,41.1466667,-73.4952778
2013-11,light,43.6136111,-116.2025000
2013-11,light,34.7302778,-86.5861111
2013-11,light,34.1480556,-117.9980556
2013-11,light,31.5788889,-90.4405556
2013-11,light,28.9538889,-95.3594444
2013-11,light,44.0583333,-121.3141667
2013-11,light,52.683333,-113.566667
2013-11,light,38.9180556,-78.1947222
2013-11,light,28.8355556,-82.3305556
2013-11,light,38.812059,-77.636381
2013-11,light,44.4408333,-72.4169444
2013-11,light,42.8697222,-72.2822222
2013-11,circle,38.6986111,-77.5800000
2013-11,circle,35.6708333,-80.4744444
2013-11,circle,34.4838889,-114.3216667
2013-11,circle,33.9841667,-88.4880556
2013-11,circle,40.2736111,-76.8847222
2013-11,circle,38.9980556,-77.2886111
2013-11,circle,47.4936111,-92.7777778
2013-11,circle,45.9047222,-122.7427778
2013-11,circle,41.9902778,-70.9755556
2013-11,circle,39.5297222,-119.8127778
2013-11,circle,42.5791667,-71.4383333
2013-11,circle,31.2230556,-85.3905556
2013-11,circle,32.4205556,-104.2283333
2013-11,circle,29.5375000,-95.1180556
2013-11,circle,47.6483333,-117.0913889
2013-11,circle,44.1752778,-87.6491667
2013-11,circle,39.3258333,-77.3516667
2013-11,circle,39.1619444,-84.4569444
2013-11,circle,46.3,-63.216667
2013-11,circle,44.0583333,-121.3141667
2013-11,circle,34.9247222,-81.0252778
2013-11,circle,35.0255556,-76.8258333
2013-11,formation,30.2238889,-92.0197222
2013-11,formation,43.6461111,-72.4188889
2013-11,formation,40.7402778,-75.3100000
2013-11,formation,44.0463889,-123.0208333
2013-11,formation,38.780938,-90.78836
2013-11,formation,40.8813889,-82.6619444
2013-11,formation,47.0344444,-122.8219444
2013-11,formation,44.9250000,-93.4625000
2013-11,formation,41.6005556,-93.6088889
2013-11,formation,34.3580556,-86.2947222
2013-11,formation,35.6233333,-95.9602778
2013-11,formation,39.8494444,-75.3561111
2013-11,flash,35.397778,-97.652222
2013-11,flash,27.8425000,-82.6997222
2013-11,flash,44.8041667,-93.1666667
2013-11,flash,35.9938889,-78.8988889
2013-11,flash,44.5141667,-72.0113889
2013-11,triangle,43.5391667,-89.4625000
2013-11,triangle,43.9786111,-90.5038889
2013-11,triangle,33.6888889,-78.8869444
2013-11,triangle,46.2113889,-119.1361111
2013-11,triangle,38.2541667,-85.7594444
2013-11,triangle,41.0783333,-80.5994444
2013-11,triangle,31.2169444,-98.3930556
2013-11,triangle,44.4758333,-73.2125000
2013-11,triangle,35.7719444,-78.6388889
2013-11,triangle,41.1411111,-73.2641667
2013-11,triangle,35.0844444,-106.6505556
2013-11,triangle,32.7355556,-97.1077778
2013-11,triangle,42.5294444,-83.7802778
2013-11,triangle,41.9902778,-70.9755556
2013-11,triangle,39.8772222,-75.0650000
2013-11,triangle,29.5847222,-81.2080556
2013-11,triangle,43.6666667,-92.9744444
2013-11,triangle,38.4405556,-122.7133333
2013-11,triangle,45.95,-66.633333
2013-11,triangle,48.2766667,-116.5522222
2013-11,cigar,38.9666667,-94.6166667
2013-11,cigar,42.7261111,-87.7827778
2013-11,cigar,33.6694444,-117.8222222
2013-11,oval,42.3636111,-87.8447222
2013-11,oval,-37.813938,144.963425
2013-11,oval,42.7008333,-82.9591667
2013-11,oval,52.633333,1.3
2013-11,oval,40.3933333,-82.4858333
2013-11,oval,40.2755556,-75.4569444
2013-11,oval,38.6172222,-121.3272222
2013-11,oval,-0.589724,101.343106
2013-11,oval,39.8366667,-105.0366667
2013-11,oval,49.216667,-122.916667
2013-11,oval,43.5911111,-71.7372222
2013-11,fireball,40.5694444,-77.4030556
2013-11,fireball,33.4330556,-79.1216667
2013-11,fireball,41.6797222,-74.1508333
2013-11,fireball,38.6244444,-76.9394444
2013-11,fireball,47.2044444,-121.9902778
2013-11,fireball,32.4205556,-104.2283333
2013-11,fireball,21.8763889,-159.4538889
2013-11,fireball,34.2541667,-110.0291667
2013-11,fireball,44.2947222,-90.8513889
2013-11,fireball,27.6383333,-80.3975000
2013-11,fireball,35.0886111,-92.4419444
2013-11,fireball,42.3333333,-88.2666667
2013-11,fireball,45.4463889,-122.6380556
2013-11,fireball,42.5961111,-76.0936111
2013-11,fireball,33.8136111,-92.4127778
2013-11,fireball,31.3111111,-92.4450000
2013-11,fireball,27.6383333,-80.3975000
2013-11,fireball,44.7677778,-93.2775000
2013-11,fireball,38.9011111,-77.2655556
2013-11,fireball,41.9994444,-88.1450000
2013-11,cylinder,35.8027778,-88.7747222
2013-11,cylinder,28.5380556,-81.3794444
2013-11,,33.3061111,-111.8405556
2013-11,,34.3541667,-119.0583333
2013-11,,28.2438889,-82.7194444
2013-11,,40.8000000,-96.6666667
2013-11,,42.4500000,-73.2458333
2013-11,,42.4602778,-71.3494444
2013-11,,42.7491667,-91.6711111
2013-11,,46.6311111,-68.4066667
2013-11,,33.1191667,-117.0855556
2013-11,,37.2386111,-76.5100000
2013-11,,40.3222222,-98.5944444
2013-11,,32.2216667,-110.9258333
2013-11,,47.9447222,-122.3033333
2013-11,,36.877342,-77.404475
2013-11,,26.6402778,-81.8725000
2013-11,,42.4927778,-92.3427778
2013-11,,39.9719444,-74.6833333
2013-11,,29.7630556,-95.3630556
2013-11,,-33.480942,145.534348
2013-11,,33.5091667,-111.8983333
2013-11,,64.8377778,-147.7163889
2013-11,,40.5725,-111.859722
2013-11,,39.9008333,-74.8238889
2013-11,,35.6869444,-105.9372222
2013-11,disk,39.7683333,-86.1580556
2013-11,disk,33.7458333,-117.8252778
2013-11,disk,34.0522222,-118.2427778
2013-11,disk,37.5311111,-84.6619444
2013-11,disk,42.2586111,-87.8405556
2013-11,disk,41.8500000,-87.6500000
2013-11,changing,39.9008333,-76.6061111
2013-11,changing,32.0038889,-106.6052778
2013-11,changing,3.139003,101.686855
2013-11,changing,42.5583333,-71.2694444
2013-11,sphere,36.4991667,-80.6075000
2013-11,sphere,36.0600000,-86.6722222
2013-11,sphere,44.7791667,-93.3361111
2013-11,sphere,34.4269444,-77.5463889
2013-11,sphere,33.5805556,-112.2366667
2013-11,sphere,41.223,-111.97383
2013-11,sphere,32.7447222,-116.9980556
2013-11,sphere,40.2291667,-74.9372222
2013-11,sphere,36.7625000,-80.7350000
2013-11,sphere,36.8527778,-75.9783333
2013-11,sphere,40.1672222,-105.1013889
2013-11,rectangle,40.1302778,-75.5152778
2013-11,rectangle,32.7252778,-114.6236111
2013-11,rectangle,41.1669444,-73.2052778
2013-11,chevron,36.8527778,-75.9783333
2013-11,chevron,40.8066667,-74.1858333
2013-11,chevron,41.6213889,-72.7461111
2013-11,chevron,42.8666667,-106.3125000
2013-11,diamond,26.9338889,-80.0944444
2013-11,diamond,35.6869444,-105.9372222
2013-11,diamond,42.9633333,-85.6680556
2013-11,diamond,35.9250000,-86.8688889
2013-11,diamond,28.635308,77.22496
2013-11,diamond,45.5,-73.583333
2013-12,light,28.5380556,-81.3794444
2013-12,light,35.1083333,-77.0444444
2013-12,light,48.366667,-53.866667
2013-12,light,37.7750000,-122.4183333
2013-12,light,44.0463889,-123.0208333
2013-12,light,38.2972222,-122.2844444
2013-12,light,28.0391667,-81.9500000
2013-12,light,39.7391667,-104.9841667
2013-12,light,38.9605556,-89.0936111
2013-12,light,38.8119444,-94.5316667
2013-12,light,37.3394444,-121.8938889
2013-12,light,-19.26639,146.805695
2013-12,light,44.9444444,-93.0930556
2013-12,light,29.5072222,-95.0947222
2013-12,light,36.1197222,-80.0738889
2013-12,light,39.0061111,-77.4288889
2013-12,light,47.7180556,-116.9505556
2013-12,light,40.2969444,-111.6938889
2013-12,light,43.0125000,-83.6875000
2013-12,light,45.583333,-62.633333
2013-12,light,-32.366464,115.755576
2013-12,light,28.5688889,-81.5441667
2013-12,light,40.1550000,-74.8291667
2013-12,light,28.0777778,-82.7638889
2013-12,light,39.1619444,-84.4569444
2013-12,light,44.0463889,-123.0208333
2013-12,light,42.6111111,-71.5750000
2013-12,light,38.6272222,-90.1977778
2013-12,light,45.416667,-75.7
2013-12,light,28.7811111,-82.6152778
2013-12,light,36.6777778,-121.6544444
2013-12,light,34.1808333,-118.3080556
2013-12,light,33.7738889,-117.9405556
2013-12,light,49.343157,-82.154133
2013-12,light,37.3394444,-121.8938889
2013-12,light,40.5000000,-111.9500000
2013-12,light,46.8722222,-113.9930556
2013-12,light,31.4713889,-110.9758333
2013-12,light,41.7000000,-70.7633333
2013-12,circle,32.8786111,-82.4738889
2013-12,circle,40.4233333,-104.7086111
2013-12,circle,42.5588889,-88.0491667
2013-12,circle,41.2586111,-95.9375000
2013-12,circle,-36.84846,174.763332
2013-12,circle,44.5647222,-123.2608333
2013-12,circle,36.1750000,-115.1363889
2013-12,circle,33.4352778,-112.3575000
2013-12,circle,30.3319444,-81.6558333
2013-12,circle,38.6272222,-90.1977778
2013-12,circle,33.6102778,-117.7244444
2013-12,circle,45.6388889,-122.6602778
2013-12,circle,39.5538889,-104.9688889
2013-12,circle,26.5250000,-80.0666667
2013-12,circle,39.1625000,-76.6250000
2013-12,circle,32.7152778,-117.1563889
2013-12,circle,27.9091667,-82.7875000
2013-12,circle,33.8002778,-86.9422222
2013-12,circle,61.2180556,-149.9002778
2013-12,circle,43.6630556,-116.6863889
2013-12,circle,27.9472222,-82.4586111
2013-12,circle,52.766667,-108.283333
2013-12,circle,33.5988889,-117.2791667
2013-12,circle,42.9633333,-85.6680556
2013-12,circle,47.7627778,-120.6561111
2013-12,circle,40.6600000,-111.9955556
2013-12,circle,34.2255556,-77.9450000
2013-12,formation,42.1861111,-86.3083333
2013-12,formation,39.7588889,-84.1916667
2013-12,formation,43.5208333,-88.2288889
2013-12,formation,41.3116667,-81.5683333
2013-12,formation,33.8905556,-78.5686111
2013-12,formation,43.2166667,-123.3405556
2013-12,formation,43.6852778,-71.1172222
2013-12,formation,32.2216667,-110.9258333
2013-12,formation,27.0438889,-82.2361111
2013-12,flash,50.35,-3.583333
2013-12,flash,40.7608333,-111.8902778
2013-12,flash,45.5236111,-122.6750000
2013-12,flash,29.8241667,-83.5950000
2013-12,flash,42.9994444,-83.6163889
2013-12,flash,40.5000000,-111.9500000
2013-12,flash,43.8261111,-111.7888889
2013-12,flash,33.8158333,-78.6802778
2013-12,flash,43.0347222,-83.5180556
2013-12,triangle,53.983333,-1.533333
2013-12,triangle,40.330188,-79.730701
2013-12,triangle,37.9358333,-122.3466667
2013-12,triangle,39.103118,-84.51202
2013-12,triangle,42.586888,-82.919551
2013-12,triangle,27.411695,-82.428522
2013-12,triangle,38.4016667,-122.3597222
2013-12,triangle,38.6244444,-76.9394444
2013-12,triangle,39.8522222,-75.0683333
2013-12,triangle,47.9252778,-97.0325000
2013-12,triangle,41.1016667,-80.7647222
2013-12,triangle,38.6272222,-90.1977778
2013-12,triangle,34.6086111,-98.3900000
2013-12,cigar,41.9761111,-72.5922222
2013-12,cigar,30.1900000,-98.0863889
2013-12,cigar,38.8105556,-90.6997222
2013-12,oval,45.5236111,-122.6750000
2013-12,oval,41.5444444,-73.2094444
2013-12,oval,38.7838889,-90.4811111
2013-12,oval,40.6377778,-74.4513889
2013-12,oval,33.170278,-111.572222
2013-12,fireball,27.8161111,-80.4708333
2013-12,fireball,33.4150000,-111.5488889
2013-12,fireball,40.5058333,-75.6658333
2013-12,fireball,40.1672222,-105.1013889
2013-12,fireball,33.1958333,-117.3786111
2013-12,fireball,32.2216667,-110.9258333
2013-12,fireball,34.9202778,-82.2963889
2013-12,fireball,42.0027778,-71.5152778
2013-12,fireball,26.3583333,-80.0833333
2013-12,fireball,25.7738889,-80.1938889
2013-12,fireball,28.8002778,-81.2733333
2013-12,fireball,28.2486111,-81.2813889
2013-12,fireball,28.1758333,-80.5902778
2013-12,fireball,33.4130556,-82.3852778
2013-12,fireball,34.1013889,-84.5194444
2013-12,fireball,37.2386111,-76.5100000
2013-12,fireball,39.6180556,-75.0761111
2013-12,fireball,30.275784,-82.161518
2013-12,cylinder,-0.95,100.353056
2013-12,cylinder,25.7738889,-80.1938889
2013-12,cylinder,41.1572222,-85.4883333
2013-12,cylinder,28.7077778,-96.2172222
2013-12,,47.3225000,-122.3113889
2013-12,,39.1619444,-84.4569444
2013-12,,34.0522222,-118.2427778
2013-12,,37.7808333,-90.4216667
2013-12,,61.2180556,-149.9002778
2013-12,,39.2902778,-76.6125000
2013-12,,41.060222,-111.971053
2013-12,,35.6833333,-85.7700000
2013-12,,48.1172222,-122.7591667
2013-12,,30.6033333,-87.9036111
2013-12,,42.9855556,-72.6563889
2013-12,,39.7588889,-84.1916667
2013-12,,33.4222222,-111.8219444
2013-12,,42.7244444,-83.0361111
2013-12,,44.9800000,-93.2636111
2013-12,,30.0797222,-95.4169444
2013-12,,34.0005556,-81.0350000
2013-12,disk,34.5400000,-112.4677778
2013-12,disk,45.0761111,-93.3325000
2013-12,disk,26.9758333,-82.0908333
2013-12,disk,51.45,-2.583333
2013-12,disk,31.1277778,-92.0661111
2013-12,disk,39.8547222,-76.5647222
2013-12,egg,36.8527778,-75.9783333
2013-12,egg,38.3030556,-77.4608333
2013-12,egg,39.4152778,-81.4550000
2013-12,changing,35.0844444,-106.6505556
2013-12,changing,40.7038889,-105.0080556
2013-12,changing,26.2375000,-80.1250000
2013-12,changing,41.1383333,-81.8638889
2013-12,sphere,45.3038889,-93.5669444
2013-12,sphere,40.6083333,-75.4905556
2013-12,sphere,20.8366667,-156.3366667
2013-12,sphere,40.5186111,-74.4125000
2013-12,sphere,37.7750000,-122.4183333
2013-12,sphere,48.2200000,-122.6850000
2013-12,sphere,27.8002778,-97.3961111
2013-12,sphere,30.7619444,-86.5705556
2013-12,sphere,32.7355556,-97.1077778
2013-12,sphere,42.9708333,-82.4250000
2013-12,sphere,34.0519444,-118.0458333
2013-12,sphere,29.0386111,-95.6983333
2013-12,sphere,39.7391667,-104.9841667
2013-12,sphere,45.6797222,-111.0377778
2013-12,sphere,37.2638889,-122.0219444
2013-12,sphere,40.7988889,-81.3786111
2013-12,sphere,42.3636111,-87.8447222
2013-12,chevron,44.7538889,-108.7566667
2013-12,chevron,32.7152778,-117.1563889
2013-12,chevron,36.9102778,-121.7558333
2013-12,diamond,37.7750000,-122.4183333
2013-12,diamond,41.6716667,-72.9497222
2013-12,diamond,37.5058333,-77.6494444
2013-12,diamond,39.1638889,-119.7663889
2013-12,diamond,44.8877778,-94.3694444
2013-12,teardrop,33.7738889,-117.9405556
2014-01,light,30.2669444,-97.7427778
2014-01,light,38.3566667,-121.9866667
2014-01,light,14.613333,-90.535278
2014-01,light,43.6136111,-116.2025000
2014-01,light,33.7669444,-118.1883333
2014-01,light,35.7452778,-81.6850000
2014-01,light,33.9375000,-117.2297222
2014-01,light,37.4283333,-121.9055556
2014-01,light,33.6602778,-117.9983333
2014-01,light,25.8572222,-80.2783333
2014-01,light,40.2113889,-74.7883333
2014-01,light,33.5091667,-111.8983333
2014-01,light,32.2216667,-110.9258333
2014-01,light,47.3075000,-122.2272222
2014-01,light,-31.95224,115.861397
2014-01,light,29.9544444,-90.0750000
2014-01,light,40.7141667,-74.0063889
2014-01,light,26.1416667,-81.7950000
2014-01,light,44.9430556,-123.0338889
2014-01,light,37.5338889,-95.8263889
2014-01,light,44.2619444,-88.4152778
2014-01,light,47.6063889,-122.3308333
2014-01,light,39.0436111,-77.4877778
2014-01,light,33.5091667,-111.8983333
2014-01,light,32.2216667,-110.9258333
2014-01,light,33.4936111,-117.1475000
2014-01,light,43.0063889,-108.8816667
2014-01,light,37.2708333,-79.9416667
2014-01,light,40.5630556,-80.2086111
2014-01,light,41.1305556,-85.1288889
2014-01,light,35.8144444,-94.6283333
2014-01,light,39.7391667,-104.9841667
2014-01,circle,44.843106,-68.821982
2014-01,circle,38.2972222,-122.2844444
2014-01,circle,32.2216667,-110.9258333
2014-01,circle,34.5325000,-83.9850000
2014-01,circle,38.6766667,-84.3302778
2014-01,circle,26.0625000,-80.2333333
2014-01,circle,35.7719444,-78.6388889
2014-01,circle,29.7630556,-95.3630556
2014-01,circle,40.6591667,-78.7819444
2014-01,circle,40.4405556,-79.9961111
2014-01,circle,40.9355556,-74.1866667
2014-01,circle,34.6916667,-89.9772222
2014-01,circle,35.0141667,-85.2519444
2014-01,circle,36.0330556,-86.7827778
2014-01,circle,35.7719444,-78.6388889
2014-01,circle,33.6797222,-113.9438889
2014-01,circle,34.3916667,-118.5416667
2014-01,circle,29.119427,-81.351454
2014-01,formation,37.9736111,-122.5300000
2014-01,formation,37.4419444,-122.1419444
2014-01,formation,35.9797222,-78.5100000
2014-01,formation,38.8966667,-121.0758333
2014-01,formation,33.5205556,-86.8025000
2014-01,formation,38.8338889,-104.8208333
2014-01,formation,25.4683333,-80.4777778
2014-01,formation,32.7677778,-117.0222222
2014-01,flash,27.7705556,-82.6794444
2014-01,flash,44.916667,-65.166667
2014-01,flash,28.6772222,-99.8277778
2014-01,flash,29.1691667,-95.4316667
2014-01,flash,38.4088889,-121.3705556
2014-01,triangle,9.066667,7.483333
2014-01,triangle,40.7883333,-74.1336111
2014-01,triangle,40.0455556,-86.0086111
2014-01,triangle,41.0783333,-80.5994444
2014-01,triangle,42.8141667,-73.9400000
2014-01,triangle,41.1305556,-85.1288889
2014-01,triangle,41.8758333,-72.8016667
2014-01,triangle,39.5791667,-104.8763889
2014-01,triangle,39.3772222,-76.5400000
2014-01,triangle,35.7330556,-81.3413889
2014-01,triangle,43.4194444,-83.9508333
2014-01,triangle,39.7219444,-86.0900000
2014-01,triangle,33.7747222,-84.2963889
2014-01,triangle,33.6694444,-117.8222222
2014-01,triangle,34.8525000,-82.3941667
2014-01,cigar,39.9375000,-77.6613889
2014-01,oval,44.3000000,-120.8333333
2014-01,oval,40.7583333,-82.5155556
2014-01,oval,52.416667,-1.55
2014-01,oval,41.7055556,-70.2291667
2014-01,oval,40.9805556,-111.8866667
2014-01,fireball,34.4838889,-114.3216667
2014-01,fireball,40.6563889,-73.6097222
2014-01,fireball,33.963056,-117.563889
2014-01,fireball,40.7883333,-74.1336111
2014-01,fireball,39.5538889,-104.9688889
2014-01,fireball,41.7469444,-88.0502778
2014-01,fireball,25.7738889,-80.1938889
2014-01,fireball,27.3361111,-82.5308333
2014-01,fireball,39.8208333,-84.0194444
2014-01,,42.983333,-79.25
2014-01,,36.778261,-119.417932
2014-01,,36.2138889,-83.2950000
2014-01,,44.9430556,-123.0338889
2014-01,,34.0233333,-84.6155556
2014-01,,26.3180556,-80.1000000
2014-01,,38.8338889,-104.8208333
2014-01,,34.6080556,-82.1136111
2014-01,,50.716667,10
2014-01,,25.7738889,-80.1938889
2014-01,,43.970526,-89.816793
2014-01,,32.7152778,-117.1563889
2014-01,,45.5236111,-122.6750000
2014-01,,25.7902778,-80.1302778
2014-01,,45.3575000,-122.6055556
2014-01,,35.2269444,-80.8433333
2014-01,,33.6602778,-117.9983333
2014-01,,26.1336111,-80.1133333
2014-01,,38.4405556,-122.7133333
2014-01,,33.0580556,-112.0469444
2014-01,,45.5236111,-122.6750000
2014-01,,27.9472222,-82.4586111
2014-01,,35.8880556,-106.3063889
2014-01,,28.5491667,-81.7730556
2014-01,,45.416667,-75.7
2014-01,,37.941299,-122.048773
2014-01,,28.8002778,-81.2733333
2014-01,disk,41.3572222,-88.4211111
2014-01,disk,37.9975000,-121.7113889
2014-01,disk,40.1672222,-105.1013889
2014-01,egg,27.4986111,-82.5750000
2014-01,egg,42.3583333,-71.0602778
2014-01,egg,33.3061111,-111.8405556
2014-01,changing,38.6402778,-92.1222222
2014-01,changing,26.9338889,-80.0944444
2014-01,sphere,33.4041667,-79.9219444
2014-01,sphere,46.8722222,-113.9930556
2014-01,sphere,34.1808333,-118.3080556
2014-01,sphere,40.0394444,-84.2033333
2014-01,sphere,33.9533333,-117.3952778
2014-01,sphere,33.0580556,-112.0469444
2014-01,sphere,32.5447222,-94.3672222
2014-01,sphere,33.3966667,-84.5958333
2014-01,sphere,30.3116667,-95.4558333
2014-01,sphere,44.3730556,-71.6105556
2014-01,sphere,20.9033333,-156.3694444
2014-01,sphere,46.1469444,-122.9072222
2014-01,sphere,33.0183333,-80.1758333
2014-01,sphere,38.2541667,-85.7594444
2014-01,sphere,37.7561111,-94.3058333
2014-01,sphere,28.7555556,-82.0950000
2014-01,sphere,28.9002778,-81.2638889
2014-01,sphere,38.2544444,-104.6086111
2014-01,sphere,-28.780728,32.038286
2014-01,sphere,38.9180556,-78.1947222
2014-01,sphere,40.688295,-105.094018
2014-01,rectangle,26.0519444,-80.1441667
2014-01,rectangle,33.8722222,-117.8694444
2014-01,chevron,38.6272222,-90.1977778
2014-01,chevron,35.7563889,-83.9705556
2014-01,diamond,38.8808333,-77.3011111
2014-01,diamond,33.7877778,-117.8522222
2014-01,diamond,40.9008333,-73.3436111
2014-01,diamond,39.4866667,-74.8361111
2014-01,diamond,35.7719444,-78.6388889
2014-01,teardrop,30.4380556,-84.2808333
2014-01,cone,32.968388,-80.051162
2014-02,light,36.3125000,-95.6158333
2014-02,light,43.1547222,-77.6158333
2014-02,light,39.4141667,-77.4108333
2014-02,light,38.4597222,-75.7594444
2014-02,light,46.9738889,-124.1550000
2014-02,light,43.1547222,-77.6158333
2014-02,light,33.0197222,-96.6986111
2014-02,light,34.0900000,-117.8894444
2014-02,light,37.9577778,-121.2897222
2014-02,light,32.2216667,-110.9258333
2014-02,light,44.9133333,-93.5030556
2014-02,light,40.4494444,-80.2447222
2014-02,light,27.9375000,-82.2861111
2014-02,light,61.5997222,-149.1127778
2014-02,light,26.3180556,-80.1000000
2014-02,light,38.0291667,-78.4769444
2014-02,light,47.8555556,-121.9697222
2014-02,light,44.8513889,-123.1855556
2014-02,light,36.7477778,-119.7713889
2014-02,light,39.0833333,-78.2183333
2014-02,light,-31.95224,115.861397
2014-02,light,40.4405556,-79.9961111
2014-02,light,32.2216667,-110.9258333
2014-02,light,33.0580556,-112.0469444
2014-02,light,32.2216667,-110.9258333
2014-02,light,40.1855556,-75.4519444
2014-02,light,39.9522222,-75.1641667
2014-02,light,39.2022222,-83.6116667
2014-02,light,43.6136111,-116.2025000
2014-02,light,44.2044444,-93.8152778
2014-02,light,42.4683333,-82.9555556
2014-02,light,45.6388889,-122.6602778
2014-02,light,35.0844444,-106.6505556
2014-02,light,37.7361111,-120.9344444
2014-02,light,33.6602778,-117.9983333
2014-02,circle,37.9747222,-87.5558333
2014-02,circle,42.8641667,-78.2805556
2014-02,circle,32.594561,-99.687046
2014-02,circle,40.7141667,-74.0063889
2014-02,circle,37.0977778,-89.5625000
2014-02,circle,33.3805556,-84.7997222
2014-02,circle,38.6822222,-104.7002778
2014-02,circle,44.5105556,-89.4261111
2014-02,circle,43.6136111,-116.2025000
2014-02,circle,36.8188889,-76.2752778
2014-02,formation,37.1811111,-79.6175000
2014-02,formation,32.7763889,-79.9311111
2014-02,formation,38.907231,-77.036464
2014-02,formation,34.1705556,-118.8366667
2014-02,formation,36.1750000,-115.1363889
2014-02,formation,37.0763889,-79.8897222
2014-02,flash,35.7719444,-78.6388889
2014-02,triangle,40.8372222,-81.2597222
2014-02,triangle,29.9544444,-90.0750000
2014-02,triangle,39.3622222,-86.0847222
2014-02,triangle,35.1405556,-85.2327778
2014-02,triangle,32.479858,-86.361916
2014-02,triangle,26.5250000,-80.0666667
2014-02,cigar,48.7052778,-119.4383333
2014-02,cigar,35.1483333,-81.8611111
2014-02,cigar,38.6272222,-90.1977778
2014-02,cigar,35.9786111,-114.8316667
2014-02,oval,37.5736111,-113.7183333
2014-02,oval,35.845621,-86.39027
2014-02,oval,35.0455556,-85.3097222
2014-02,oval,39.7391667,-104.9841667
2014-02,oval,20.588793,-100.389888
2014-02,oval,32.0833333,-81.1000000
2014-02,oval,34.8980556,-86.7336111
2014-02,oval,33.4222222,-111.8219444
2014-02,fireball,33.6188889,-117.9280556
2014-02,fireball,30.3319444,-81.6558333
2014-02,fireball,36.878192,-121.947311
2014-02,fireball,27.1675000,-80.2663889
2014-02,fireball,43.4636111,-114.2597222
2014-02,fireball,40.7258333,-73.5147222
2014-02,fireball,39.2641667,-76.9927778
2014-02,fireball,46.8722222,-113.9930556
2014-02,fireball,41.3083333,-74.1450000
2014-02,fireball,39.9522222,-75.1641667
2014-02,fireball,40.7608333,-111.8902778
2014-02,fireball,44.4375000,-73.0686111
2014-02,fireball,41.8994444,-87.9402778
2014-02,fireball,26.0625000,-80.2333333
2014-02,fireball,39.0838889,-77.1530556
2014-02,fireball,38.4191667,-82.4452778
2014-02,cylinder,43.0972222,-89.5041667
2014-02,cylinder,37.99279,-87.507465
2014-02,cylinder,37.9747222,-87.5558333
2014-02,,36.9741667,-122.0297222
2014-02,,32.7947222,-116.9616667
2014-02,,25.7738889,-80.1938889
2014-02,,39.7683333,-86.1580556
2014-02,,42.6344444,-71.2463889
2014-02,,30.3319444,-81.6558333
2014-02,,42.2291667,-72.7305556
2014-02,,45.5236111,-122.6750000
2014-02,,40.0288889,-75.6211111
2014-02,,36.1750000,-115.1363889
2014-02,,35.6225000,-117.6700000
2014-02,,35.6225000,-117.6700000
2014-02,,39.5363889,-83.4391667
2014-02,,34.7744444,-96.6780556
2014-02,,38.2494444,-122.0388889
2014-02,,33.3527778,-111.7883333
2014-02,egg,37.422927,-122.087256
2014-02,changing,34.0005556,-81.0350000
2014-02,changing,42.8141667,-73.9400000
2014-02,changing,36.4991667,-80.6075000
2014-02,changing,48.0797222,-123.1005556
2014-02,sphere,35.0133333,-78.6941667
2014-02,sphere,47.6588889,-117.4250000
2014-02,sphere,36.1750000,-115.1363889
2014-02,sphere,37.6775000,-113.0611111
2014-02,sphere,36.7477778,-119.7713889
2014-02,sphere,36.8055556,-114.0663889
2014-02,sphere,33.1958333,-80.0133333
2014-02,sphere,44.6438889,-72.8297222
2014-02,sphere,28.5997222,-81.3394444
2014-02,sphere,39.9813889,-75.3569444
2014-02,sphere,43.0966667,-71.4655556
2014-02,sphere,46.216667,-63.483333
2014-02,chevron,35.9938889,-78.8988889
2014-02,diamond,50.054856,-119.414788
2014-02,diamond,34.6058333,-86.9833333
2014-02,diamond,12.971599,77.594563
2014-02,cross,35.6008333,-82.5541667
2014-02,cross,46.9755556,-123.8144444
2014-02,cone,47.1275000,-118.3788889
2014-03,light,38.6630556,-90.5769444
2014-03,light,37.4136111,-79.1425000
2014-03,light,39.1752778,-84.2944444
2014-03,light,33.8358333,-79.0480556
2014-03,light,41.1305556,-85.1288889
2014-03,light,26.6583333,-80.2416667
2014-03,light,51.240735,4.583423
2014-03,light,40.9275000,-73.9977778
2014-03,light,47.6063889,-122.3308333
2014-03,light,38.6272222,-90.1977778
2014-03,light,26.0625000,-80.2333333
2014-03,light,34.1083333,-117.2888889
2014-03,light,26.2513889,-80.1791667
2014-03,light,41.0050000,-75.2800000
2014-03,light,41.9433333,-75.6000000
2014-03,light,33.170278,-111.572222
2014-03,light,-31.95224,115.861397
2014-03,light,32.7763889,-79.9311111
2014-03,light,27.9472222,-82.4586111
2014-03,light,46.6633333,-123.8033333
2014-03,light,40.7141667,-74.0063889
2014-03,light,35.9552778,-96.0086111
2014-03,light,37.270702,-76.707457
2014-03,light,33.5311111,-111.9419444
2014-03,circle,60.0513889,-151.6688889
2014-03,circle,39.9522222,-75.1641667
2014-03,circle,32.7677778,-117.0222222
2014-03,circle,43.0386111,-85.6700000
2014-03,circle,35.2269444,-80.8433333
2014-03,circle,39.8288889,-84.8902778
2014-03,circle,28.0391667,-81.9500000
2014-03,circle,33.4936111,-117.1475000
2014-03,circle,52.333333,.083333
2014-03,circle,45.4872222,-122.8025000
2014-03,circle,45.387762,-76.579013
2014-03,circle,36.6002778,-121.8936111
2014-03,circle,41.2794444,-72.5988889
2014-03,circle,26.9338889,-80.0944444
2014-03,circle,35.0844444,-106.6505556
2014-03,circle,26.9294444,-82.0455556
2014-03,circle,-27.47101,153.024292
2014-03,circle,35.166158,-106.55304
2014-03,formation,26.627628,-80.13539
2014-03,formation,41.0602778,-111.9702778
2014-03,formation,34.0027778,-84.1447222
2014-03,formation,38.8902778,-77.0844444
2014-03,formation,33.9813889,-81.2363889
2014-03,formation,44.8480556,-93.0425000
2014-03,flash,33.6041667,-117.5861111
2014-03,triangle,35.7913889,-78.7813889
2014-03,triangle,47.7758333,-117.5450000
2014-03,triangle,37.6391667,-120.9958333
2014-03,triangle,28.0391667,-81.9500000
2014-03,triangle,40.0377778,-76.3058333
2014-03,triangle,34.2072222,-84.1402778
2014-03,triangle,47.978985,-122.202079
2014-03,triangle,40.3719444,-75.2930556
2014-03,triangle,35.0844444,-106.6505556
2014-03,triangle,35.6225000,-79.0786111
2014-03,triangle,27.9472222,-82.4586111
2014-03,cigar,35.834981,-79.93936
2014-03,cigar,34.5077778,-87.7286111
2014-03,cigar,35.2333333,-106.6638889
2014-03,oval,42.4183333,-71.1066667
2014-03,oval,32.7947222,-116.9616667
2014-03,oval,26.5250000,-80.0666667
2014-03,oval,42.4183333,-71.1066667
2014-03,oval,45.416667,-75.7
2014-03,oval,33.4708333,-81.9750000
2014-03,oval,21.2827778,-157.8016667
2014-03,oval,39.0702778,-76.5455556
2014-03,oval,41.6055556,-74.1844444
2014-03,fireball,35.2711111,-82.4416667
2014-03,fireball,-1.292066,36.821946
2014-03,fireball,39.8161111,-111.8547222
2014-03,fireball,33.398976,-110.862844
2014-03,fireball,41.4797222,-91.5811111
2014-03,fireball,21.195,72.819444
2014-03,fireball,32.9477778,-112.7161111
2014-03,fireball,28.5491667,-81.7730556
2014-03,fireball,47.6063889,-122.3308333
2014-03,fireball,30.694209,76.860565
2014-03,fireball,30.0797222,-95.4169444
2014-03,fireball,25.435801,81.846311
2014-03,fireball,41.1016667,-80.7647222
2014-03,cylinder,35.6505556,-78.4566667
2014-03,cylinder,40.7141667,-74.0063889
2014-03,,35.0072222,-80.9452778
2014-03,,33.0197222,-96.6986111
2014-03,,43.6122222,-116.3905556
2014-03,,45.5,-73.583333
2014-03,,38.6447222,-121.2711111
2014-03,,33.5988889,-117.2791667
2014-03,,28.2486111,-81.2813889
2014-03,,32.9808333,-80.0327778
2014-03,,31.4636111,-100.4366667
2014-03,,38.7083333,-121.3288889
2014-03,,29.7955556,-90.8227778
2014-03,,38.2919444,-122.4569444
2014-03,,34.150179,-118.354961
2014-03,,26.7052778,-80.0366667
2014-03,,51.422892,5.557136
2014-03,,39.4666667,-87.4138889
2014-03,,32.3344444,-96.1511111
2014-03,disk,41.6005556,-93.6088889
2014-03,disk,26.0569444,-80.2719444
2014-03,disk,33.771541,72.751092
2014-03,disk,32.7947222,-116.9616667
2014-03,egg,44.0522222,-123.0855556
2014-03,changing,48.4213889,-122.3327778
2014-03,sphere,53.386944,-6.377778
2014-03,sphere,33.4269444,-117.6111111
2014-03,sphere,34.2072222,-84.1402778
2014-03,sphere,36.5950000,-82.1888889
2014-03,sphere,35.7111111,-78.6144444
2014-03,sphere,41.676355,-86.25199
2014-03,sphere,33.9730556,-79.7472222
2014-03,sphere,33.5386111,-112.1852778
2014-03,sphere,44.0077778,-116.9155556
2014-03,sphere,29.5955556,-90.7194444
2014-03,sphere,45.6,-73.733333
2014-03,sphere,47.5675000,-122.6313889
2014-03,rectangle,43.7980556,-73.0880556
2014-03,rectangle,37.5736111,-113.7183333
2014-03,rectangle,33.4222222,-111.8219444
2014-03,diamond,33.7738889,-117.9405556
2014-03,teardrop,34.0552778,-117.7513889
2014-03,teardrop,42.0963889,-83.2919444
2014-04,light,38.8338889,-104.8208333
2014-04,light,33.2111111,-111.8747222
2014-04,light,27.6383333,-80.3975000
2014-04,light,35.1894444,-114.0522222
2014-04,light,18.196013,120.592668
2014-04,light,41.6475000,-88.0894444
2014-04,light,41.0333333,-74.6388889
2014-04,light,36.3319444,-94.1183333
2014-04,light,45.815011,15.981919
2014-04,light,35.1494444,-90.0488889
2014-04,light,32.4608333,-84.9877778
2014-04,light,32.7947222,-116.9616667
2014-04,light,27.273049,-80.358226
2014-04,light,45.8708333,-112.0966667
2014-04,light,55.865652,-3.066151
2014-04,light,38.2919444,-122.4569444
2014-04,light,43.0388889,-87.9063889
2014-04,light,29.4238889,-98.4933333
2014-04,light,30.2552778,-88.1097222
2014-04,light,43.1547222,-77.6158333
2014-04,light,33.7838889,-116.9577778
2014-04,light,28.0680556,-80.5605556
2014-04,light,32.8383333,-116.9730556
2014-04,light,27.1675000,-80.2663889
2014-04,light,33.9561111,-83.9880556
2014-04,light,41.3947222,-73.4544444
2014-04,light,36.1750000,-115.1363889
2014-04,light,33.523971,-114.6551
2014-04,light,47.7575000,-122.2427778
2014-04,light,40.6300000,-74.4277778
2014-04,light,39.4141667,-77.4108333
2014-04,light,33.036222,-85.032244
2014-04,light,31.0408333,-83.0752778
2014-04,light,45.0847222,-93.0097222
2014-04,light,40.3244444,-79.7013889
2014-04,light,34.0983333,-118.3258333
2014-04,circle,38.965359,-89.417464
2014-04,circle,46.216667,-63.483333
2014-04,circle,28.8355556,-82.3305556
2014-04,circle,42.6780556,-88.2761111
2014-04,circle,26.5625000,-81.9497222
2014-04,circle,43.6136111,-116.2025000
2014-04,circle,38.2541667,-85.7594444
2014-04,circle,37.4241667,-122.1650000
2014-04,circle,44.998823,-110.69353
2014-04,circle,28.198096,-82.432994
2014-04,circle,44.5191667,-88.0197222
2014-04,circle,32.7141667,-97.1561111
2014-04,circle,27.273049,-80.358226
2014-04,circle,47.677683,-116.780466
2014-04,circle,34.5008333,-117.1850000
2014-04,circle,36.0988889,-78.3013889
2014-04,circle,27.3361111,-82.5308333
2014-04,circle,42.5005556,-90.6644444
2014-04,circle,47.2530556,-122.4430556
2014-04,circle,47.7575000,-122.2427778
2014-04,formation,38.2541667,-85.7594444
2014-04,formation,25.858244,-81.385069
2014-04,formation,31.9677778,-110.2938889
2014-04,formation,45.5947222,-121.1775000
2014-04,formation,33.4936111,-117.1475000
2014-04,formation,30.2552778,-88.1097222
2014-04,formation,26.2125000,-80.2500000
2014-04,flash,61.2180556,-149.9002778
2014-04,flash,45.2086111,-117.8641667
2014-04,flash,36.0397222,-114.9811111
2014-04,flash,27.0438889,-82.2361111
2014-04,triangle,40.9627778,-74.1333333
2014-04,triangle,26.1719444,-80.1322222
2014-04,triangle,35.4305556,-82.5013889
2014-04,triangle,33.6675000,-79.8308333
2014-04,triangle,42.4775000,-83.0277778
2014-04,triangle,39.4438889,-82.8272222
2014-04,triangle,28.4055556,-80.6050000
2014-04,triangle,53.55,-113.5
2014-04,triangle,30.7619444,-86.5705556
2014-04,triangle,37.7477778,-84.2947222
2014-04,triangle,33.3327778,-94.3425000
2014-04,triangle,33.2888889,-117.2247222
2014-04,triangle,47.3925000,-121.3988889
2014-04,triangle,42.9316667,-76.5663889
2014-04,triangle,40.3236111,-75.0602778
2014-04,triangle,37.4947222,-120.8455556
2014-04,triangle,38.8822222,-77.1713889
2014-04,triangle,34.0633333,-117.6500000
2014-04,oval,30.3319444,-81.6558333
2014-04,oval,37.2872222,-121.9488889
2014-04,oval,53.899645,-110.21629
2014-04,oval,45.4944444,-122.8658333
2014-04,fireball,32.7291667,-82.7200000
2014-04,fireball,27.1675000,-80.2663889
2014-04,fireball,37.3394444,-121.8938889
2014-04,fireball,27.273049,-80.358226
2014-04,fireball,32.2216667,-110.9258333
2014-04,fireball,42.5030556,-83.1836111
2014-04,fireball,26.2125000,-80.2500000
2014-04,fireball,41.1338889,-81.4847222
2014-04,fireball,43.333333,-79.883333
2014-04,cylinder,32.3502778,-108.7080556
2014-04,cylinder,56.083333,-3.466667
2014-04,cylinder,41.385064,2.173403
2014-04,cylinder,37.6922222,-97.3372222
2014-04,cylinder,34.2241667,-118.2391667
2014-04,cylinder,43.7069444,-73.3116667
2014-04,,38.9822222,-94.6705556
2014-04,,26.6250000,-81.6250000
2014-04,,56.25,-3.166667
2014-04,,30.1763889,-85.8055556
2014-04,,32.3344444,-96.1511111
2014-04,,30.6941667,-88.0430556
2014-04,,32.7947222,-116.9616667
2014-04,,55.744925,-97.850871
2014-04,,38.4344444,-82.1325000
2014-04,,10.666667,-61.516667
2014-04,,27.5872222,-82.4252778
2014-04,,28.9002778,-81.2638889
2014-04,,41.5527778,-81.5102778
2014-04,,34.8766667,-117.1030556
2014-04,,35.5511111,-80.4066667
2014-04,,34.2572222,-118.6002778
2014-04,,44.000113,-85.965555
2014-04,,42.2586111,-79.3480556
2014-04,,39.3772222,-76.5400000
2014-04,,37.7361111,-120.9344444
2014-04,,42.8886111,-88.0383333
2014-04,disk,40.9436111,-78.9711111
2014-04,disk,41.0238889,-81.1636111
2014-04,disk,28.5380556,-81.3794444
2014-04,disk,43.1161111,-75.4041667
2014-04,disk,42.0083333,-91.6438889
2014-04,disk,33.9533333,-117.3952778
2014-04,disk,43.3150000,-71.6213889
2014-04,changing,45.6388889,-122.6602778
2014-04,changing,-31.95224,115.861397
2014-04,changing,25.03428,-77.39628
2014-04,changing,39.819722,-75.122778
2014-04,sphere,28.3505556,-80.7255556
2014-04,sphere,33.4483333,-112.0733333
2014-04,sphere,39.8775000,-84.3022222
2014-04,sphere,39.9611111,-82.9988889
2014-04,sphere,42.7919444,-83.6277778
2014-04,sphere,33.7222222,-116.3736111
2014-04,sphere,36.039525,-114.981721
2014-04,sphere,47.3327778,-93.1969444
2014-04,sphere,37.6625000,-121.8736111
2014-04,sphere,40.0108333,-89.2822222
2014-04,sphere,41.1305556,-85.1288889
2014-04,sphere,39.7391667,-104.9841667
2014-04,sphere,48.1958333,-114.3119444
2014-04,sphere,33.6608333,-95.5552778
2014-04,sphere,29.7630556,-95.3630556
2014-04,sphere,35.6144444,-88.8138889
2014-04,rectangle,28.2916667,-81.4077778
2014-04,rectangle,33.8358333,-79.0480556
2014-04,rectangle,33.1191667,-117.0855556
2014-04,chevron,38.8461111,-77.3066667
2014-04,diamond,40.7608333,-111.8902778
2014-04,diamond,42.9336111,-72.2786111
2014-04,cross,34.7302778,-86.5861111
2014-04,cross,53.116667,-1.266667
2014-04,cone,42.3266667,-122.8744444
2014-05,light,46.9966667,-120.5466667
2014-05,light,25.8572222,-80.2783333
2014-05,light,40.3144444,-89.1697222
2014-05,light,35.8275000,-83.9408333
2014-05,circle,41.2222222,-73.0569444
2014-05,circle,34.9244444,-80.7436111
2014-05,circle,41.3908333,-72.8600000
2014-05,circle,34.9244444,-80.7436111
2014-05,circle,33.4222222,-111.8219444
2014-05,circle,45.9175000,-119.3413889
2014-05,formation,34.9247222,-81.0252778
2014-05,triangle,35.406252,-81.399826
2014-05,triangle,53.316667,-3.1
2014-05,triangle,43.225,-79.98
2014-05,triangle,42.9633333,-85.6680556
2014-05,triangle,37.5866667,-84.7938889
2014-05,triangle,37.4136111,-79.1425000
2014-05,triangle,6.485247,116.732846
2014-05,cigar,33.1505556,-96.8233333
2014-05,oval,43.8247222,-71.3036111
2014-05,fireball,36.3302778,-119.2911111
2014-05,fireball,41.3080556,-72.9286111
2014-05,fireball,42.3313889,-83.0458333
2014-05,,41.4858333,-73.0511111
2014-05,,61.2180556,-149.9002778
2014-05,,34.7302778,-86.5861111
2014-05,,39.1366667,-77.7150000
2014-05,,44.9430556,-123.0338889
2014-05,,21.3069444,-157.8583333
2014-05,,40.2561111,-75.4641667
2014-05,,38.8338889,-104.8208333
2014-05,,40.5302778,-104.7108333
2014-05,sphere,30.0797222,-95.4169444
2014-05,sphere,36.0588889,-88.0977778
2014-05,sphere,40.0530556,-111.6727778
2014-05,sphere,36.9741667,-122.0297222
2014-05,rectangle,35.1494444,-90.0488889
